{
  "type": "FeatureCollection",
  "name": "AD",
  "features": [
    {
      "type": "Feature",
      "geometry": {
        "type": "MultiPolygon",
        "coordinates": [
          [
            [
              [
                1.707006470000067,
                42.50278147400006
              ],
              [
                1.697498006000075,
                42.49446156900011
              ],
              [
                1.68633589600006,
                42.49061167500007
              ],
              [
                1.674243611000065,
                42.490508321000036
              ],
              [
                1.662358032000043,
                42.49371226
              ],
              [
                1.659774210000137,
                42.496812846000054
              ],
              [
                1.656983683000078,
                42.497639669000066
              ],
              [
                1.653986450000076,
                42.496528626000085
              ],
              [
                1.650369100000091,
                42.49340220200013
              ],
              [
                1.639517049000119,
                42.466427104
              ],
              [
                1.607477661000132,
                42.45642771400007
              ],
              [
                1.544432414000084,
                42.45035573400013
              ],
              [
                1.538851359000091,
                42.44565317800006
              ],
              [
                1.534510539000109,
                42.43991709400008
              ],
              [
                1.528206014000091,
                42.434232686000044
              ],
              [
                1.516630493000122,
                42.42950429300005
              ],
              [
                1.508465617000127,
                42.42867747000004
              ],
              [
                1.447900838000066,
                42.43464609800007
              ],
              [
                1.436428670000055,
                42.44095062300006
              ],
              [
                1.436428670000055,
                42.453482158000085
              ],
              [
                1.407593221000099,
                42.48676178000004
              ],
              [
                1.424543090000014,
                42.49247202600007
              ],
              [
                1.430227498000079,
                42.493557231000054
              ],
              [
                1.449967895000043,
                42.50407338400002
              ],
              [
                1.446557251000087,
                42.51988637400002
              ],
              [
                1.428987264000114,
                42.53146189400006
              ],
              [
                1.406456339000101,
                42.52923980800007
              ],
              [
                1.409763631000089,
                42.54060862200005
              ],
              [
                1.426300090000097,
                42.561795960000026
              ],
              [
                1.426403442000122,
                42.56564585400007
              ],
              [
                1.418031860000042,
                42.56983164500009
              ],
              [
                1.419272095000082,
                42.57926259400004
              ],
              [
                1.424853150000104,
                42.589365336000085
              ],
              [
                1.42929732200011,
                42.59538564100005
              ],
              [
                1.451414836000112,
                42.60205190100005
              ],
              [
                1.466814412000105,
                42.64145518000005
              ],
              [
                1.498440389000109,
                42.64024078400003
              ],
              [
                1.527792602000062,
                42.64853485200008
              ],
              [
                1.543088827000133,
                42.64936167400002
              ],
              [
                1.597349081000061,
                42.62192148900006
              ],
              [
                1.608304484000143,
                42.618123271000016
              ],
              [
                1.721992635000049,
                42.60985504200006
              ],
              [
                1.713310995000086,
                42.58954620400006
              ],
              [
                1.729434041000076,
                42.5820014450001
              ],
              [
                1.752688435000067,
                42.57667877200005
              ],
              [
                1.761107147000132,
                42.567646197
              ],
              [
                1.765090780000151,
                42.56337209100003
              ],
              [
                1.739976033000119,
                42.56164093000005
              ],
              [
                1.721682577000138,
                42.54851511600002
              ],
              [
                1.710623820000137,
                42.52774119100006
              ],
              [
                1.707006470000067,
                42.50278147400006
              ]
            ]
          ]
        ]
      }
    }
  ]
}