{
  "type": "FeatureCollection",
  "features": [
    {
      "type": "Feature",
      "geometry": {
        "type": "Polygon",
        "coordinates": [
          [
            [
              66.5186068,
              37.3627843
            ],
            [
              66.2173849,
              37.3937902
            ],
            [
              65.7456307,
              37.661164
            ],
            [
              65.5889478,
              37.3052168
            ],
            [
              64.7461052,
              37.1118177
            ],
            [
              64.5464791,
              36.3120733
            ],
            [
              63.9828959,
              36.0079575
            ],
            [
              63.1935384,
              35.8571656
            ],
            [
              62.9846623,
              35.4040408
            ],
            [
              62.2306515,
              35.270664
            ],
            [
              61.2108171,
              35.6500723
            ],
            [
              60.8031934,
              34.4041019
            ],
            [
              60.5284298,
              33.676446
            ],
            [
              60.9637004,
              33.5288323
            ],
            [
              60.5360779,
              32.9812688
            ],
            [
              60.8636548,
              32.1829196
            ],
            [
              60.9419446,
              31.5480747
            ],
            [
              61.6993144,
              31.3795061
            ],
            [
              61.7812216,
              30.7358503
            ],
            [
              60.8742485,
              29.829239
            ],
            [
              62.5498568,
              29.3185725
            ],
            [
              63.5502609,
              29.4683308
            ],
            [
              64.1480022,
              29.3408192
            ],
            [
              64.3504187,
              29.5600306
            ],
            [
              65.046862,
              29.4721807
            ],
            [
              66.3464726,
              29.8879434
            ],
            [
              66.3814576,
              30.7388992
            ],
            [
              66.9388912,
              31.3049112
            ],
            [
              67.6833936,
              31.3031542
            ],
            [
              67.7926892,
              31.5829304
            ],
            [
              68.556932,
              31.71331
            ],
            [
              68.9266769,
              31.6201891
            ],
            [
              69.3177641,
              31.9014123
            ],
            [
              69.262522,
              32.5019441
            ],
            [
              69.6871473,
              33.105499
            ],
            [
              70.3235942,
              33.3585326
            ],
            [
              69.9305432,
              34.0201201
            ],
            [
              70.881803,
              33.9888559
            ],
            [
              71.1567733,
              34.3489114
            ],
            [
              71.1150188,
              34.7331257
            ],
            [
              71.6130762,
              35.1532034
            ],
            [
              71.4987679,
              35.6505633
            ],
            [
              71.2623483,
              36.0743875
            ],
            [
              71.8462919,
              36.5099423
            ],
            [
              72.9200249,
              36.720007
            ],
            [
              74.0675517,
              36.8361756
            ],
            [
              74.5758928,
              37.0208414
            ],
            [
              75.1580278,
              37.1330309
            ],
            [
              74.9800025,
              37.4199901
            ],
            [
              73.9486959,
              37.4215663
            ],
            [
              73.2600558,
              37.4952569
            ],
            [
              72.6368897,
              37.0475581
            ],
            [
              72.1930408,
              36.9482877
            ],
            [
              71.8446383,
              36.7381713
            ],
            [
              71.4486935,
              37.0656448
            ],
            [
              71.5419178,
              37.9057744
            ],
            [
              71.2394039,
              37.9532651
            ],
            [
              71.3481311,
              38.2589053
            ],
            [
              70.8068205,
              38.4862816
            ],
            [
              70.3763042,
              38.1383959
            ],
            [
              70.2705742,
              37.7351647
            ],
            [
              70.1165784,
              37.5882228
            ],
            [
              69.5187854,
              37.6089967
            ],
            [
              69.1962728,
              37.1511435
            ],
            [
              68.8594458,
              37.3443358
            ],
            [
              68.1355624,
              37.0231151
            ],
            [
              67.8299996,
              37.144994
            ],
            [
              67.0757821,
              37.3561439
            ],
            [
              66.5186068,
              37.3627843
            ]
          ]
        ]
      }
    }
  ]
}