{
  "type": "FeatureCollection",
  "name": "AG",
  "features": [
    {
      "type": "Feature",
      "geometry": {
        "type": "MultiPolygon",
        "coordinates": [
          [
            [
              [
                -61.88361568899995,
                17.04901764500005
              ],
              [
                -61.87922115799995,
                17.06045156500005
              ],
              [
                -61.882801886999914,
                17.07021719000005
              ],
              [
                -61.88243567599994,
                17.07880280200004
              ],
              [
                -61.86620032499991,
                17.086859442000048
              ],
              [
                -61.87336178299995,
                17.089544989000046
              ],
              [
                -61.89415442599994,
                17.100531317000048
              ],
              [
                -61.88312740799995,
                17.110500393000052
              ],
              [
                -61.86538652299993,
                17.11782461100006
              ],
              [
                -61.842355923999946,
                17.12441640800006
              ],
              [
                -61.850453253999945,
                17.137640692000048
              ],
              [
                -61.84878495999993,
                17.14948151200008
              ],
              [
                -61.83967037699995,
                17.159857489000046
              ],
              [
                -61.82526607999995,
                17.168768622000073
              ],
              [
                -61.79336503799993,
                17.164943752000056
              ],
              [
                -61.78066972599993,
                17.14716217700004
              ],
              [
                -61.77301998599995,
                17.12653229400007
              ],
              [
                -61.756418423999946,
                17.114162502000056
              ],
              [
                -61.75544186099995,
                17.12303294500009
              ],
              [
                -61.75275631399995,
                17.12889232000009
              ],
              [
                -61.74331620999993,
                17.141506252000056
              ],
              [
                -61.7376195949999,
                17.132961330000057
              ],
              [
                -61.72984778599994,
                17.12799713700008
              ],
              [
                -61.72008216099994,
                17.12636953300006
              ],
              [
                -61.70860755099994,
                17.127834377000056
              ],
              [
                -61.71349036399994,
                17.12254466400009
              ],
              [
                -61.71629798099991,
                17.118801174000055
              ],
              [
                -61.72052975199995,
                17.116115627000056
              ],
              [
                -61.72964433499993,
                17.114162502000056
              ],
              [
                -61.72508704299992,
                17.09983958500004
              ],
              [
                -61.714833136999914,
                17.093085028000075
              ],
              [
                -61.70164954299992,
                17.093451239000046
              ],
              [
                -61.68809973899994,
                17.100531317000048
              ],
              [
                -61.68065344999991,
                17.100531317000048
              ],
              [
                -61.67552649599992,
                17.09560781500005
              ],
              [
                -61.67210852799991,
                17.090643622000073
              ],
              [
                -61.66759192599994,
                17.079413153000075
              ],
              [
                -61.674387173999946,
                17.079901434000078
              ],
              [
                -61.68814042899993,
                17.078924872000073
              ],
              [
                -61.69493567599994,
                17.079413153000075
              ],
              [
                -61.685658331999946,
                17.06826406500005
              ],
              [
                -61.6770727199999,
                17.062933661000045
              ],
              [
                -61.67218990799995,
                17.057562567000048
              ],
              [
                -61.67442786399994,
                17.04588450700004
              ],
              [
                -61.68569902299993,
                17.028550523000092
              ],
              [
                -61.69701087099992,
                17.027818101000037
              ],
              [
                -61.70995032499991,
                17.03416575700004
              ],
              [
                -61.726226365999935,
                17.03847890800006
              ],
              [
                -61.73399817599994,
                17.034857489000046
              ],
              [
                -61.734364386999914,
                17.025783596000053
              ],
              [
                -61.72964433499993,
                17.001166083000044
              ],
              [
                -61.73713131399995,
                16.98924388200004
              ],
              [
                -61.75352942599994,
                16.99681224200009
              ],
              [
                -61.76976477799991,
                17.010972398000092
              ],
              [
                -61.77684485599991,
                17.01854075700004
              ],
              [
                -61.78359941299993,
                17.016913153000075
              ],
              [
                -61.80406653599994,
                17.00731028900009
              ],
              [
                -61.81786048099991,
                17.00495026200008
              ],
              [
                -61.83869381399995,
                17.004828192000048
              ],
              [
                -61.85171464799993,
                17.007635809000078
              ],
              [
                -61.883656378999945,
                17.026271877000056
              ],
              [
                -61.89037024599992,
                17.03538646000004
              ],
              [
                -61.88361568899995,
                17.04901764500005
              ]
            ]
          ],
          [
            [
              [
                -61.83893795499995,
                17.59332916900007
              ],
              [
                -61.85179602799991,
                17.58657461100006
              ],
              [
                -61.85728919199994,
                17.60097890800006
              ],
              [
                -61.859364386999914,
                17.641791083000044
              ],
              [
                -61.86392167899993,
                17.66014232000009
              ],
              [
                -61.86974036399994,
                17.675482489000046
              ],
              [
                -61.87385006399995,
                17.691148179000038
              ],
              [
                -61.873036261999914,
                17.710638739000046
              ],
              [
                -61.86937415299991,
                17.70734284100007
              ],
              [
                -61.86782792899993,
                17.70408763200004
              ],
              [
                -61.86620032499991,
                17.69635651200008
              ],
              [
                -61.86009680899991,
                17.68423086100006
              ],
              [
                -61.84422766799992,
                17.665961005000042
              ],
              [
                -61.83893795499995,
                17.655422268000052
              ],
              [
                -61.83922278599994,
                17.641424872000073
              ],
              [
                -61.84316972599993,
                17.62958405200004
              ],
              [
                -61.84316972599993,
                17.62018463700008
              ],
              [
                -61.83145097599993,
                17.613836981000077
              ],
              [
                -61.82648678299995,
                17.632473049000055
              ],
              [
                -61.82502193899995,
                17.657945054000038
              ],
              [
                -61.83120683499993,
                17.680487372000073
              ],
              [
                -61.84919186099995,
                17.69013092700004
              ],
              [
                -61.85643469999991,
                17.70107656500005
              ],
              [
                -61.851673956999946,
                17.72028229400007
              ],
              [
                -61.83779863199993,
                17.727687893000052
              ],
              [
                -61.81786048099991,
                17.703192450000074
              ],
              [
                -61.82457434799994,
                17.699367580000057
              ],
              [
                -61.83145097599993,
                17.69635651200008
              ],
              [
                -61.81822669199994,
                17.691839911000045
              ],
              [
                -61.79727128799993,
                17.69879791900007
              ],
              [
                -61.78429114499994,
                17.69635651200008
              ],
              [
                -61.76817786399994,
                17.68463776200008
              ],
              [
                -61.75426184799994,
                17.668768622000073
              ],
              [
                -61.74327551999994,
                17.65135325700004
              ],
              [
                -61.73591061099995,
                17.634914455000057
              ],
              [
                -61.72874915299991,
                17.60496653900009
              ],
              [
                -61.727772589999915,
                17.588446356000077
              ],
              [
                -61.72964433499993,
                17.572821356000077
              ],
              [
                -61.736398891999954,
                17.554022528000075
              ],
              [
                -61.74327551999994,
                17.550604559000078
              ],
              [
                -61.753570115999935,
                17.55149974200009
              ],
              [
                -61.77065995999993,
                17.54555898600006
              ],
              [
                -61.77696692599994,
                17.563421942000048
              ],
              [
                -61.79474850199995,
                17.576117255000042
              ],
              [
                -61.83893795499995,
                17.59332916900007
              ]
            ]
          ],
          [
            [
              [
                -62.345589180022046,
                16.93913955217448
              ],
              [
                -62.34460506906287,
                16.94040483769342
              ],
              [
                -62.343058608984165,
                16.940896893173008
              ],
              [
                -62.342918021704286,
                16.938366322135128
              ],
              [
                -62.343058608984165,
                16.935062521057894
              ],
              [
                -62.34446448178299,
                16.932531950020014
              ],
              [
                -62.34706534646081,
                16.931969600900484
              ],
              [
                -62.34826033833981,
                16.93365664825907
              ],
              [
                -62.34727622738063,
                16.93738221117595
              ],
              [
                -62.345589180022046,
                16.93913955217448
              ]
            ]
          ]
        ]
      }
    }
  ]
}