{
  "type": "FeatureCollection",
  "name": "AI",
  "features": [
    {
      "type": "Feature",
      "geometry": {
        "type": "MultiPolygon",
        "coordinates": [
          [
            [
              [
                -63.001220703125,
                18.22177734374999
              ],
              [
                -63.16000976562499,
                18.17138671875
              ],
              [
                -63.1533203125,
                18.20029296874999
              ],
              [
                -63.026025390624994,
                18.269726562499997
              ],
              [
                -62.97958984374999,
                18.264794921874994
              ],
              [
                -63.001220703125,
                18.22177734374999
              ]
            ]
          ]
        ]
      }
    }
  ]
}