{
  "type": "FeatureCollection",
  "features": [
    {
      "type": "Feature",
      "geometry": {
        "type": "Polygon",
        "coordinates": [
          [
            [
              21.0200403,
              40.842727
            ],
            [
              20.6051819,
              41.0862263
            ],
            [
              20.4631751,
              41.515089
            ],
            [
              20.5902474,
              41.8554042
            ],
            [
              20.5902465,
              41.8554089
            ],
            [
              20.52295,
              42.21787
            ],
            [
              20.2837545,
              42.3202595
            ],
            [
              20.0707,
              42.58863
            ],
            [
              19.8016134,
              42.5000935
            ],
            [
              19.7380514,
              42.6882474
            ],
            [
              19.3044861,
              42.1957451
            ],
            [
              19.3717682,
              41.8775507
            ],
            [
              19.3717688,
              41.8775475
            ],
            [
              19.5400273,
              41.7199861
            ],
            [
              19.4035498,
              41.4095657
            ],
            [
              19.3190589,
              40.7272301
            ],
            [
              19.406082,
              40.2507734
            ],
            [
              19.9600017,
              39.9150058
            ],
            [
              19.9800004,
              39.6949934
            ],
            [
              20.1500159,
              39.6249977
            ],
            [
              20.6150004,
              40.1100068
            ],
            [
              20.6749968,
              40.4349999
            ],
            [
              20.9999899,
              40.580004
            ],
            [
              21.0200403,
              40.842727
            ]
          ]
        ]
      }
    }
  ]
}