{
  "type": "FeatureCollection",
  "features": [
    {
      "type": "Feature",
      "geometry": {
        "type": "MultiPolygon",
        "coordinates": [
          [
            [
              [
                -57.6251334,
                -30.2162949
              ],
              [
                -56.2908996,
                -28.8527605
              ],
              [
                -55.1622863,
                -27.8819154
              ],
              [
                -54.4907253,
                -27.4747568
              ],
              [
                -53.6487353,
                -26.9234726
              ],
              [
                -53.628349,
                -26.124865
              ],
              [
                -54.1300496,
                -25.5476393
              ],
              [
                -54.6252907,
                -25.7392555
              ],
              [
                -54.7887949,
                -26.6217856
              ],
              [
                -55.6958455,
                -27.387837
              ],
              [
                -56.4867016,
                -27.548499
              ],
              [
                -57.6097597,
                -27.3958985
              ],
              [
                -58.6181736,
                -27.1237188
              ],
              [
                -57.63366,
                -25.6036565
              ],
              [
                -57.7772172,
                -25.1623398
              ],
              [
                -58.8071285,
                -24.7714592
              ],
              [
                -60.028966,
                -24.0327963
              ],
              [
                -60.8465647,
                -23.8807126
              ],
              [
                -62.6850571,
                -22.2490292
              ],
              [
                -62.8464685,
                -22.0349854
              ],
              [
                -63.9868381,
                -21.9936443
              ],
              [
                -64.377021,
                -22.7980913
              ],
              [
                -64.9648921,
                -22.0758615
              ],
              [
                -66.2733394,
                -21.8323105
              ],
              [
                -67.1066736,
                -22.7359246
              ],
              [
                -66.9852339,
                -22.9863486
              ],
              [
                -67.328443,
                -24.0253032
              ],
              [
                -68.417653,
                -24.5185548
              ],
              [
                -68.3860011,
                -26.1850164
              ],
              [
                -68.5947998,
                -26.5069089
              ],
              [
                -68.2955416,
                -26.8993397
              ],
              [
                -69.0012349,
                -27.5212139
              ],
              [
                -69.6561303,
                -28.4591411
              ],
              [
                -70.0135504,
                -29.3679229
              ],
              [
                -69.9190083,
                -30.3363392
              ],
              [
                -70.5350689,
                -31.3650103
              ],
              [
                -70.0743994,
                -33.0912098
              ],
              [
                -69.814777,
                -33.273886
              ],
              [
                -69.8173091,
                -34.1935715
              ],
              [
                -70.3880495,
                -35.1696876
              ],
              [
                -70.3647693,
                -36.0050888
              ],
              [
                -71.1218807,
                -36.6581239
              ],
              [
                -71.118625,
                -37.5768275
              ],
              [
                -70.8146643,
                -38.5529953
              ],
              [
                -71.4135166,
                -38.9160222
              ],
              [
                -71.6807613,
                -39.8081642
              ],
              [
                -71.915734,
                -40.8323394
              ],
              [
                -71.7468038,
                -42.0513864
              ],
              [
                -72.1488981,
                -42.2548882
              ],
              [
                -71.915424,
                -43.4085645
              ],
              [
                -71.4640562,
                -43.7876112
              ],
              [
                -71.7936226,
                -44.2071721
              ],
              [
                -71.3298008,
                -44.4075217
              ],
              [
                -71.2227789,
                -44.7842429
              ],
              [
                -71.6593156,
                -44.9736887
              ],
              [
                -71.5520094,
                -45.5607329
              ],
              [
                -71.9172585,
                -46.8848381
              ],
              [
                -72.4473553,
                -47.7385328
              ],
              [
                -72.3311609,
                -48.2442384
              ],
              [
                -72.6482474,
                -48.8786183
              ],
              [
                -73.4154358,
                -49.3184364
              ],
              [
                -73.3280509,
                -50.3787851
              ],
              [
                -72.9757468,
                -50.7414503
              ],
              [
                -72.3099735,
                -50.6770098
              ],
              [
                -72.3294039,
                -51.4259563
              ],
              [
                -71.9148038,
                -52.0090223
              ],
              [
                -69.4983622,
                -52.1427609
              ],
              [
                -68.5715454,
                -52.2994439
              ],
              [
                -68.1499949,
                -52.3499834
              ],
              [
                -68.8155615,
                -51.771104
              ],
              [
                -69.1385392,
                -50.7325103
              ],
              [
                -68.7287451,
                -50.2642184
              ],
              [
                -67.8160876,
                -49.8696689
              ],
              [
                -67.166179,
                -48.6973373
              ],
              [
                -65.9850883,
                -48.1332891
              ],
              [
                -65.6410266,
                -47.2361345
              ],
              [
                -66.5970664,
                -47.0339247
              ],
              [
                -67.5805464,
                -46.301773
              ],
              [
                -67.2937939,
                -45.5518963
              ],
              [
                -66.5099658,
                -45.0396278
              ],
              [
                -65.5652689,
                -45.0367856
              ],
              [
                -65.3288234,
                -44.5013661
              ],
              [
                -65.181804,
                -43.495381
              ],
              [
                -64.3788039,
                -42.8735584
              ],
              [
                -63.458059,
                -42.5631381
              ],
              [
                -63.7559478,
                -42.0436866
              ],
              [
                -64.303408,
                -42.3590162
              ],
              [
                -64.9785606,
                -42.058001
              ],
              [
                -65.1180352,
                -41.0643149
              ],
              [
                -64.7320898,
                -40.8026771
              ],
              [
                -63.7704948,
                -41.1667892
              ],
              [
                -62.7458028,
                -41.0287615
              ],
              [
                -62.1459944,
                -40.6768967
              ],
              [
                -62.330531,
                -40.1725864
              ],
              [
                -62.1257631,
                -39.4241049
              ],
              [
                -62.335957,
                -38.8277072
              ],
              [
                -61.2374452,
                -38.9284246
              ],
              [
                -59.2318571,
                -38.7202202
              ],
              [
                -57.7491569,
                -38.1838705
              ],
              [
                -56.7882853,
                -36.9015715
              ],
              [
                -56.7374874,
                -36.4131259
              ],
              [
                -57.3623588,
                -35.9773902
              ],
              [
                -57.2258296,
                -35.2880266
              ],
              [
                -58.4954421,
                -34.4314898
              ],
              [
                -58.4270741,
                -33.9094544
              ],
              [
                -58.3496112,
                -33.263189
              ],
              [
                -58.1326477,
                -33.0405669
              ],
              [
                -58.1424404,
                -32.0445037
              ],
              [
                -57.8749373,
                -31.0165561
              ],
              [
                -57.6251334,
                -30.2162949
              ]
            ]
          ],
          [
            [
              [
                -68.6340102,
                -52.6363705
              ],
              [
                -68.63335,
                -54.8695
              ],
              [
                -67.56244,
                -54.87001
              ],
              [
                -66.95992,
                -54.89681
              ],
              [
                -66.45,
                -55.25
              ],
              [
                -65.5,
                -55.2
              ],
              [
                -65.05,
                -54.7
              ],
              [
                -66.45,
                -54.45
              ],
              [
                -67.75,
                -53.85
              ],
              [
                -68.25,
                -53.1
              ],
              [
                -68.6340102,
                -52.6363705
              ]
            ]
          ]
        ]
      }
    }
  ]
}