{
  "type": "FeatureCollection",
  "features": [
    {
      "type": "Feature",
      "geometry": {
        "type": "Polygon",
        "coordinates": [
          [
            [
              16.9796668,
              48.123497
            ],
            [
              16.8799829,
              48.4700133
            ],
            [
              16.9602881,
              48.5969823
            ],
            [
              16.4992827,
              48.785808
            ],
            [
              16.0296473,
              48.733899
            ],
            [
              15.2534156,
              49.0390742
            ],
            [
              14.9014474,
              48.9644018
            ],
            [
              14.3388977,
              48.5553053
            ],
            [
              13.5959457,
              48.8771719
            ],
            [
              13.2433574,
              48.4161148
            ],
            [
              12.8841028,
              48.2891458
            ],
            [
              13.0258513,
              47.6375835
            ],
            [
              12.932627,
              47.4676456
            ],
            [
              12.6207597,
              47.6723876
            ],
            [
              12.1413575,
              47.7030834
            ],
            [
              11.426414,
              47.5237662
            ],
            [
              10.544504,
              47.5663992
            ],
            [
              10.4020838,
              47.3024877
            ],
            [
              9.8960681,
              47.5801968
            ],
            [
              9.5942261,
              47.5250581
            ],
            [
              9.6329318,
              47.3476012
            ],
            [
              9.4799695,
              47.10281
            ],
            [
              9.9324484,
              46.9207281
            ],
            [
              10.4427015,
              46.8935463
            ],
            [
              11.0485559,
              46.7513585
            ],
            [
              11.1648279,
              46.9415795
            ],
            [
              12.153088,
              47.1153932
            ],
            [
              12.3764852,
              46.7675591
            ],
            [
              13.8064755,
              46.5093061
            ],
            [
              14.6324716,
              46.4318173
            ],
            [
              15.1370919,
              46.6587027
            ],
            [
              16.0116639,
              46.6836107
            ],
            [
              16.2022982,
              46.852386
            ],
            [
              16.5342676,
              47.496171
            ],
            [
              16.3405843,
              47.7129019
            ],
            [
              16.9037541,
              47.7148656
            ],
            [
              16.9796668,
              48.123497
            ]
          ]
        ]
      }
    }
  ]
}