{
  "type": "FeatureCollection",
  "features": [
    {
      "type": "Feature",
      "geometry": {
        "type": "MultiPolygon",
        "coordinates": [
          [
            [
              [
                126.1487138,
                -32.2159661
              ],
              [
                127.1028675,
                -32.2822669
              ],
              [
                128.2409375,
                -31.9484889
              ],
              [
                129.5357939,
                -31.5904229
              ],
              [
                131.3263306,
                -31.4958033
              ],
              [
                132.2880807,
                -31.982647
              ],
              [
                132.9907768,
                -32.0112241
              ],
              [
                134.2739026,
                -32.6172336
              ],
              [
                134.0859038,
                -32.8480722
              ],
              [
                134.6134168,
                -33.222778
              ],
              [
                135.2392184,
                -33.9479534
              ],
              [
                135.2082125,
                -34.4786703
              ],
              [
                135.9890434,
                -34.8901181
              ],
              [
                136.3720691,
                -34.0947661
              ],
              [
                136.9968372,
                -33.7527715
              ],
              [
                137.8103276,
                -32.900007
              ],
              [
                137.890116,
                -33.6404786
              ],
              [
                137.5038863,
                -34.1302678
              ],
              [
                137.352371,
                -34.7073386
              ],
              [
                136.8294056,
                -35.2605348
              ],
              [
                137.7191704,
                -35.076825
              ],
              [
                138.2075643,
                -34.3847226
              ],
              [
                138.4494617,
                -35.1272612
              ],
              [
                138.1207479,
                -35.6122962
              ],
              [
                139.0828081,
                -35.732754
              ],
              [
                139.5741476,
                -36.1383623
              ],
              [
                139.8065882,
                -36.6436028
              ],
              [
                139.9921582,
                -37.4029363
              ],
              [
                140.6385787,
                -38.0193328
              ],
              [
                141.6065817,
                -38.3085141
              ],
              [
                142.1783297,
                -38.3800343
              ],
              [
                142.7454269,
                -38.5382675
              ],
              [
                143.6099736,
                -38.8094654
              ],
              [
                144.4856824,
                -38.0853236
              ],
              [
                145.0322124,
                -37.8961878
              ],
              [
                144.8769764,
                -38.417448
              ],
              [
                145.4896521,
                -38.593768
              ],
              [
                146.317922,
                -39.0357565
              ],
              [
                146.9221228,
                -38.6065321
              ],
              [
                147.381733,
                -38.2192172
              ],
              [
                148.3046224,
                -37.8090614
              ],
              [
                149.4238823,
                -37.7726812
              ],
              [
                149.997284,
                -37.4252605
              ],
              [
                149.9461243,
                -37.1090524
              ],
              [
                150.075212,
                -36.4202056
              ],
              [
                150.3282198,
                -35.6718792
              ],
              [
                150.7141394,
                -35.17346
              ],
              [
                151.0105555,
                -34.3103602
              ],
              [
                151.3439718,
                -33.8160235
              ],
              [
                151.7091175,
                -33.0413421
              ],
              [
                152.4500025,
                -32.5500025
              ],
              [
                152.8915776,
                -31.6404457
              ],
              [
                153.0896017,
                -30.9236419
              ],
              [
                153.0692412,
                -30.3502402
              ],
              [
                153.3390955,
                -29.4582016
              ],
              [
                153.5121082,
                -28.9950774
              ],
              [
                153.569469,
                -28.1100668
              ],
              [
                153.092909,
                -27.2602996
              ],
              [
                153.1619487,
                -26.6413193
              ],
              [
                153.1361621,
                -26.0711732
              ],
              [
                152.8551974,
                -25.2675013
              ],
              [
                152.0735397,
                -24.4578867
              ],
              [
                151.6091752,
                -24.0762562
              ],
              [
                150.8995545,
                -23.4622368
              ],
              [
                150.7272653,
                -22.4024049
              ],
              [
                150.4829391,
                -22.5561423
              ],
              [
                150.0773824,
                -22.1227837
              ],
              [
                149.678337,
                -22.3425119
              ],
              [
                149.2894202,
                -21.2605108
              ],
              [
                148.7174654,
                -20.6334689
              ],
              [
                148.8484135,
                -20.3912098
              ],
              [
                148.1776018,
                -19.9559392
              ],
              [
                147.4710816,
                -19.4807228
              ],
              [
                146.3874785,
                -18.958274
              ],
              [
                146.0636739,
                -18.2800725
              ],
              [
                146.1603089,
                -17.7616546
              ],
              [
                145.8889043,
                -16.9069264
              ],
              [
                145.6370333,
                -16.7849183
              ],
              [
                145.4852596,
                -16.2856723
              ],
              [
                145.271991,
                -15.4282053
              ],
              [
                145.3747237,
                -14.9849765
              ],
              [
                144.8949081,
                -14.5944577
              ],
              [
                144.5637138,
                -14.171176
              ],
              [
                143.9220992,
                -14.5483106
              ],
              [
                143.5618112,
                -13.7636557
              ],
              [
                143.5971578,
                -13.4004221
              ],
              [
                143.5221237,
                -12.8343584
              ],
              [
                143.1586316,
                -12.3256556
              ],
              [
                143.1159469,
                -11.9056296
              ],
              [
                142.8667631,
                -11.7847067
              ],
              [
                142.79731,
                -11.1573548
              ],
              [
                142.51526,
                -10.6681857
              ],
              [
                142.1437065,
                -11.0427365
              ],
              [
                142.1184884,
                -11.3280421
              ],
              [
                141.9286292,
                -11.8774659
              ],
              [
                141.6869902,
                -12.4076144
              ],
              [
                141.8426913,
                -12.7415475
              ],
              [
                141.65092,
                -12.9446876
              ],
              [
                141.5198686,
                -13.6980783
              ],
              [
                141.6355205,
                -14.2703948
              ],
              [
                141.5633802,
                -14.5613331
              ],
              [
                141.7021831,
                -15.0449212
              ],
              [
                141.3982223,
                -15.8405315
              ],
              [
                141.2740955,
                -16.3888701
              ],
              [
                141.0711105,
                -16.8320472
              ],
              [
                140.8754635,
                -17.3690687
              ],
              [
                140.2152454,
                -17.7108049
              ],
              [
                139.260575,
                -17.3716008
              ],
              [
                139.1085429,
                -17.0626791
              ],
              [
                138.585164,
                -16.8066224
              ],
              [
                138.3032174,
                -16.8076043
              ],
              [
                137.5804708,
                -16.2150823
              ],
              [
                137.0653601,
                -15.8707622
              ],
              [
                136.2951746,
                -15.550265
              ],
              [
                135.5001844,
                -14.9977406
              ],
              [
                135.4286642,
                -14.7154322
              ],
              [
                135.7838363,
                -14.2239894
              ],
              [
                136.0776168,
                -13.7242783
              ],
              [
                135.9617583,
                -13.3245094
              ],
              [
                136.3054065,
                -13.2912298
              ],
              [
                136.685125,
                -12.8872234
              ],
              [
                136.9516203,
                -12.3519589
              ],
              [
                136.4924752,
                -11.8572088
              ],
              [
                136.258381,
                -12.0493417
              ],
              [
                135.8826933,
                -11.9622669
              ],
              [
                135.2984912,
                -12.2486061
              ],
              [
                134.6786324,
                -11.941183
              ],
              [
                134.3930685,
                -12.0423654
              ],
              [
                133.550846,
                -11.7865154
              ],
              [
                133.0195606,
                -11.3764112
              ],
              [
                132.3572237,
                -11.1285194
              ],
              [
                131.8246981,
                -11.2737818
              ],
              [
                132.5572115,
                -11.6030124
              ],
              [
                132.5752983,
                -12.1140406
              ],
              [
                131.7350912,
                -12.3024529
              ],
              [
                131.2234945,
                -12.1836488
              ],
              [
                130.617795,
                -12.5363921
              ],
              [
                130.1835063,
                -13.10752
              ],
              [
                130.3394658,
                -13.3573756
              ],
              [
                129.8886406,
                -13.6187033
              ],
              [
                129.4096001,
                -14.4206699
              ],
              [
                129.6214734,
                -14.9697836
              ],
              [
                128.9855432,
                -14.8759909
              ],
              [
                128.35969,
                -14.8691696
              ],
              [
                127.8046334,
                -14.276906
              ],
              [
                127.0658671,
                -13.8179676
              ],
              [
                126.5825891,
                -13.9527914
              ],
              [
                126.1428227,
                -14.0959868
              ],
              [
                126.1251494,
                -14.347341
              ],
              [
                125.6857963,
                -14.2306556
              ],
              [
                125.6700867,
                -14.5100701
              ],
              [
                125.167275,
                -14.6803956
              ],
              [
                124.9261528,
                -15.0751002
              ],
              [
                124.3797262,
                -15.5670598
              ],
              [
                124.2582866,
                -16.3279436
              ],
              [
                123.8170732,
                -16.111316
              ],
              [
                123.5032422,
                -16.596506
              ],
              [
                123.8593445,
                -17.0690353
              ],
              [
                123.4337891,
                -17.268558
              ],
              [
                123.0125745,
                -16.4051999
              ],
              [
                122.3127723,
                -17.2549671
              ],
              [
                122.286624,
                -17.7986032
              ],
              [
                122.2416655,
                -18.1976486
              ],
              [
                121.655138,
                -18.7053179
              ],
              [
                121.3998564,
                -19.2397555
              ],
              [
                120.8562203,
                -19.6837078
              ],
              [
                119.8052251,
                -19.9765064
              ],
              [
                119.2524939,
                -19.952942
              ],
              [
                118.9878072,
                -20.0442026
              ],
              [
                118.8360852,
                -20.2633106
              ],
              [
                118.229559,
                -20.3742083
              ],
              [
                117.441545,
                -20.7468987
              ],
              [
                117.1663164,
                -20.6235987
              ],
              [
                116.7116154,
                -20.7016818
              ],
              [
                115.9473727,
                -21.0686878
              ],
              [
                115.4601673,
                -21.4951734
              ],
              [
                114.6477621,
                -21.82952
              ],
              [
                114.2253072,
                -22.5174883
              ],
              [
                114.1497563,
                -21.755881
              ],
              [
                113.7365515,
                -22.4754754
              ],
              [
                113.8434184,
                -23.0599875
              ],
              [
                113.7069926,
                -23.5602153
              ],
              [
                113.5020439,
                -23.8063502
              ],
              [
                113.3935234,
                -24.3847645
              ],
              [
                113.6253439,
                -24.683971
              ],
              [
                113.7212553,
                -24.9989389
              ],
              [
                114.2161605,
                -25.786281
              ],
              [
                114.232852,
                -26.2984461
              ],
              [
                113.9369011,
                -25.9112346
              ],
              [
                113.4409624,
                -25.6212782
              ],
              [
                113.7783578,
                -26.5490252
              ],
              [
                113.3389531,
                -26.1165451
              ],
              [
                113.4774976,
                -26.543134
              ],
              [
                114.0488839,
                -27.3347653
              ],
              [
                114.1735791,
                -28.1180767
              ],
              [
                114.6164978,
                -28.5163986
              ],
              [
                114.6419743,
                -28.8102308
              ],
              [
                115.0400379,
                -29.4610955
              ],
              [
                114.9970431,
                -30.0307248
              ],
              [
                115.1609091,
                -30.6015943
              ],
              [
                115.6896106,
                -31.612437
              ],
              [
                115.8016451,
                -32.2050624
              ],
              [
                115.6793787,
                -32.9003687
              ],
              [
                115.7146737,
                -33.2595716
              ],
              [
                115.5451233,
                -33.487258
              ],
              [
                115.0486162,
                -33.6234254
              ],
              [
                115.0268087,
                -34.196517
              ],
              [
                115.564347,
                -34.3864279
              ],
              [
                116.6251091,
                -35.0250969
              ],
              [
                117.2955074,
                -35.0254587
              ],
              [
                118.024972,
                -35.0647328
              ],
              [
                118.5057178,
                -34.7468193
              ],
              [
                119.0073409,
                -34.4641493
              ],
              [
                119.2988994,
                -34.5093661
              ],
              [
                119.8936951,
                -33.9760654
              ],
              [
                120.5802682,
                -33.9301767
              ],
              [
                121.2991907,
                -33.8210361
              ],
              [
                122.1830644,
                -34.0034022
              ],
              [
                122.8110364,
                -33.9144671
              ],
              [
                123.6596668,
                -33.8901791
              ],
              [
                124.0289466,
                -33.4838473
              ],
              [
                124.221648,
                -32.9594866
              ],
              [
                125.0886235,
                -32.7287513
              ],
              [
                126.1487138,
                -32.2159661
              ]
            ]
          ],
          [
            [
              [
                147.6892595,
                -40.8082582
              ],
              [
                146.9085836,
                -41.0005462
              ],
              [
                146.3641207,
                -41.1376954
              ],
              [
                145.3979781,
                -40.7925485
              ],
              [
                144.7437545,
                -40.7039751
              ],
              [
                144.7180713,
                -41.1625518
              ],
              [
                145.2950904,
                -42.0336097
              ],
              [
                145.4319296,
                -42.6937761
              ],
              [
                146.0483777,
                -43.5497446
              ],
              [
                146.6633273,
                -43.5808538
              ],
              [
                146.8703431,
                -43.6345973
              ],
              [
                147.5645642,
                -42.9376889
              ],
              [
                147.914052,
                -43.2115223
              ],
              [
                148.0173015,
                -42.4070236
              ],
              [
                148.3598645,
                -42.0624452
              ],
              [
                148.2890678,
                -40.8754375
              ],
              [
                147.6892595,
                -40.8082582
              ]
            ]
          ]
        ]
      }
    }
  ]
}