{
  "type": "FeatureCollection",
  "name": "AW",
  "features": [
    {
      "type": "Feature",
      "geometry": {
        "type": "MultiPolygon",
        "coordinates": [
          [
            [
              [
                -69.89912109375,
                12.452001953124991
              ],
              [
                -69.895703125,
                12.422998046874994
              ],
              [
                -69.94218749999999,
                12.438525390624989
              ],
              [
                -70.004150390625,
                12.50048828125
              ],
              [
                -70.06611328125,
                12.546972656249991
              ],
              [
                -70.05087890624999,
                12.597070312499994
              ],
              [
                -70.035107421875,
                12.614111328124991
              ],
              [
                -69.97314453125,
                12.567626953125
              ],
              [
                -69.91181640625,
                12.48046875
              ],
              [
                -69.89912109375,
                12.452001953124991
              ]
            ]
          ]
        ]
      }
    }
  ]
}