{
  "type": "FeatureCollection",
  "name": "AX",
  "features": [
    {
      "type": "Feature",
      "geometry": {
        "type": "MultiPolygon",
        "coordinates": [
          [
            [
              [
                19.989550781250017,
                60.351171875
              ],
              [
                20.02021484375001,
                60.35087890625
              ],
              [
                20.03388671875001,
                60.359326171875
              ],
              [
                20.08740234375,
                60.353417968749994
              ],
              [
                20.167871093750023,
                60.314697265625
              ],
              [
                20.18408203125,
                60.29375
              ],
              [
                20.239550781250017,
                60.2830078125
              ],
              [
                20.258886718750006,
                60.261279296875
              ],
              [
                20.194726562500023,
                60.1935546875
              ],
              [
                20.155078125000017,
                60.192285156249994
              ],
              [
                20.12548828125,
                60.20087890625
              ],
              [
                20.0732421875,
                60.19345703125
              ],
              [
                20.042578125,
                60.1806640625
              ],
              [
                20.032324218750006,
                60.152490234374994
              ],
              [
                20.033984375000017,
                60.0935546875
              ],
              [
                19.7998046875,
                60.08173828125
              ],
              [
                19.745996093750023,
                60.098974609375
              ],
              [
                19.672265625000023,
                60.2330078125
              ],
              [
                19.686914062500023,
                60.267626953125
              ],
              [
                19.73652343750001,
                60.282373046874994
              ],
              [
                19.77900390625001,
                60.285546875
              ],
              [
                19.785253906250006,
                60.21337890625
              ],
              [
                19.84765625,
                60.220556640625
              ],
              [
                19.8671875,
                60.268115234375
              ],
              [
                19.87158203125,
                60.301611328125
              ],
              [
                19.85468750000001,
                60.318505859374994
              ],
              [
                19.812304687500017,
                60.331591796875
              ],
              [
                19.78779296875001,
                60.354052734375
              ],
              [
                19.823046875000017,
                60.390185546875
              ],
              [
                19.88828125,
                60.405810546875
              ],
              [
                19.94453125000001,
                60.35751953125
              ],
              [
                19.989550781250017,
                60.351171875
              ]
            ]
          ],
          [
            [
              [
                19.66230468750001,
                60.187158203124994
              ],
              [
                19.66748046875,
                60.16474609375
              ],
              [
                19.629199218750017,
                60.170361328125
              ],
              [
                19.59980468750001,
                60.1626953125
              ],
              [
                19.579882812500017,
                60.13505859375
              ],
              [
                19.536523437500023,
                60.144970703125
              ],
              [
                19.51904296875,
                60.1845703125
              ],
              [
                19.551367187500006,
                60.24384765625
              ],
              [
                19.628808593750023,
                60.24609375
              ],
              [
                19.66230468750001,
                60.187158203124994
              ]
            ]
          ],
          [
            [
              [
                20.611328125,
                60.040673828124994
              ],
              [
                20.603417968750023,
                60.016943359375
              ],
              [
                20.521777343750017,
                60.011669921875
              ],
              [
                20.4875,
                60.032763671875
              ],
              [
                20.411230468750006,
                60.030126953125
              ],
              [
                20.39794921875,
                60.040673828124994
              ],
              [
                20.429589843750023,
                60.06171875
              ],
              [
                20.490136718750023,
                60.07490234375
              ],
              [
                20.569140625000017,
                60.06962890625
              ],
              [
                20.611328125,
                60.040673828124994
              ]
            ]
          ]
        ]
      }
    }
  ]
}