{
  "type": "FeatureCollection",
  "features": [
    {
      "type": "Feature",
      "geometry": {
        "type": "MultiPolygon",
        "coordinates": [
          [
            [
              [
                46.4049508,
                41.8606752
              ],
              [
                46.1454318,
                41.7228024
              ],
              [
                46.6379082,
                41.1816727
              ],
              [
                46.5016374,
                41.0644447
              ],
              [
                45.9626005,
                41.1238726
              ],
              [
                45.2174264,
                41.4114519
              ],
              [
                44.9724801,
                41.2481286
              ],
              [
                45.1794959,
                40.9853539
              ],
              [
                45.5603512,
                40.8122895
              ],
              [
                45.3591748,
                40.5615038
              ],
              [
                45.8919072,
                40.2184757
              ],
              [
                45.6100122,
                39.8999938
              ],
              [
                46.0345341,
                39.6280207
              ],
              [
                46.483499,
                39.4641548
              ],
              [
                46.5057198,
                38.7706054
              ],
              [
                47.6850794,
                39.508364
              ],
              [
                48.0600952,
                39.5822354
              ],
              [
                48.3555294,
                39.288765
              ],
              [
                48.0107443,
                38.7940148
              ],
              [
                48.6343754,
                38.2703775
              ],
              [
                48.8832491,
                38.3202453
              ],
              [
                48.8565324,
                38.8154864
              ],
              [
                49.2232284,
                39.0492189
              ],
              [
                49.3952592,
                39.3994817
              ],
              [
                49.5692021,
                40.176101
              ],
              [
                50.3928211,
                40.2565612
              ],
              [
                50.0848295,
                40.5261571
              ],
              [
                49.6189148,
                40.5729243
              ],
              [
                49.1102637,
                41.2822867
              ],
              [
                48.5843534,
                41.8088688
              ],
              [
                47.9872832,
                41.4058192
              ],
              [
                47.8156657,
                41.1514161
              ],
              [
                47.3733155,
                41.2197324
              ],
              [
                46.6860706,
                41.8271372
              ],
              [
                46.4049508,
                41.8606752
              ]
            ]
          ],
          [
            [
              [
                46.1436231,
                38.7412015
              ],
              [
                45.7353793,
                39.3197191
              ],
              [
                45.7399785,
                39.4739991
              ],
              [
                45.298145,
                39.4717512
              ],
              [
                45.0019873,
                39.7400036
              ],
              [
                44.7939897,
                39.7130026
              ],
              [
                44.952688,
                39.3357647
              ],
              [
                45.4577218,
                38.8741391
              ],
              [
                46.1436231,
                38.7412015
              ]
            ]
          ]
        ]
      }
    }
  ]
}