{
  "type": "FeatureCollection",
  "name": "BB",
  "features": [
    {
      "type": "Feature",
      "geometry": {
        "type": "MultiPolygon",
        "coordinates": [
          [
            [
              [
                -59.42690995999993,
                13.16038646000004
              ],
              [
                -59.43004309799994,
                13.125921942000048
              ],
              [
                -59.45571855399993,
                13.100043036000045
              ],
              [
                -59.475778774999924,
                13.086493231000077
              ],
              [
                -59.487538214999915,
                13.078558661000045
              ],
              [
                -59.50885982999995,
                13.057318427000041
              ],
              [
                -59.51671301999994,
                13.056382554000038
              ],
              [
                -59.523101365999935,
                13.056463934000078
              ],
              [
                -59.529286261999914,
                13.05540599200009
              ],
              [
                -59.53612219999991,
                13.051174221000053
              ],
              [
                -59.54596920499995,
                13.067694403000075
              ],
              [
                -59.564442511999914,
                13.07802969000005
              ],
              [
                -59.58690344999991,
                13.083197333000044
              ],
              [
                -59.60024980399993,
                13.084133205000057
              ],
              [
                -59.60814368399991,
                13.084662177000041
              ],
              [
                -59.62157141799992,
                13.09398021000004
              ],
              [
                -59.63312740799995,
                13.115912177000041
              ],
              [
                -59.64606686099995,
                13.16038646000004
              ],
              [
                -59.65420488199993,
                13.295111395000049
              ],
              [
                -59.65221106699994,
                13.310614325000074
              ],
              [
                -59.64513098899994,
                13.323716539000088
              ],
              [
                -59.630930141999954,
                13.337958075000074
              ],
              [
                -59.61286373599995,
                13.344549872000073
              ],
              [
                -59.59447180899991,
                13.334784247000073
              ],
              [
                -59.58071855399993,
                13.314520575000074
              ],
              [
                -59.57591712099992,
                13.304388739000046
              ],
              [
                -59.56895911399994,
                13.289658921000068
              ],
              [
                -59.54979407499991,
                13.249172268000052
              ],
              [
                -59.53661048099991,
                13.231390692000048
              ],
              [
                -59.51805579299992,
                13.21751536700009
              ],
              [
                -59.49181067599994,
                13.197943427000041
              ],
              [
                -59.476673956999946,
                13.189398505000042
              ],
              [
                -59.457102016999954,
                13.183172919000071
              ],
              [
                -59.43862870999993,
                13.17487213700008
              ],
              [
                -59.42690995999993,
                13.16038646000004
              ]
            ]
          ]
        ]
      }
    }
  ]
}