{
  "type": "FeatureCollection",
  "features": [
    {
      "type": "Feature",
      "geometry": {
        "type": "Polygon",
        "coordinates": [
          [
            [
              92.672721,
              22.0412389
            ],
            [
              92.1460348,
              23.6274987
            ],
            [
              91.8699276,
              23.6243464
            ],
            [
              91.7064751,
              22.985264
            ],
            [
              91.1589633,
              23.5035269
            ],
            [
              91.4677299,
              24.0726395
            ],
            [
              91.9150928,
              24.1304137
            ],
            [
              92.3762016,
              24.9766928
            ],
            [
              91.799596,
              25.1474317
            ],
            [
              90.8722107,
              25.1326006
            ],
            [
              89.9206926,
              25.2697499
            ],
            [
              89.8324809,
              25.9650821
            ],
            [
              89.355094,
              26.0144073
            ],
            [
              88.5630494,
              26.4465256
            ],
            [
              88.2097893,
              25.7680657
            ],
            [
              88.931554,
              25.2386923
            ],
            [
              88.3063725,
              24.8660794
            ],
            [
              88.0844222,
              24.5016572
            ],
            [
              88.6999402,
              24.2337149
            ],
            [
              88.5297697,
              23.6311419
            ],
            [
              88.8763119,
              22.8791464
            ],
            [
              89.0319613,
              22.0557083
            ],
            [
              89.4188627,
              21.9661789
            ],
            [
              89.7020496,
              21.8571158
            ],
            [
              89.8474671,
              22.039146
            ],
            [
              90.2729708,
              21.8363677
            ],
            [
              90.5869568,
              22.3927937
            ],
            [
              90.4960063,
              22.8050166
            ],
            [
              91.417087,
              22.765019
            ],
            [
              91.834891,
              22.1829357
            ],
            [
              92.0252153,
              21.7015697
            ],
            [
              92.0828862,
              21.1921951
            ],
            [
              92.3685535,
              20.6708833
            ],
            [
              92.3032345,
              21.4754853
            ],
            [
              92.6522571,
              21.3240476
            ],
            [
              92.672721,
              22.0412389
            ]
          ]
        ]
      }
    }
  ]
}