{
  "type": "FeatureCollection",
  "features": [
    {
      "type": "Feature",
      "geometry": {
        "type": "Polygon",
        "coordinates": [
          [
            [
              6.1566582,
              50.803721
            ],
            [
              5.6069759,
              51.0372985
            ],
            [
              4.9739913,
              51.4750237
            ],
            [
              4.0470712,
              51.2672586
            ],
            [
              3.3149711,
              51.3457551
            ],
            [
              3.3150115,
              51.3457766
            ],
            [
              3.3149711,
              51.345781
            ],
            [
              2.513573,
              51.1485062
            ],
            [
              2.6584221,
              50.796848
            ],
            [
              3.1232516,
              50.7803633
            ],
            [
              3.5881844,
              50.3789924
            ],
            [
              4.286023,
              49.9074966
            ],
            [
              4.7992216,
              49.985373
            ],
            [
              5.674052,
              49.5294835
            ],
            [
              5.7824174,
              50.0903279
            ],
            [
              6.0430734,
              50.1280517
            ],
            [
              6.1566582,
              50.803721
            ]
          ]
        ]
      }
    }
  ]
}