{
  "type": "FeatureCollection",
  "features": [
    {
      "type": "Feature",
      "geometry": {
        "type": "Polygon",
        "coordinates": [
          [
            [
              -5.4043416,
              10.3707368
            ],
            [
              -4.9546533,
              10.1527139
            ],
            [
              -4.7798836,
              9.8219848
            ],
            [
              -4.330247,
              9.6108349
            ],
            [
              -3.9804492,
              9.8623441
            ],
            [
              -3.511899,
              9.9003262
            ],
            [
              -2.8274963,
              9.6424608
            ],
            [
              -2.9638962,
              10.3953348
            ],
            [
              -2.9404093,
              10.9626903
            ],
            [
              -1.2033577,
              11.0098192
            ],
            [
              -0.7615759,
              10.9369296
            ],
            [
              -0.4387015,
              11.098341
            ],
            [
              0.0238025,
              11.0186817
            ],
            [
              0.899563,
              10.9973394
            ],
            [
              1.2434697,
              11.1105108
            ],
            [
              1.4471782,
              11.5477192
            ],
            [
              1.9359855,
              11.6411502
            ],
            [
              2.1544735,
              11.9401501
            ],
            [
              2.1771078,
              12.6250178
            ],
            [
              1.0241032,
              12.8518257
            ],
            [
              0.9930457,
              13.3357496
            ],
            [
              0.4299276,
              13.988733
            ],
            [
              0.2956464,
              14.4442349
            ],
            [
              0.3748922,
              14.9289082
            ],
            [
              -0.2662573,
              14.924309
            ],
            [
              -0.5158545,
              15.1161577
            ],
            [
              -1.0663635,
              14.973815
            ],
            [
              -2.0010351,
              14.5590083
            ],
            [
              -2.1918245,
              14.2464175
            ],
            [
              -2.9676945,
              13.7981503
            ],
            [
              -3.1037068,
              13.5412668
            ],
            [
              -3.5228027,
              13.3376616
            ],
            [
              -4.0063908,
              13.4724855
            ],
            [
              -4.280405,
              13.2284435
            ],
            [
              -4.4271661,
              12.5426456
            ],
            [
              -5.2209419,
              11.713859
            ],
            [
              -5.1978426,
              11.3751458
            ],
            [
              -5.4705649,
              10.9512698
            ],
            [
              -5.4043416,
              10.3707368
            ]
          ]
        ]
      }
    }
  ]
}