{
  "type": "FeatureCollection",
  "name": "BH",
  "features": [
    {
      "type": "Feature",
      "geometry": {
        "type": "MultiPolygon",
        "coordinates": [
          [
            [
              [
                50.55160566500007,
                26.194240627000056
              ],
              [
                50.594737175000034,
                26.160305080000057
              ],
              [
                50.60487053991397,
                26.17473159438857
              ],
              [
                50.61989816690731,
                26.18546561366953
              ],
              [
                50.62633857847588,
                26.170437986676188
              ],
              [
                50.63277899004446,
                26.146823144258082
              ],
              [
                50.64565981318161,
                26.145749742329986
              ],
              [
                50.63550651826553,
                26.134382379256266
              ],
              [
                50.63492579390065,
                26.115694488343305
              ],
              [
                50.61475670700008,
                26.111151434000078
              ],
              [
                50.62061608200008,
                26.05296458500004
              ],
              [
                50.61841881600009,
                25.96474844000005
              ],
              [
                50.603526238000086,
                25.85455963700008
              ],
              [
                50.594493035000085,
                25.83270905200004
              ],
              [
                50.565440300000034,
                25.78969961100006
              ],
              [
                50.56527754000007,
                25.789536851000037
              ],
              [
                50.558604363000086,
                25.81976959800005
              ],
              [
                50.547211134000065,
                25.85293203300006
              ],
              [
                50.53142337300005,
                25.885239976000037
              ],
              [
                50.51140384200005,
                25.913031317000048
              ],
              [
                50.467784050000034,
                25.957586981000077
              ],
              [
                50.46045983200008,
                25.985296942000048
              ],
              [
                50.47999108200008,
                26.018866278000075
              ],
              [
                50.485443556000064,
                26.03343333500004
              ],
              [
                50.490896030000044,
                26.048000393000052
              ],
              [
                50.48519941500007,
                26.085638739000046
              ],
              [
                50.46998131600009,
                26.12262604400007
              ],
              [
                50.45297285200007,
                26.149562893000052
              ],
              [
                50.44890384200005,
                26.16160716400009
              ],
              [
                50.449554884000065,
                26.17796458500004
              ],
              [
                50.46119225400008,
                26.22524648600006
              ],
              [
                50.46851647200003,
                26.236883856000077
              ],
              [
                50.481455925000034,
                26.242580471000053
              ],
              [
                50.48161868600005,
                26.242539781000062
              ],
              [
                50.48259524800005,
                26.242539781000062
              ],
              [
                50.503916863000086,
                26.242010809000078
              ],
              [
                50.516368035000085,
                26.23969147300005
              ],
              [
                50.53239993600005,
                26.23309967700004
              ],
              [
                50.54542076900003,
                26.227728583000044
              ],
              [
                50.54550214900007,
                26.227769273000035
              ],
              [
                50.586680535000085,
                26.24249909100007
              ],
              [
                50.59327233200008,
                26.23859284100007
              ],
              [
                50.59742272200003,
                26.225531317000048
              ],
              [
                50.60474694100009,
                26.216498114000046
              ],
              [
                50.60694420700008,
                26.21238841400009
              ],
              [
                50.60914147200003,
                26.208278713000084
              ],
              [
                50.603526238000086,
                26.197658596000053
              ],
              [
                50.594086134000065,
                26.19529857000009
              ],
              [
                50.56560306100005,
                26.198879299000055
              ],
              [
                50.55160566500007,
                26.194240627000056
              ]
            ]
          ],
          [
            [
              [
                50.774310446595955,
                25.721647752530224
              ],
              [
                50.7825374054341,
                25.720382066555125
              ],
              [
                50.790764364272235,
                25.726077653443067
              ],
              [
                50.80088985207302,
                25.73114039734346
              ],
              [
                50.80088985207302,
                25.724811967467968
              ],
              [
                50.79835848012282,
                25.715952165642282
              ],
              [
                50.790764364272235,
                25.705826677841497
              ],
              [
                50.78317024842165,
                25.69696687601581
              ],
              [
                50.78823299232204,
                25.692536975102968
              ],
              [
                50.795827108172624,
                25.68494285925238
              ],
              [
                50.792030050247334,
                25.679880115351988
              ],
              [
                50.7800060334839,
                25.682411487302183
              ],
              [
                50.774310446595955,
                25.67861442937689
              ],
              [
                50.76608348775782,
                25.671653156513848
              ],
              [
                50.76228642983253,
                25.667856098588555
              ],
              [
                50.76671633074537,
                25.654566395850026
              ],
              [
                50.774310446595955,
                25.64507375103679
              ],
              [
                50.7762089755586,
                25.6387453211613
              ],
              [
                50.769247702695566,
                25.636213949211104
              ],
              [
                50.76545064477027,
                25.629885519335613
              ],
              [
                50.76418495879518,
                25.621658560497476
              ],
              [
                50.769880545683115,
                25.61786150257218
              ],
              [
                50.774310446595955,
                25.61216591568424
              ],
              [
                50.76798201672047,
                25.6064703287963
              ],
              [
                50.76228642983253,
                25.597610526970612
              ],
              [
                50.75722368593213,
                25.588750725144923
              ],
              [
                50.75975505788233,
                25.582422295269435
              ],
              [
                50.75659084294458,
                25.579890923319237
              ],
              [
                50.7451996691687,
                25.58495366721963
              ],
              [
                50.73760555331811,
                25.595711998007964
              ],
              [
                50.74140261124341,
                25.6052046428212
              ],
              [
                50.748996727093996,
                25.621025717509927
              ],
              [
                50.748363884106446,
                25.630518362323162
              ],
              [
                50.748363884106446,
                25.64444090804924
              ],
              [
                50.73950408228076,
                25.653300709874927
              ],
              [
                50.74013692526831,
                25.662160511700613
              ],
              [
                50.74140261124341,
                25.674184528464046
              ],
              [
                50.7451996691687,
                25.687474231202575
              ],
              [
                50.755325156969484,
                25.702029619916203
              ],
              [
                50.768614859708016,
                25.71658500862983
              ],
              [
                50.774310446595955,
                25.721647752530224
              ]
            ]
          ],
          [
            [
              [
                50.60165033412968,
                26.278851581413857
              ],
              [
                50.63277899004446,
                26.287438796838625
              ],
              [
                50.655320430534466,
                26.27670477755767
              ],
              [
                50.65639383246256,
                26.261677150564328
              ],
              [
                50.65639383246256,
                26.246649523570987
              ],
              [
                50.67142145945591,
                26.227328288865262
              ],
              [
                50.68430228259305,
                26.221961279224782
              ],
              [
                50.67893527295258,
                26.208007054159538
              ],
              [
                50.6735682633121,
                26.20264004451906
              ],
              [
                50.65746723439066,
                26.211227259943826
              ],
              [
                50.653173626678274,
                26.22518148500907
              ],
              [
                50.6478066170378,
                26.239135710074315
              ],
              [
                50.63385239197255,
                26.242355915858603
              ],
              [
                50.62097156883541,
                26.244502719714795
              ],
              [
                50.61238435341064,
                26.241282513930507
              ],
              [
                50.59950353027349,
                26.262750552492424
              ],
              [
                50.60165033412968,
                26.278851581413857
              ]
            ]
          ],
          [
            [
              [
                50.79329573622243,
                25.652035023899828
              ],
              [
                50.79962416609792,
                25.651402180912278
              ],
              [
                50.811648182861354,
                25.649503651949633
              ],
              [
                50.81671092676174,
                25.64444090804924
              ],
              [
                50.815445240786644,
                25.63684679219865
              ],
              [
                50.811648182861354,
                25.63178404829826
              ],
              [
                50.80785112493606,
                25.633049734273357
              ],
              [
                50.80278838103567,
                25.634315420248456
              ],
              [
                50.795827108172624,
                25.633049734273357
              ],
              [
                50.790764364272235,
                25.630518362323162
              ],
              [
                50.78633446335939,
                25.6387453211613
              ],
              [
                50.78823299232204,
                25.64380806506169
              ],
              [
                50.78506877738429,
                25.648237965974534
              ],
              [
                50.78696730634694,
                25.652667866887377
              ],
              [
                50.79329573622243,
                25.652035023899828
              ]
            ]
          ],
          [
            [
              [
                50.397703967791486,
                26.17473159438857
              ],
              [
                50.408437987072446,
                26.171511388604284
              ],
              [
                50.419172006353406,
                26.166144378963804
              ],
              [
                50.419172006353406,
                26.14896994811427
              ],
              [
                50.42131881020959,
                26.135015723049026
              ],
              [
                50.42346561406578,
                26.119988096055685
              ],
              [
                50.40521778128816,
                26.12428170376807
              ],
              [
                50.38589654658244,
                26.123208301839973
              ],
              [
                50.38052953694196,
                26.13930933076141
              ],
              [
                50.38267634079815,
                26.15970396739523
              ],
              [
                50.397703967791486,
                26.17473159438857
              ]
            ]
          ],
          [
            [
              [
                50.80468690999831,
                25.67924727236444
              ],
              [
                50.81987514169949,
                25.67861442937689
              ],
              [
                50.81671092676174,
                25.669121784563654
              ],
              [
                50.80848396792361,
                25.66405904066326
              ],
              [
                50.80405406701076,
                25.669754627551203
              ],
              [
                50.80215553804812,
                25.674817371451596
              ],
              [
                50.80468690999831,
                25.67924727236444
              ]
            ]
          ],
          [
            [
              [
                50.775576132571054,
                25.75265705892013
              ],
              [
                50.78317024842165,
                25.755821273857872
              ],
              [
                50.790131521284685,
                25.755188430870323
              ],
              [
                50.791397207259784,
                25.74886000099483
              ],
              [
                50.78063887647145,
                25.745062943069538
              ],
              [
                50.775576132571054,
                25.75265705892013
              ]
            ]
          ]
        ]
      }
    }
  ]
}