{
  "type": "FeatureCollection",
  "features": [
    {
      "type": "Feature",
      "geometry": {
        "type": "Polygon",
        "coordinates": [
          [
            [
              30.4696736,
              -2.4138548
            ],
            [
              29.938359,
              -2.3484868
            ],
            [
              29.6321761,
              -2.9178578
            ],
            [
              29.0249264,
              -2.8392579
            ],
            [
              29.2763839,
              -3.2939072
            ],
            [
              29.2855214,
              -3.4671476
            ],
            [
              29.6525883,
              -4.4201433
            ],
            [
              29.6476907,
              -4.4645691
            ],
            [
              29.7535124,
              -4.4523894
            ],
            [
              30.11632,
              -4.09012
            ],
            [
              30.50554,
              -3.56858
            ],
            [
              30.75224,
              -3.35931
            ],
            [
              30.74301,
              -3.03431
            ],
            [
              30.52766,
              -2.80762
            ],
            [
              30.4696736,
              -2.4138548
            ]
          ]
        ]
      }
    }
  ]
}