{
  "type": "FeatureCollection",
  "features": [
    {
      "type": "Feature",
      "geometry": {
        "type": "Polygon",
        "coordinates": [
          [
            [
              2.6917017,
              6.2588172
            ],
            [
              2.7490625,
              7.8707344
            ],
            [
              2.7237928,
              8.5068454
            ],
            [
              2.9123084,
              9.1376079
            ],
            [
              3.2203516,
              9.4441525
            ],
            [
              3.7054383,
              10.0632104
            ],
            [
              3.60007,
              10.3321862
            ],
            [
              3.7971123,
              10.7347456
            ],
            [
              3.5722164,
              11.3279394
            ],
            [
              3.6111805,
              11.6601671
            ],
            [
              2.848643,
              12.2356359
            ],
            [
              2.4901636,
              12.2330521
            ],
            [
              2.1544735,
              11.9401501
            ],
            [
              1.9359855,
              11.6411502
            ],
            [
              1.4471782,
              11.5477192
            ],
            [
              1.2434697,
              11.1105108
            ],
            [
              0.899563,
              10.9973394
            ],
            [
              0.7723356,
              10.4708082
            ],
            [
              1.077795,
              10.1756066
            ],
            [
              1.4250607,
              9.8253954
            ],
            [
              1.4630428,
              9.3346243
            ],
            [
              1.6644776,
              9.1285904
            ],
            [
              1.6189506,
              6.8320381
            ],
            [
              1.8652405,
              6.1421577
            ],
            [
              2.6917017,
              6.2588172
            ]
          ]
        ]
      }
    }
  ]
}