{
  "type": "FeatureCollection",
  "name": "BL",
  "features": [
    {
      "type": "Feature",
      "geometry": {
        "type": "MultiPolygon",
        "coordinates": [
          [
            [
              [
                -62.831933593749994,
                17.87646484375
              ],
              [
                -62.846923828125,
                17.875195312499997
              ],
              [
                -62.85893554687499,
                17.88364257812499
              ],
              [
                -62.869384765625,
                17.898583984374994
              ],
              [
                -62.875439453125,
                17.91357421875
              ],
              [
                -62.87421875,
                17.922265625
              ],
              [
                -62.8654296875,
                17.918261718750003
              ],
              [
                -62.799707031249994,
                17.90869140625
              ],
              [
                -62.80703125,
                17.89765625
              ],
              [
                -62.81816406249999,
                17.885449218749997
              ],
              [
                -62.831933593749994,
                17.87646484375
              ]
            ]
          ]
        ]
      }
    }
  ]
}