{
  "type": "FeatureCollection",
  "name": "BM",
  "features": [
    {
      "type": "Feature",
      "geometry": {
        "type": "MultiPolygon",
        "coordinates": [
          [
            [
              [
                -64.73027343749999,
                32.29345703125
              ],
              [
                -64.82011718749999,
                32.259619140625
              ],
              [
                -64.84506835937499,
                32.2623046875
              ],
              [
                -64.86284179687499,
                32.273876953125
              ],
              [
                -64.77119140625,
                32.30771484375
              ],
              [
                -64.69462890624999,
                32.3869140625
              ],
              [
                -64.66831054687499,
                32.38193359375
              ],
              [
                -64.73027343749999,
                32.29345703125
              ]
            ]
          ]
        ]
      }
    }
  ]
}