{
  "type": "FeatureCollection",
  "features": [
    {
      "type": "Feature",
      "geometry": {
        "type": "Polygon",
        "coordinates": [
          [
            [
              115.4507105,
              5.4477298
            ],
            [
              114.5999614,
              4.9000113
            ],
            [
              114.2040166,
              4.5258739
            ],
            [
              114.659596,
              4.0076368
            ],
            [
              114.8695573,
              4.3483137
            ],
            [
              115.347461,
              4.3166361
            ],
            [
              115.4057003,
              4.9552276
            ],
            [
              115.4507105,
              5.4477298
            ]
          ]
        ]
      }
    }
  ]
}