{
  "type": "FeatureCollection",
  "features": [
    {
      "type": "Feature",
      "geometry": {
        "type": "Polygon",
        "coordinates": [
          [
            [
              -69.5296781,
              -10.9517343
            ],
            [
              -68.6650797,
              -12.5613001
            ],
            [
              -68.8800795,
              -12.8997291
            ],
            [
              -68.9292238,
              -13.6026836
            ],
            [
              -68.9488867,
              -14.4536394
            ],
            [
              -69.3395347,
              -14.9531955
            ],
            [
              -69.1603466,
              -15.3239739
            ],
            [
              -69.3897642,
              -15.6601291
            ],
            [
              -68.9596354,
              -16.5006979
            ],
            [
              -69.5904238,
              -17.5800119
            ],
            [
              -69.100247,
              -18.2601254
            ],
            [
              -68.9668184,
              -18.9816834
            ],
            [
              -68.4422251,
              -19.4050685
            ],
            [
              -68.7571671,
              -20.372658
            ],
            [
              -68.2199131,
              -21.4943466
            ],
            [
              -67.8281799,
              -22.8729188
            ],
            [
              -67.1066736,
              -22.7359246
            ],
            [
              -66.2733394,
              -21.8323105
            ],
            [
              -64.9648921,
              -22.0758615
            ],
            [
              -64.377021,
              -22.7980913
            ],
            [
              -63.9868381,
              -21.9936443
            ],
            [
              -62.8464685,
              -22.0349854
            ],
            [
              -62.6850571,
              -22.2490292
            ],
            [
              -62.2911794,
              -21.0516346
            ],
            [
              -62.2659613,
              -20.5137346
            ],
            [
              -61.7863265,
              -19.6337367
            ],
            [
              -60.0435646,
              -19.3427467
            ],
            [
              -59.1150425,
              -19.356906
            ],
            [
              -58.1834714,
              -19.8683993
            ],
            [
              -58.1663924,
              -20.1767009
            ],
            [
              -57.8538016,
              -19.9699952
            ],
            [
              -57.9499973,
              -19.4000042
            ],
            [
              -57.6760089,
              -18.9618397
            ],
            [
              -57.4983711,
              -18.1741875
            ],
            [
              -57.7345583,
              -17.5524684
            ],
            [
              -58.280804,
              -17.2717103
            ],
            [
              -58.3880584,
              -16.8771091
            ],
            [
              -58.2412199,
              -16.2995733
            ],
            [
              -60.1583897,
              -16.2582838
            ],
            [
              -60.5429657,
              -15.0939104
            ],
            [
              -60.2511489,
              -15.0772189
            ],
            [
              -60.2643263,
              -14.6459791
            ],
            [
              -60.4591982,
              -14.3540073
            ],
            [
              -60.503304,
              -13.7759547
            ],
            [
              -61.0841213,
              -13.4793836
            ],
            [
              -61.7132043,
              -13.4892022
            ],
            [
              -62.1270809,
              -13.1987806
            ],
            [
              -62.8030603,
              -13.0006532
            ],
            [
              -63.1964988,
              -12.6270326
            ],
            [
              -64.3163529,
              -12.461978
            ],
            [
              -65.4022815,
              -11.5662704
            ],
            [
              -65.3218988,
              -10.8958721
            ],
            [
              -65.444837,
              -10.5114511
            ],
            [
              -65.3384352,
              -9.7619878
            ],
            [
              -66.6469083,
              -9.9313315
            ],
            [
              -67.1738012,
              -10.3068124
            ],
            [
              -68.0481923,
              -10.712059
            ],
            [
              -68.2712536,
              -11.0145212
            ],
            [
              -68.7861576,
              -11.0363803
            ],
            [
              -69.5296781,
              -10.9517343
            ]
          ]
        ]
      }
    }
  ]
}