{
  "type": "FeatureCollection",
  "features": [
    {
      "type": "Feature",
      "geometry": {
        "type": "Polygon",
        "coordinates": [
          [
            [
              -53.3736617,
              -33.7683778
            ],
            [
              -52.7121,
              -33.1965781
            ],
            [
              -52.2560813,
              -32.24537
            ],
            [
              -51.5762262,
              -31.7776983
            ],
            [
              -50.6968742,
              -30.984465
            ],
            [
              -49.5873295,
              -29.2244691
            ],
            [
              -48.8884574,
              -28.6741151
            ],
            [
              -48.6615204,
              -28.1861345
            ],
            [
              -48.4747359,
              -27.175912
            ],
            [
              -48.6410048,
              -26.6236976
            ],
            [
              -48.4954581,
              -25.8770248
            ],
            [
              -47.6489723,
              -24.8851991
            ],
            [
              -46.4720933,
              -24.0889686
            ],
            [
              -45.3521358,
              -23.7968417
            ],
            [
              -44.6478119,
              -23.3519593
            ],
            [
              -43.0747037,
              -22.9676934
            ],
            [
              -41.9882843,
              -22.9700705
            ],
            [
              -41.7541642,
              -22.3706756
            ],
            [
              -40.9447562,
              -21.937317
            ],
            [
              -40.7747408,
              -20.9045118
            ],
            [
              -39.7608233,
              -19.5991135
            ],
            [
              -39.5835215,
              -18.2622958
            ],
            [
              -39.2673392,
              -17.8677463
            ],
            [
              -39.1610925,
              -17.2084067
            ],
            [
              -38.8822981,
              -15.6670537
            ],
            [
              -38.9532757,
              -13.7933696
            ],
            [
              -38.6738871,
              -13.0576523
            ],
            [
              -38.4238765,
              -13.0381186
            ],
            [
              -37.6836116,
              -12.1711948
            ],
            [
              -37.0465187,
              -11.0407211
            ],
            [
              -35.6369665,
              -9.6492815
            ],
            [
              -35.128212,
              -8.9964015
            ],
            [
              -34.7299935,
              -7.3432207
            ],
            [
              -34.8960298,
              -6.738193
            ],
            [
              -35.235389,
              -5.4649374
            ],
            [
              -35.5977958,
              -5.1495045
            ],
            [
              -36.4529374,
              -5.1094036
            ],
            [
              -37.2232521,
              -4.8209457
            ],
            [
              -38.5003835,
              -3.7006524
            ],
            [
              -39.9786653,
              -2.8730543
            ],
            [
              -41.4726568,
              -2.9120183
            ],
            [
              -43.4187913,
              -2.38311
            ],
            [
              -44.5815885,
              -2.6913083
            ],
            [
              -44.4176192,
              -2.1377503
            ],
            [
              -44.9057031,
              -1.5517396
            ],
            [
              -46.5665836,
              -0.9410275
            ],
            [
              -47.8249564,
              -0.5816179
            ],
            [
              -48.5844966,
              -1.2378053
            ],
            [
              -48.6205668,
              -0.2354892
            ],
            [
              -50.3882108,
              -0.0784445
            ],
            [
              -50.6992513,
              0.2229841
            ],
            [
              -49.9471008,
              1.0461897
            ],
            [
              -49.9740759,
              1.7364835
            ],
            [
              -50.5088753,
              1.9015638
            ],
            [
              -51.0697713,
              3.6503977
            ],
            [
              -51.3171464,
              4.2034905
            ],
            [
              -51.6577974,
              4.1562324
            ],
            [
              -52.2493375,
              3.2410945
            ],
            [
              -52.5564247,
              2.5047053
            ],
            [
              -52.9396572,
              2.1248577
            ],
            [
              -53.4184651,
              2.0533892
            ],
            [
              -53.5548392,
              2.3348966
            ],
            [
              -53.7785207,
              2.3767028
            ],
            [
              -54.0880625,
              2.1055565
            ],
            [
              -54.5247542,
              2.3118489
            ],
            [
              -55.0975874,
              2.5237481
            ],
            [
              -55.569755,
              2.4215063
            ],
            [
              -55.9733221,
              2.5103639
            ],
            [
              -56.0733418,
              2.220795
            ],
            [
              -55.9056001,
              2.0219958
            ],
            [
              -55.995698,
              1.8176671
            ],
            [
              -56.5393857,
              1.8995226
            ],
            [
              -56.7827042,
              1.8637108
            ],
            [
              -57.3358229,
              1.9485377
            ],
            [
              -57.660971,
              1.6825849
            ],
            [
              -58.1134499,
              1.5071951
            ],
            [
              -58.4294771,
              1.463942
            ],
            [
              -58.540013,
              1.2680883
            ],
            [
              -59.0308616,
              1.3176977
            ],
            [
              -59.6460437,
              1.7868938
            ],
            [
              -59.7185457,
              2.2496304
            ],
            [
              -59.9745249,
              2.7552327
            ],
            [
              -59.8154132,
              3.6064985
            ],
            [
              -59.5380399,
              3.9588026
            ],
            [
              -59.7674058,
              4.4235029
            ],
            [
              -60.1110024,
              4.5749665
            ],
            [
              -59.9809586,
              5.0140612
            ],
            [
              -60.2136834,
              5.2444864
            ],
            [
              -60.7335742,
              5.2002772
            ],
            [
              -60.6011792,
              4.918098
            ],
            [
              -60.9668933,
              4.5364676
            ],
            [
              -62.0854297,
              4.1621235
            ],
            [
              -62.804533,
              4.006965
            ],
            [
              -63.0931976,
              3.7705712
            ],
            [
              -63.8883429,
              4.0205301
            ],
            [
              -64.6286594,
              4.1484809
            ],
            [
              -64.816064,
              4.0564452
            ],
            [
              -64.3684944,
              3.7972104
            ],
            [
              -64.4088279,
              3.1267862
            ],
            [
              -64.2699992,
              2.4970055
            ],
            [
              -63.4228674,
              2.4110676
            ],
            [
              -63.368788,
              2.2008996
            ],
            [
              -64.0830855,
              1.9163691
            ],
            [
              -64.1993058,
              1.4928549
            ],
            [
              -64.6110119,
              1.3287306
            ],
            [
              -65.3547133,
              1.0952823
            ],
            [
              -65.5482674,
              0.7892545
            ],
            [
              -66.3257651,
              0.7244522
            ],
            [
              -66.8763259,
              1.2533605
            ],
            [
              -67.0650482,
              1.1301122
            ],
            [
              -67.2599975,
              1.7199987
            ],
            [
              -67.53781,
              2.0371628
            ],
            [
              -67.868565,
              1.6924551
            ],
            [
              -69.8169732,
              1.7148052
            ],
            [
              -69.8045967,
              1.0890811
            ],
            [
              -69.2186377,
              0.9856766
            ],
            [
              -69.252434,
              0.6026509
            ],
            [
              -69.452396,
              0.7061588
            ],
            [
              -70.0155658,
              0.5414143
            ],
            [
              -70.0206559,
              -0.1851563
            ],
            [
              -69.5770654,
              -0.549992
            ],
            [
              -69.4204858,
              -1.1226185
            ],
            [
              -69.4441019,
              -1.5562871
            ],
            [
              -69.8936352,
              -4.2981869
            ],
            [
              -70.7947688,
              -4.2512647
            ],
            [
              -70.9288433,
              -4.4015915
            ],
            [
              -71.7484057,
              -4.5939828
            ],
            [
              -72.8919277,
              -5.2745615
            ],
            [
              -72.9645072,
              -5.7412513
            ],
            [
              -73.2197113,
              -6.0891887
            ],
            [
              -73.1200274,
              -6.6299309
            ],
            [
              -73.7244867,
              -6.9185955
            ],
            [
              -73.7234015,
              -7.3409986
            ],
            [
              -73.9872355,
              -7.5238298
            ],
            [
              -73.5710593,
              -8.4244467
            ],
            [
              -73.0153827,
              -9.0328333
            ],
            [
              -73.2267134,
              -9.4622128
            ],
            [
              -72.563033,
              -9.5201938
            ],
            [
              -72.1848907,
              -10.0535979
            ],
            [
              -71.3024123,
              -10.0794361
            ],
            [
              -70.4818939,
              -9.4901181
            ],
            [
              -70.5486857,
              -11.0091468
            ],
            [
              -70.0937522,
              -11.1239719
            ],
            [
              -69.5296781,
              -10.9517343
            ],
            [
              -68.7861576,
              -11.0363803
            ],
            [
              -68.2712536,
              -11.0145212
            ],
            [
              -68.0481923,
              -10.712059
            ],
            [
              -67.1738012,
              -10.3068124
            ],
            [
              -66.6469083,
              -9.9313315
            ],
            [
              -65.3384352,
              -9.7619878
            ],
            [
              -65.444837,
              -10.5114511
            ],
            [
              -65.3218988,
              -10.8958721
            ],
            [
              -65.4022815,
              -11.5662704
            ],
            [
              -64.3163529,
              -12.461978
            ],
            [
              -63.1964988,
              -12.6270326
            ],
            [
              -62.8030603,
              -13.0006532
            ],
            [
              -62.1270809,
              -13.1987806
            ],
            [
              -61.7132043,
              -13.4892022
            ],
            [
              -61.0841213,
              -13.4793836
            ],
            [
              -60.503304,
              -13.7759547
            ],
            [
              -60.4591982,
              -14.3540073
            ],
            [
              -60.2643263,
              -14.6459791
            ],
            [
              -60.2511489,
              -15.0772189
            ],
            [
              -60.5429657,
              -15.0939104
            ],
            [
              -60.1583897,
              -16.2582838
            ],
            [
              -58.2412199,
              -16.2995733
            ],
            [
              -58.3880584,
              -16.8771091
            ],
            [
              -58.280804,
              -17.2717103
            ],
            [
              -57.7345583,
              -17.5524684
            ],
            [
              -57.4983711,
              -18.1741875
            ],
            [
              -57.6760089,
              -18.9618397
            ],
            [
              -57.9499973,
              -19.4000042
            ],
            [
              -57.8538016,
              -19.9699952
            ],
            [
              -58.1663924,
              -20.1767009
            ],
            [
              -57.870674,
              -20.7326877
            ],
            [
              -57.9371557,
              -22.0901759
            ],
            [
              -56.8815096,
              -22.2821538
            ],
            [
              -56.4733174,
              -22.0863001
            ],
            [
              -55.7979581,
              -22.3569296
            ],
            [
              -55.6106827,
              -22.6556194
            ],
            [
              -55.5176393,
              -23.5719976
            ],
            [
              -55.4007472,
              -23.9569353
            ],
            [
              -55.0279018,
              -24.0012737
            ],
            [
              -54.6528342,
              -23.8395781
            ],
            [
              -54.2929596,
              -24.0210141
            ],
            [
              -54.2934763,
              -24.5707997
            ],
            [
              -54.4289461,
              -25.1621847
            ],
            [
              -54.6252907,
              -25.7392555
            ],
            [
              -54.1300496,
              -25.5476393
            ],
            [
              -53.628349,
              -26.124865
            ],
            [
              -53.6487353,
              -26.9234726
            ],
            [
              -54.4907253,
              -27.4747568
            ],
            [
              -55.1622863,
              -27.8819154
            ],
            [
              -56.2908996,
              -28.8527605
            ],
            [
              -57.6251334,
              -30.2162949
            ],
            [
              -56.9760258,
              -30.1096864
            ],
            [
              -55.9732446,
              -30.8830759
            ],
            [
              -55.6015102,
              -30.8538787
            ],
            [
              -54.5724515,
              -31.4945114
            ],
            [
              -53.7879516,
              -32.0472425
            ],
            [
              -53.209589,
              -32.7276661
            ],
            [
              -53.650544,
              -33.2020041
            ],
            [
              -53.3736617,
              -33.7683778
            ]
          ]
        ]
      }
    }
  ]
}