{
  "type": "FeatureCollection",
  "features": [
    {
      "type": "Feature",
      "geometry": {
        "type": "MultiPolygon",
        "coordinates": [
          [
            [
              [
                -78.19087,
                25.2103
              ],
              [
                -78.40848,
                24.57564
              ],
              [
                -78.03405,
                24.28615
              ],
              [
                -77.78,
                23.71
              ],
              [
                -77.53466,
                23.75975
              ],
              [
                -77.54,
                24.34
              ],
              [
                -77.89,
                25.17
              ],
              [
                -78.19087,
                25.2103
              ]
            ]
          ],
          [
            [
              [
                -77.79,
                27.04
              ],
              [
                -77.78802,
                26.92516
              ],
              [
                -77.34,
                26.53
              ],
              [
                -77.35641,
                26.00735
              ],
              [
                -77.17255,
                25.87918
              ],
              [
                -77.0,
                26.59
              ],
              [
                -77.79,
                27.04
              ]
            ]
          ],
          [
            [
              [
                -78.98,
                26.79
              ],
              [
                -78.91,
                26.42
              ],
              [
                -77.82,
                26.58
              ],
              [
                -77.85,
                26.84
              ],
              [
                -78.51,
                26.87
              ],
              [
                -78.98,
                26.79
              ]
            ]
          ]
        ]
      }
    }
  ]
}