{
  "type": "FeatureCollection",
  "features": [
    {
      "type": "Feature",
      "geometry": {
        "type": "Polygon",
        "coordinates": [
          [
            [
              91.6966565,
              27.7717418
            ],
            [
              91.2588538,
              28.0406143
            ],
            [
              90.730514,
              28.0649539
            ],
            [
              90.0158289,
              28.2964385
            ],
            [
              89.4758102,
              28.0427589
            ],
            [
              88.8142485,
              27.2993159
            ],
            [
              88.8356425,
              27.0989664
            ],
            [
              89.7445276,
              26.719403
            ],
            [
              90.3732748,
              26.8757242
            ],
            [
              91.2175126,
              26.8086482
            ],
            [
              92.0334835,
              26.8383105
            ],
            [
              92.1037118,
              27.452614
            ],
            [
              91.6966565,
              27.7717418
            ]
          ]
        ]
      }
    }
  ]
}