{
  "type": "FeatureCollection",
  "features": [
    {
      "type": "Feature",
      "geometry": {
        "type": "Polygon",
        "coordinates": [
          [
            [
              29.4321883,
              -22.0913128
            ],
            [
              28.7946562,
              -21.639454
            ],
            [
              28.0213701,
              -21.485975
            ],
            [
              27.7272278,
              -20.8518019
            ],
            [
              27.7247473,
              -20.4990585
            ],
            [
              27.2965048,
              -20.3915199
            ],
            [
              26.1647909,
              -19.2930856
            ],
            [
              25.8503915,
              -18.7144129
            ],
            [
              25.6491634,
              -18.5360259
            ],
            [
              25.2642257,
              -17.7365398
            ],
            [
              25.0844434,
              -17.6618157
            ],
            [
              24.5207052,
              -17.8871249
            ],
            [
              24.2173645,
              -17.889347
            ],
            [
              23.5790056,
              -18.2812611
            ],
            [
              23.1968584,
              -17.8690382
            ],
            [
              21.6550403,
              -18.219146
            ],
            [
              20.9106413,
              -18.2522189
            ],
            [
              20.8811341,
              -21.8143271
            ],
            [
              19.8954578,
              -21.849157
            ],
            [
              19.8957679,
              -24.7677902
            ],
            [
              20.1657255,
              -24.9179619
            ],
            [
              20.7586092,
              -25.8681365
            ],
            [
              20.6664702,
              -26.4774533
            ],
            [
              20.889609,
              -26.828543
            ],
            [
              21.605896,
              -26.7265337
            ],
            [
              22.1059689,
              -26.280256
            ],
            [
              22.5795317,
              -25.9794475
            ],
            [
              22.8242713,
              -25.5004587
            ],
            [
              23.3120968,
              -25.2686899
            ],
            [
              23.7335698,
              -25.3901295
            ],
            [
              24.2112667,
              -25.6702158
            ],
            [
              25.0251705,
              -25.7196701
            ],
            [
              25.6646664,
              -25.4868161
            ],
            [
              25.7658488,
              -25.1748455
            ],
            [
              25.9416521,
              -24.6963734
            ],
            [
              26.4857532,
              -24.6163266
            ],
            [
              26.7864067,
              -24.2406906
            ],
            [
              27.1194096,
              -23.574323
            ],
            [
              28.017236,
              -22.8277536
            ],
            [
              29.4321883,
              -22.0913128
            ]
          ]
        ]
      }
    }
  ]
}