{
  "type": "FeatureCollection",
  "features": [
    {
      "type": "Feature",
      "geometry": {
        "type": "Polygon",
        "coordinates": [
          [
            [
              28.1767094,
              56.16913
            ],
            [
              27.1024598,
              55.7833137
            ],
            [
              26.4943315,
              55.6151069
            ],
            [
              26.5882792,
              55.1671756
            ],
            [
              25.7684327,
              54.8469626
            ],
            [
              25.5363538,
              54.2824234
            ],
            [
              24.4506836,
              53.9057022
            ],
            [
              23.4841276,
              53.9124977
            ],
            [
              23.5275358,
              53.4701216
            ],
            [
              23.8049349,
              53.0897314
            ],
            [
              23.7991988,
              52.6910994
            ],
            [
              23.1994938,
              52.4869774
            ],
            [
              23.5080022,
              52.0236466
            ],
            [
              23.5270708,
              51.5784541
            ],
            [
              24.0050778,
              51.617444
            ],
            [
              24.5531063,
              51.888461
            ],
            [
              25.3277877,
              51.910656
            ],
            [
              26.3379586,
              51.8322887
            ],
            [
              27.4540662,
              51.5923034
            ],
            [
              28.241615,
              51.5722271
            ],
            [
              28.6176127,
              51.4277139
            ],
            [
              28.9928353,
              51.6020444
            ],
            [
              29.2549382,
              51.3682344
            ],
            [
              30.1573637,
              51.4161384
            ],
            [
              30.5551172,
              51.3195035
            ],
            [
              30.6194544,
              51.8228061
            ],
            [
              30.9275493,
              52.0423534
            ],
            [
              31.7859924,
              52.1016776
            ],
            [
              31.78597,
              52.10168
            ],
            [
              31.5400183,
              52.7420523
            ],
            [
              31.3052006,
              53.0739959
            ],
            [
              31.49764,
              53.16743
            ],
            [
              32.3045195,
              53.1327261
            ],
            [
              32.693643,
              53.3514208
            ],
            [
              32.4055986,
              53.6180454
            ],
            [
              31.7312728,
              53.7940294
            ],
            [
              31.7914242,
              53.9746386
            ],
            [
              31.3844723,
              54.1570564
            ],
            [
              30.7575338,
              54.8117709
            ],
            [
              30.971836,
              55.0815478
            ],
            [
              30.8739091,
              55.5509765
            ],
            [
              29.8962944,
              55.7894632
            ],
            [
              29.3715719,
              55.6700906
            ],
            [
              29.2295134,
              55.9183442
            ],
            [
              28.1767094,
              56.16913
            ]
          ]
        ]
      }
    }
  ]
}