{
  "type": "FeatureCollection",
  "features": [
    {
      "type": "Feature",
      "geometry": {
        "type": "Polygon",
        "coordinates": [
          [
            [
              -89.1430804,
              17.808319
            ],
            [
              -89.150806,
              17.0155767
            ],
            [
              -89.2291217,
              15.8869376
            ],
            [
              -88.9306128,
              15.8872735
            ],
            [
              -88.7324336,
              16.2336348
            ],
            [
              -88.5518245,
              16.2654674
            ],
            [
              -88.3554282,
              16.5307742
            ],
            [
              -88.239518,
              17.0360664
            ],
            [
              -88.3026408,
              17.1316936
            ],
            [
              -88.1978668,
              17.4894754
            ],
            [
              -88.285355,
              17.644143
            ],
            [
              -88.1234786,
              18.0766747
            ],
            [
              -88.1068129,
              18.3486736
            ],
            [
              -88.2963362,
              18.3532728
            ],
            [
              -88.3000311,
              18.4999822
            ],
            [
              -88.4901229,
              18.4868306
            ],
            [
              -88.8483439,
              17.8831981
            ],
            [
              -89.0298573,
              18.0015113
            ],
            [
              -89.1509094,
              17.9554676
            ],
            [
              -89.1430804,
              17.808319
            ]
          ]
        ]
      }
    }
  ]
}