{
  "type": "FeatureCollection",
  "name": "ca",
  "features": [
    {
      "type": "Feature",
      "geometry": {
        "type": "MultiPolygon",
        "coordinates": [
          [
            [
              [
                -122.84,
                49.000000000000114
              ],
              [
                -122.97421,
                49.00253777777778
              ],
              [
                -124.91024,
                49.98456
              ],
              [
                -125.62461,
                50.41656
              ],
              [
                -127.43561,
                50.83061
              ],
              [
                -127.99276,
                51.71583
              ],
              [
                -127.85032,
                52.32961
              ],
              [
                -129.12979,
                52.75538
              ],
              [
                -129.30523,
                53.56159
              ],
              [
                -130.51497,
                54.28757
              ],
              [
                -130.53610895273684,
                54.80275447679924
              ],
              [
                -130.53611,
                54.80278
              ],
              [
                -129.98,
                55.285
              ],
              [
                -130.00778,
                55.91583
              ],
              [
                -131.70781,
                56.55212
              ],
              [
                -132.73042,
                57.69289
              ],
              [
                -133.35556,
                58.41028
              ],
              [
                -134.27111,
                58.86111
              ],
              [
                -134.945,
                59.2705600000001
              ],
              [
                -135.47583,
                59.78778
              ],
              [
                -136.47972,
                59.46389
              ],
              [
                -137.4525,
                58.905
              ],
              [
                -138.34089,
                59.56211
              ],
              [
                -139.039,
                60.0
              ],
              [
                -140.013,
                60.27682
              ],
              [
                -140.99778,
                60.30639
              ],
              [
                -140.9925,
                66.00003
              ],
              [
                -140.986,
                69.712
              ],
              [
                -140.98598761037601,
                69.71199839952635
              ],
              [
                -139.12052,
                69.47102
              ],
              [
                -137.54636,
                68.99002
              ],
              [
                -136.50358,
                68.89804
              ],
              [
                -135.62576,
                69.31512
              ],
              [
                -134.41464,
                69.62743
              ],
              [
                -132.92925,
                69.50534
              ],
              [
                -131.43136,
                69.94451
              ],
              [
                -129.79471,
                70.19369
              ],
              [
                -129.10773,
                69.77927
              ],
              [
                -128.36156,
                70.01286
              ],
              [
                -128.13817,
                70.48384
              ],
              [
                -127.44712,
                70.37721
              ],
              [
                -125.75632,
                69.48058
              ],
              [
                -124.42483,
                70.1584
              ],
              [
                -124.28968,
                69.39969
              ],
              [
                -123.06108,
                69.56372
              ],
              [
                -122.6835,
                69.85553
              ],
              [
                -121.47226,
                69.79778
              ],
              [
                -119.94288,
                69.37786
              ],
              [
                -117.60268,
                69.01128
              ],
              [
                -116.22643,
                68.84151
              ],
              [
                -115.2469,
                68.90591
              ],
              [
                -113.89794,
                68.3989
              ],
              [
                -115.30489,
                67.90261
              ],
              [
                -113.49727,
                67.68815
              ],
              [
                -110.798,
                67.80612
              ],
              [
                -109.94619,
                67.98104
              ],
              [
                -108.8802,
                67.38144
              ],
              [
                -107.79239,
                67.88736
              ],
              [
                -108.81299,
                68.31164
              ],
              [
                -108.16721,
                68.65392
              ],
              [
                -106.95,
                68.7
              ],
              [
                -106.15,
                68.8
              ],
              [
                -105.34282,
                68.56122
              ],
              [
                -104.33791,
                68.018
              ],
              [
                -103.22115,
                68.09775
              ],
              [
                -101.45433,
                67.64689
              ],
              [
                -99.90195,
                67.80566
              ],
              [
                -98.4432,
                67.78165
              ],
              [
                -98.5586,
                68.40394
              ],
              [
                -97.66948,
                68.57864
              ],
              [
                -96.11991,
                68.23939
              ],
              [
                -96.12588,
                67.29338
              ],
              [
                -95.48943,
                68.0907
              ],
              [
                -94.685,
                68.06383
              ],
              [
                -94.23282,
                69.06903
              ],
              [
                -95.30408,
                69.68571
              ],
              [
                -96.47131,
                70.08976
              ],
              [
                -96.39115,
                71.19482
              ],
              [
                -95.2088,
                71.92053
              ],
              [
                -93.88997,
                71.76015
              ],
              [
                -92.87818,
                71.31869
              ],
              [
                -91.51964,
                70.19129
              ],
              [
                -92.40692,
                69.69997
              ],
              [
                -90.5471,
                69.49766
              ],
              [
                -90.55151,
                68.47499
              ],
              [
                -89.21515,
                69.25873
              ],
              [
                -88.01966,
                68.61508
              ],
              [
                -88.31749,
                67.87338
              ],
              [
                -87.35017,
                67.19872
              ],
              [
                -86.30607,
                67.92146
              ],
              [
                -85.57664,
                68.78456
              ],
              [
                -85.52197,
                69.88211
              ],
              [
                -84.10081,
                69.80539
              ],
              [
                -82.62258,
                69.65826
              ],
              [
                -81.28043,
                69.16202
              ],
              [
                -81.2202,
                68.66567
              ],
              [
                -81.96436,
                68.13253
              ],
              [
                -81.25928,
                67.59716
              ],
              [
                -81.38653,
                67.11078
              ],
              [
                -83.34456,
                66.41154
              ],
              [
                -84.73542,
                66.2573
              ],
              [
                -85.76943,
                66.55833
              ],
              [
                -86.0676,
                66.05625
              ],
              [
                -87.03143,
                65.21297
              ],
              [
                -87.32324,
                64.77563
              ],
              [
                -88.48296,
                64.09897
              ],
              [
                -89.91444,
                64.03273
              ],
              [
                -90.70398,
                63.61017
              ],
              [
                -90.77004,
                62.96021
              ],
              [
                -91.93342,
                62.83508
              ],
              [
                -93.15698,
                62.02469
              ],
              [
                -94.24153,
                60.89865
              ],
              [
                -94.62931,
                60.11021
              ],
              [
                -94.6846,
                58.94882
              ],
              [
                -93.21502,
                58.78212
              ],
              [
                -92.76462,
                57.84571
              ],
              [
                -92.29703,
                57.08709
              ],
              [
                -90.89769,
                57.28468
              ],
              [
                -89.03953,
                56.85172
              ],
              [
                -88.03978,
                56.47162
              ],
              [
                -87.32421,
                55.99914
              ],
              [
                -86.07121,
                55.72383
              ],
              [
                -85.01181,
                55.3026
              ],
              [
                -83.36055,
                55.24489
              ],
              [
                -82.27285,
                55.14832
              ],
              [
                -82.4362,
                54.28227
              ],
              [
                -82.12502,
                53.27703
              ],
              [
                -81.40075,
                52.15788
              ],
              [
                -79.91289,
                51.20842
              ],
              [
                -79.14301,
                51.53393
              ],
              [
                -78.60191,
                52.56208
              ],
              [
                -79.12421,
                54.14145
              ],
              [
                -79.82958,
                54.66772
              ],
              [
                -78.22874,
                55.13645
              ],
              [
                -77.0956,
                55.83741
              ],
              [
                -76.54137,
                56.53423
              ],
              [
                -76.62319,
                57.20263
              ],
              [
                -77.30226,
                58.05209
              ],
              [
                -78.51688,
                58.80458
              ],
              [
                -77.33676,
                59.85261
              ],
              [
                -77.77272,
                60.75788
              ],
              [
                -78.10687,
                62.31964
              ],
              [
                -77.41067,
                62.55053
              ],
              [
                -75.69621,
                62.2784
              ],
              [
                -74.6682,
                62.18111
              ],
              [
                -73.83988,
                62.4438
              ],
              [
                -72.90853,
                62.10507
              ],
              [
                -71.67708,
                61.52535
              ],
              [
                -71.37369,
                61.13717
              ],
              [
                -69.59042,
                61.06141
              ],
              [
                -69.62033,
                60.22125
              ],
              [
                -69.2879,
                58.95736
              ],
              [
                -68.37455,
                58.80106
              ],
              [
                -67.64976,
                58.21206
              ],
              [
                -66.20178,
                58.76731
              ],
              [
                -65.24517,
                59.87071
              ],
              [
                -64.58352,
                60.33558
              ],
              [
                -63.80475,
                59.4426
              ],
              [
                -62.50236,
                58.16708
              ],
              [
                -61.39655,
                56.96745
              ],
              [
                -61.79866,
                56.33945
              ],
              [
                -60.46853,
                55.77548
              ],
              [
                -59.56962,
                55.20407
              ],
              [
                -57.97508,
                54.94549
              ],
              [
                -57.3332,
                54.6265
              ],
              [
                -56.93689,
                53.78032
              ],
              [
                -56.15811,
                53.64749
              ],
              [
                -55.75632,
                53.27036
              ],
              [
                -55.68338,
                52.14664
              ],
              [
                -56.40916,
                51.7707
              ],
              [
                -57.12691,
                51.41972
              ],
              [
                -58.77482,
                51.0643
              ],
              [
                -60.03309,
                50.24277
              ],
              [
                -61.72366,
                50.08046
              ],
              [
                -63.86251,
                50.29099
              ],
              [
                -65.36331,
                50.2982
              ],
              [
                -66.39905,
                50.22897
              ],
              [
                -67.23631,
                49.51156
              ],
              [
                -68.51114,
                49.06836
              ],
              [
                -69.95362,
                47.74488
              ],
              [
                -71.10458,
                46.82171
              ],
              [
                -70.25522,
                46.98606
              ],
              [
                -68.65,
                48.3
              ],
              [
                -66.55243,
                49.1331
              ],
              [
                -65.05626,
                49.23278
              ],
              [
                -64.17099,
                48.74248
              ],
              [
                -65.11545,
                48.07085
              ],
              [
                -64.79854,
                46.99297
              ],
              [
                -64.47219,
                46.23849
              ],
              [
                -63.17329,
                45.73902
              ],
              [
                -61.52072,
                45.88377
              ],
              [
                -60.51815,
                47.00793
              ],
              [
                -60.4486,
                46.28264
              ],
              [
                -59.80287,
                45.9204
              ],
              [
                -61.03988,
                45.26525
              ],
              [
                -63.25471,
                44.67014
              ],
              [
                -64.24656,
                44.26553
              ],
              [
                -65.36406,
                43.54523
              ],
              [
                -66.1234,
                43.61867
              ],
              [
                -66.16173,
                44.46512
              ],
              [
                -64.42549,
                45.29204
              ],
              [
                -66.02605,
                45.25931
              ],
              [
                -67.13741,
                45.13753
              ],
              [
                -67.79134,
                45.70281
              ],
              [
                -67.79046,
                47.06636
              ],
              [
                -68.23444,
                47.35486
              ],
              [
                -68.905,
                47.185
              ],
              [
                -69.237216,
                47.447781
              ],
              [
                -69.99997,
                46.69307
              ],
              [
                -70.305,
                45.915
              ],
              [
                -70.66,
                45.46
              ],
              [
                -71.08482,
                45.30524000000014
              ],
              [
                -71.405,
                45.255
              ],
              [
                -71.50506,
                45.0082
              ],
              [
                -73.34783,
                45.00738
              ],
              [
                -74.867,
                45.00048
              ],
              [
                -75.31821,
                44.81645
              ],
              [
                -76.34161476811961,
                44.119060064711384
              ],
              [
                -76.35303422718391,
                44.134670722015045
              ],
              [
                -76.56555355498425,
                44.20802541765336
              ],
              [
                -76.88269181995948,
                44.0694550644627
              ],
              [
                -77.16148617217414,
                43.850140285815996
              ],
              [
                -77.60536088734519,
                44.039327704436545
              ],
              [
                -78.45052893747877,
                43.9031861435636
              ],
              [
                -79.1561706204243,
                43.75743276628437
              ],
              [
                -79.46116492381094,
                43.639197089200565
              ],
              [
                -79.76047481964547,
                43.29720246029295
              ],
              [
                -79.36168779164908,
                43.20237620703736
              ],
              [
                -79.05630591502026,
                43.25410431576152
              ],
              [
                -79.00870151791682,
                43.26559958849586
              ],
              [
                -78.92,
                42.965
              ],
              [
                -78.92000453179156,
                42.96497626956534
              ],
              [
                -78.92000932485044,
                42.96500051530464
              ],
              [
                -79.79135148793986,
                42.84203644466612
              ],
              [
                -80.27917700877515,
                42.71566172949635
              ],
              [
                -80.54515560578142,
                42.560089830081665
              ],
              [
                -81.09496700715081,
                42.66075552018623
              ],
              [
                -81.39226152212595,
                42.61517690690481
              ],
              [
                -81.82918575715374,
                42.33552989355732
              ],
              [
                -82.57123348664891,
                42.01702220312636
              ],
              [
                -83.11999151657461,
                42.080013496358575
              ],
              [
                -82.9,
                42.43
              ],
              [
                -82.43,
                42.98
              ],
              [
                -82.42999110501752,
                42.98001798384264
              ],
              [
                -81.78272864452336,
                43.310845038417995
              ],
              [
                -81.70017554393709,
                43.590052802090995
              ],
              [
                -81.75265296092948,
                44.06464915625956
              ],
              [
                -81.27567949087549,
                44.6201708033972
              ],
              [
                -81.40233842642287,
                45.25005483660284
              ],
              [
                -80.89769222687659,
                44.63164297136599
              ],
              [
                -80.08500281443844,
                44.493925279308144
              ],
              [
                -79.76292945017934,
                44.824602769543844
              ],
              [
                -80.41056433787725,
                45.590137437515665
              ],
              [
                -80.73679765493583,
                45.90381338152733
              ],
              [
                -81.63136837434045,
                46.09754832618957
              ],
              [
                -82.44199072948692,
                46.19963511818216
              ],
              [
                -83.20251278352643,
                46.21015127215355
              ],
              [
                -83.95257036002683,
                46.334278062518635
              ],
              [
                -84.14870825879063,
                46.55576325132161
              ],
              [
                -84.33670580515361,
                46.40877066731129
              ],
              [
                -84.6049,
                46.4396
              ],
              [
                -84.6041130905361,
                46.44087503986238
              ],
              [
                -84.39559241406505,
                46.77683502866624
              ],
              [
                -84.81528255892351,
                46.90233124448706
              ],
              [
                -84.64500871452178,
                47.28220469826462
              ],
              [
                -85.04061764193222,
                47.575700995466306
              ],
              [
                -84.8642201403039,
                47.86007640236849
              ],
              [
                -85.98652889681881,
                48.01035146747326
              ],
              [
                -86.32103044304411,
                48.57729360614741
              ],
              [
                -86.56000810417788,
                48.71108388935106
              ],
              [
                -87.24903581414156,
                48.73511343036678
              ],
              [
                -88.17895321323383,
                48.93670319273738
              ],
              [
                -88.40423661981026,
                48.80632355406499
              ],
              [
                -88.62641944044917,
                48.56251414651193
              ],
              [
                -89.19405921095924,
                48.40546946877693
              ],
              [
                -89.5999926596536,
                48.01000022011575
              ],
              [
                -89.6,
                48.010000000000105
              ],
              [
                -90.83,
                48.27
              ],
              [
                -91.64,
                48.14
              ],
              [
                -92.61,
                48.45
              ],
              [
                -93.63087,
                48.60926
              ],
              [
                -94.32914,
                48.67074
              ],
              [
                -94.64,
                48.84
              ],
              [
                -94.81758,
                49.38905
              ],
              [
                -95.15609,
                49.38425
              ],
              [
                -95.15906950917206,
                49.0
              ],
              [
                -97.2287200000048,
                49.0007
              ],
              [
                -100.65,
                49.000000000000114
              ],
              [
                -104.04826,
                48.99986
              ],
              [
                -107.05,
                49.0
              ],
              [
                -110.05,
                49.0
              ],
              [
                -113.0,
                49.0
              ],
              [
                -116.04818,
                49.0
              ],
              [
                -117.03121,
                49.0
              ],
              [
                -120.0,
                49.000000000000114
              ],
              [
                -122.84,
                49.000000000000114
              ]
            ]
          ],
          [
            [
              [
                -78.77063859731078,
                72.35217316353418
              ],
              [
                -77.8246239895596,
                72.74961660429098
              ],
              [
                -75.60584469267573,
                72.2436784939374
              ],
              [
                -74.228616095665,
                71.76714427355789
              ],
              [
                -74.09914079455771,
                71.33084015571758
              ],
              [
                -72.24222571479768,
                71.55692454699452
              ],
              [
                -71.20001542833518,
                70.92001251899718
              ],
              [
                -68.7860542466849,
                70.52502370877427
              ],
              [
                -67.91497046575694,
                70.12194753689765
              ],
              [
                -66.9690333726542,
                69.18608734809182
              ],
              [
                -68.8051228502006,
                68.72019847276444
              ],
              [
                -66.4498660956339,
                68.06716339789203
              ],
              [
                -64.86231441919524,
                67.84753856065159
              ],
              [
                -63.424934454996794,
                66.92847321234059
              ],
              [
                -61.851981370680605,
                66.86212067327783
              ],
              [
                -62.16317684594226,
                66.16025136988962
              ],
              [
                -63.918444383384184,
                64.9986685248329
              ],
              [
                -65.14886023625368,
                65.42603261988667
              ],
              [
                -66.72121904159852,
                66.38804108343219
              ],
              [
                -68.015016038674,
                66.26272573512439
              ],
              [
                -68.1412874009792,
                65.68978913030439
              ],
              [
                -67.08964616562342,
                65.10845510523696
              ],
              [
                -65.73208045109976,
                64.64840566675856
              ],
              [
                -65.32016760930125,
                64.38273712834605
              ],
              [
                -64.66940629744968,
                63.392926744227495
              ],
              [
                -65.01380388045888,
                62.67418508569598
              ],
              [
                -66.27504472519048,
                62.94509878198612
              ],
              [
                -68.7831862046927,
                63.74567007105183
              ],
              [
                -67.36968075221309,
                62.88396556258484
              ],
              [
                -66.32829728866726,
                62.28007477482201
              ],
              [
                -66.16556820338015,
                61.93089712182582
              ],
              [
                -68.87736650254465,
                62.330149237712824
              ],
              [
                -71.02343705919385,
                62.91070811629588
              ],
              [
                -72.23537858751902,
                63.39783600529522
              ],
              [
                -71.88627844917127,
                63.67998932560887
              ],
              [
                -73.37830624051838,
                64.19396312118384
              ],
              [
                -74.83441891142263,
                64.6790756293238
              ],
              [
                -74.81850257027673,
                64.38909332951793
              ],
              [
                -77.70997982452008,
                64.22954234481678
              ],
              [
                -78.5559488593542,
                64.57290639918013
              ],
              [
                -77.89728105336198,
                65.30919220647475
              ],
              [
                -76.01827429879717,
                65.32696889918314
              ],
              [
                -73.95979529488268,
                65.45476471624094
              ],
              [
                -74.29388342964964,
                65.81177134872938
              ],
              [
                -73.94491248238262,
                66.31057811142666
              ],
              [
                -72.65116716173942,
                67.28457550726391
              ],
              [
                -72.92605994331605,
                67.72692576768235
              ],
              [
                -73.31161780464572,
                68.06943716091287
              ],
              [
                -74.84330725777684,
                68.55462718370127
              ],
              [
                -76.86910091826672,
                68.89473562283025
              ],
              [
                -76.22864905465738,
                69.14776927354741
              ],
              [
                -77.28736996123715,
                69.76954010688321
              ],
              [
                -78.1686339993266,
                69.82648753526887
              ],
              [
                -78.95724219431673,
                70.16688019477543
              ],
              [
                -79.49245500356366,
                69.87180776638884
              ],
              [
                -81.30547095409176,
                69.74318512641436
              ],
              [
                -84.94470618359851,
                69.96663401964442
              ],
              [
                -87.06000342481789,
                70.26000112576538
              ],
              [
                -88.68171322300148,
                70.4107412787608
              ],
              [
                -89.51341956252303,
                70.76203766548095
              ],
              [
                -88.46772111688082,
                71.21818553332132
              ],
              [
                -89.88815121128755,
                71.22255219184997
              ],
              [
                -90.20516028518205,
                72.23507436796079
              ],
              [
                -89.436576707705,
                73.12946421985238
              ],
              [
                -88.40824154331287,
                73.53788890247121
              ],
              [
                -85.82615108920098,
                73.80381582304518
              ],
              [
                -86.56217851433412,
                73.15744700793844
              ],
              [
                -85.77437130404454,
                72.53412588163387
              ],
              [
                -84.85011247428822,
                73.34027822538708
              ],
              [
                -82.31559017610101,
                73.7509508328106
              ],
              [
                -80.60008765330768,
                72.71654368762417
              ],
              [
                -80.74894161652443,
                72.06190664335072
              ],
              [
                -78.77063859731078,
                72.35217316353418
              ]
            ]
          ],
          [
            [
              [
                -91.58702,
                81.89429
              ],
              [
                -90.1,
                82.085
              ],
              [
                -88.93227,
                82.11751
              ],
              [
                -86.97024,
                82.27961
              ],
              [
                -85.5,
                82.65227345805702
              ],
              [
                -84.260005,
                82.6
              ],
              [
                -83.18,
                82.32
              ],
              [
                -82.42,
                82.86
              ],
              [
                -81.1,
                83.02
              ],
              [
                -79.30664,
                83.13056
              ],
              [
                -76.25,
                83.17205882352941
              ],
              [
                -75.71878,
                83.06404
              ],
              [
                -72.83153,
                83.23324
              ],
              [
                -70.665765,
                83.16978075838284
              ],
              [
                -68.5,
                83.10632151676572
              ],
              [
                -65.82735,
                83.02801
              ],
              [
                -63.68,
                82.9
              ],
              [
                -61.85,
                82.6286
              ],
              [
                -61.89388,
                82.36165
              ],
              [
                -64.334,
                81.92775
              ],
              [
                -66.75342,
                81.72527
              ],
              [
                -67.65755,
                81.50141
              ],
              [
                -65.48031,
                81.50657
              ],
              [
                -67.84,
                80.9
              ],
              [
                -69.4697,
                80.61683
              ],
              [
                -71.18,
                79.8
              ],
              [
                -73.2428,
                79.63415
              ],
              [
                -73.88,
                79.43016220480206
              ],
              [
                -76.90773,
                79.32309
              ],
              [
                -75.52924,
                79.19766
              ],
              [
                -76.22046,
                79.01907
              ],
              [
                -75.39345,
                78.52581
              ],
              [
                -76.34354,
                78.18296
              ],
              [
                -77.88851,
                77.89991
              ],
              [
                -78.36269,
                77.50859
              ],
              [
                -79.75951,
                77.20968
              ],
              [
                -79.61965,
                76.98336
              ],
              [
                -77.91089,
                77.022045
              ],
              [
                -77.88911,
                76.777955
              ],
              [
                -80.56125,
                76.17812
              ],
              [
                -83.17439,
                76.45403
              ],
              [
                -86.11184,
                76.29901
              ],
              [
                -87.6,
                76.42
              ],
              [
                -89.49068,
                76.47239
              ],
              [
                -89.6161,
                76.95213
              ],
              [
                -87.76739,
                77.17833
              ],
              [
                -88.26,
                77.9
              ],
              [
                -87.65,
                77.97022222222223
              ],
              [
                -84.97634,
                77.53873
              ],
              [
                -86.34,
                78.18
              ],
              [
                -87.96192,
                78.37181
              ],
              [
                -87.15198,
                78.75867
              ],
              [
                -85.37868,
                78.9969
              ],
              [
                -85.09495,
                79.34543
              ],
              [
                -86.50734,
                79.73624
              ],
              [
                -86.93179,
                80.25145
              ],
              [
                -84.19844,
                80.20836
              ],
              [
                -83.40869565217389,
                80.1
              ],
              [
                -81.84823,
                80.46442
              ],
              [
                -84.1,
                80.58
              ],
              [
                -87.59895,
                80.51627
              ],
              [
                -89.36663,
                80.85569
              ],
              [
                -90.2,
                81.26
              ],
              [
                -91.36786,
                81.5531
              ],
              [
                -91.58702,
                81.89429
              ]
            ]
          ],
          [
            [
              [
                -106.52259,
                73.07601
              ],
              [
                -105.40246,
                72.67259
              ],
              [
                -104.77484,
                71.6984000000001
              ],
              [
                -104.4647599999999,
                70.99297
              ],
              [
                -102.78537,
                70.49776
              ],
              [
                -100.98078,
                70.02432
              ],
              [
                -101.08929,
                69.58447000000012
              ],
              [
                -102.73116,
                69.50402
              ],
              [
                -102.09329,
                69.11962000000011
              ],
              [
                -102.43024,
                68.75282
              ],
              [
                -104.24,
                68.91
              ],
              [
                -105.96,
                69.18000000000012
              ],
              [
                -107.12254,
                69.11922
              ],
              [
                -109.0,
                68.78
              ],
              [
                -111.53414887520017,
                68.63005915681794
              ],
              [
                -113.3132,
                68.53554
              ],
              [
                -113.85495999999989,
                69.00744
              ],
              [
                -115.22,
                69.28
              ],
              [
                -116.10794,
                69.16821
              ],
              [
                -117.34,
                69.96
              ],
              [
                -116.67473,
                70.06655
              ],
              [
                -115.13112,
                70.2373
              ],
              [
                -113.72141,
                70.19237
              ],
              [
                -112.4161,
                70.36638
              ],
              [
                -114.35,
                70.6
              ],
              [
                -116.48684,
                70.52045
              ],
              [
                -117.9048,
                70.54056000000014
              ],
              [
                -118.43238,
                70.9092
              ],
              [
                -116.11311,
                71.30918
              ],
              [
                -117.65568,
                71.2952
              ],
              [
                -119.40199,
                71.55859
              ],
              [
                -118.56267,
                72.30785
              ],
              [
                -117.86642,
                72.70594
              ],
              [
                -115.18909,
                73.31459000000012
              ],
              [
                -114.16717,
                73.12145
              ],
              [
                -114.66634,
                72.65277
              ],
              [
                -112.44102,
                72.95540000000011
              ],
              [
                -111.05039,
                72.4504
              ],
              [
                -109.92035,
                72.96113
              ],
              [
                -109.00654,
                72.63335
              ],
              [
                -108.18835,
                71.65089
              ],
              [
                -107.68599,
                72.06548
              ],
              [
                -108.39639,
                73.08953
              ],
              [
                -107.51645,
                73.23598
              ],
              [
                -106.52259,
                73.07601
              ]
            ]
          ],
          [
            [
              [
                -55.600218268442056,
                51.31707469339794
              ],
              [
                -56.13403581401709,
                50.68700979267928
              ],
              [
                -56.795881720595276,
                49.81230866149089
              ],
              [
                -56.14310502788433,
                50.15011749938286
              ],
              [
                -55.471492275603,
                49.93581533466846
              ],
              [
                -55.82240108908096,
                49.58712860777905
              ],
              [
                -54.935142584845636,
                49.3130109726868
              ],
              [
                -54.473775397343786,
                49.556691189159125
              ],
              [
                -53.47654944519137,
                49.24913890237404
              ],
              [
                -53.786013759971254,
                48.516780503933624
              ],
              [
                -53.08613399922626,
                48.68780365660358
              ],
              [
                -52.958648240762216,
                48.15716421161447
              ],
              [
                -52.64809872090421,
                47.53554840757552
              ],
              [
                -53.069158291218386,
                46.65549876564492
              ],
              [
                -53.521456264853,
                46.61829173439477
              ],
              [
                -54.17893551290251,
                46.80706574155698
              ],
              [
                -53.9618686590605,
                47.62520701760193
              ],
              [
                -54.24048214376214,
                47.752279364607645
              ],
              [
                -55.40077307801157,
                46.884993801453135
              ],
              [
                -55.99748084168583,
                46.919720363953275
              ],
              [
                -55.29121904155279,
                47.38956248635099
              ],
              [
                -56.250798712780586,
                47.632545070987376
              ],
              [
                -57.32522925477708,
                47.57280711525797
              ],
              [
                -59.26601518414682,
                47.60334788674247
              ],
              [
                -59.419494188053676,
                47.899453843774886
              ],
              [
                -58.79658647320744,
                48.25152537697942
              ],
              [
                -59.23162451845657,
                48.52318838153781
              ],
              [
                -58.3918049790652,
                49.12558055276418
              ],
              [
                -57.35868974468606,
                50.71827403421587
              ],
              [
                -56.738650071832026,
                51.28743825947855
              ],
              [
                -55.87097693543532,
                51.63209422464921
              ],
              [
                -55.40697424988659,
                51.5882726100657
              ],
              [
                -55.600218268442056,
                51.31707469339794
              ]
            ]
          ],
          [
            [
              [
                -88.15035030796028,
                74.39230703398503
              ],
              [
                -89.7647220527584,
                74.51555532500116
              ],
              [
                -92.42244096552946,
                74.83775788034099
              ],
              [
                -92.76828548864282,
                75.38681997344214
              ],
              [
                -92.88990597204175,
                75.88265534128267
              ],
              [
                -93.89382402217599,
                76.31924367950056
              ],
              [
                -95.9624574450358,
                76.4413809272224
              ],
              [
                -97.1213789538295,
                76.7510777859476
              ],
              [
                -96.74512285031237,
                77.16138865834507
              ],
              [
                -94.68408586299944,
                77.09787832305837
              ],
              [
                -93.57392106807313,
                76.77629588490605
              ],
              [
                -91.6050231595366,
                76.7785179714946
              ],
              [
                -90.7418458727493,
                76.44959747995681
              ],
              [
                -90.96966142450802,
                76.07401317005947
              ],
              [
                -89.82223792189926,
                75.84777374948565
              ],
              [
                -89.18708289259985,
                75.61016551380762
              ],
              [
                -87.83827633334965,
                75.56618886992725
              ],
              [
                -86.37919226758864,
                75.4824213731821
              ],
              [
                -84.78962521029058,
                75.69920400664653
              ],
              [
                -82.75344458691006,
                75.78431509063124
              ],
              [
                -81.12853084992436,
                75.71398346628199
              ],
              [
                -80.05751095245915,
                75.33684886341591
              ],
              [
                -79.83393286814837,
                74.92312734648716
              ],
              [
                -80.45777075877587,
                74.65730377877777
              ],
              [
                -81.94884253612557,
                74.44245901152432
              ],
              [
                -83.22889360221143,
                74.56402781849094
              ],
              [
                -86.09745235873332,
                74.41003205026117
              ],
              [
                -88.15035030796028,
                74.39230703398503
              ]
            ]
          ],
          [
            [
              [
                -107.81943,
                75.84552
              ],
              [
                -106.92893,
                76.01282
              ],
              [
                -105.881,
                75.9694
              ],
              [
                -105.70498,
                75.47951
              ],
              [
                -106.31347,
                75.00527
              ],
              [
                -109.7,
                74.85
              ],
              [
                -112.22307,
                74.41696
              ],
              [
                -113.74381,
                74.39427
              ],
              [
                -113.87135,
                74.72029
              ],
              [
                -111.79421,
                75.1625
              ],
              [
                -116.31221,
                75.04343
              ],
              [
                -117.7104,
                75.2222
              ],
              [
                -116.34602,
                76.19903
              ],
              [
                -115.40487,
                76.47887
              ],
              [
                -112.59056,
                76.14134
              ],
              [
                -110.81422,
                75.54919
              ],
              [
                -109.0671,
                75.47321
              ],
              [
                -110.49726,
                76.42982
              ],
              [
                -109.5811,
                76.79417
              ],
              [
                -108.54859,
                76.67832
              ],
              [
                -108.21141,
                76.20168
              ],
              [
                -107.81943,
                75.84552
              ]
            ]
          ],
          [
            [
              [
                -96.01644,
                80.60233
              ],
              [
                -95.32345,
                80.90729
              ],
              [
                -94.29843,
                80.97727
              ],
              [
                -94.73542,
                81.20646
              ],
              [
                -92.40984,
                81.25739
              ],
              [
                -91.13289,
                80.72345
              ],
              [
                -89.45,
                80.50932203389831
              ],
              [
                -87.81,
                80.32
              ],
              [
                -87.02,
                79.66
              ],
              [
                -85.81435,
                79.3369
              ],
              [
                -87.18756,
                79.0393
              ],
              [
                -89.03535,
                78.28723
              ],
              [
                -90.80436,
                78.21533
              ],
              [
                -92.87669,
                78.34333
              ],
              [
                -93.95116,
                78.75099
              ],
              [
                -93.93574,
                79.11373
              ],
              [
                -93.14524,
                79.3801
              ],
              [
                -94.974,
                79.37248
              ],
              [
                -96.07614,
                79.70502
              ],
              [
                -96.70972,
                80.15777
              ],
              [
                -96.01644,
                80.60233
              ]
            ]
          ],
          [
            [
              [
                -83.88262630891977,
                65.10961782496354
              ],
              [
                -82.78757687043883,
                64.76669302027467
              ],
              [
                -81.6420137193926,
                64.45513580998697
              ],
              [
                -81.55344031444432,
                63.97960928003714
              ],
              [
                -80.81736121287886,
                64.057485663501
              ],
              [
                -80.10345130076664,
                63.72598135034862
              ],
              [
                -80.99101986359572,
                63.41124603947496
              ],
              [
                -82.54717810741704,
                63.65172231714521
              ],
              [
                -83.10879757356511,
                64.10187571883971
              ],
              [
                -84.10041663281388,
                63.569711819098
              ],
              [
                -85.52340471061905,
                63.052379055424055
              ],
              [
                -85.8667687649824,
                63.63725291610349
              ],
              [
                -87.22198320183678,
                63.54123810490519
              ],
              [
                -86.35275977247133,
                64.0358332383707
              ],
              [
                -86.2248864407651,
                64.82291697860823
              ],
              [
                -85.88384782585486,
                65.7387783881171
              ],
              [
                -85.1613079495499,
                65.6572846543928
              ],
              [
                -84.97576371940592,
                65.21751821558898
              ],
              [
                -84.4640120104195,
                65.37177236598022
              ],
              [
                -83.88262630891977,
                65.10961782496354
              ]
            ]
          ],
          [
            [
              [
                -121.53788,
                74.44893
              ],
              [
                -120.10978,
                74.24135
              ],
              [
                -117.55564,
                74.18577
              ],
              [
                -116.58442,
                73.89607
              ],
              [
                -115.51081,
                73.47519
              ],
              [
                -116.76794,
                73.22292
              ],
              [
                -119.22,
                72.52
              ],
              [
                -120.46,
                71.82
              ],
              [
                -120.46,
                71.38360179308756
              ],
              [
                -123.09219,
                70.90164
              ],
              [
                -123.62,
                71.34
              ],
              [
                -125.92894873747338,
                71.86868846301138
              ],
              [
                -125.5,
                72.29226081179502
              ],
              [
                -124.80729,
                73.02256
              ],
              [
                -123.94,
                73.68000000000012
              ],
              [
                -124.91775,
                74.29275000000013
              ],
              [
                -121.53788,
                74.44893
              ]
            ]
          ],
          [
            [
              [
                -123.51000158755119,
                48.51001089130341
              ],
              [
                -124.01289078839955,
                48.37084625914139
              ],
              [
                -125.65501277733838,
                48.8250045843385
              ],
              [
                -125.95499446679275,
                49.17999583596759
              ],
              [
                -126.85000443587185,
                49.53000031188043
              ],
              [
                -127.02999344954443,
                49.81499583597008
              ],
              [
                -128.0593363043662,
                49.9949590114266
              ],
              [
                -128.44458410710214,
                50.539137681676095
              ],
              [
                -128.35841365625546,
                50.77064809834371
              ],
              [
                -127.30858109602994,
                50.552573554071955
              ],
              [
                -126.69500097721235,
                50.400903225295394
              ],
              [
                -125.7550066738232,
                50.29501821552935
              ],
              [
                -125.4150015875588,
                49.95000051533259
              ],
              [
                -124.92076818911934,
                49.475274970083376
              ],
              [
                -123.92250870832106,
                49.06248362893581
              ],
              [
                -123.51000158755119,
                48.51001089130341
              ]
            ]
          ],
          [
            [
              [
                -100.43836,
                72.70588
              ],
              [
                -101.54,
                73.36
              ],
              [
                -100.35642,
                73.84389
              ],
              [
                -99.16387,
                73.63339
              ],
              [
                -97.38,
                73.76
              ],
              [
                -97.12,
                73.47
              ],
              [
                -98.05359,
                72.99052
              ],
              [
                -96.54,
                72.56
              ],
              [
                -96.72,
                71.66
              ],
              [
                -98.35966,
                71.27285
              ],
              [
                -99.32286,
                71.35639
              ],
              [
                -100.01482,
                71.73827
              ],
              [
                -102.5,
                72.51
              ],
              [
                -102.48,
                72.83
              ],
              [
                -100.43836,
                72.70588
              ]
            ]
          ],
          [
            [
              [
                -98.5,
                76.72
              ],
              [
                -97.735585,
                76.25656
              ],
              [
                -97.704415,
                75.74344
              ],
              [
                -98.16,
                75.0
              ],
              [
                -99.80874,
                74.89744
              ],
              [
                -100.88366,
                75.05736
              ],
              [
                -100.86292,
                75.64075
              ],
              [
                -102.50209,
                75.5638
              ],
              [
                -102.56552,
                76.3366
              ],
              [
                -101.48973,
                76.30537
              ],
              [
                -99.98349,
                76.64634
              ],
              [
                -98.57699,
                76.58859
              ],
              [
                -98.5,
                76.72
              ]
            ]
          ],
          [
            [
              [
                -122.85492448615902,
                76.11654287383568
              ],
              [
                -122.85492529360326,
                76.11654287383568
              ],
              [
                -121.15753536032824,
                76.86450755482828
              ],
              [
                -119.1039389718211,
                77.51221995717462
              ],
              [
                -117.570130784966,
                77.4983189968881
              ],
              [
                -116.19858659550738,
                77.6452867703262
              ],
              [
                -116.33581336145845,
                76.87696157501061
              ],
              [
                -117.10605058476882,
                76.53003184681911
              ],
              [
                -118.04041215703819,
                76.48117178008714
              ],
              [
                -119.89931758688572,
                76.053213406062
              ],
              [
                -121.49999507712648,
                75.90001862253276
              ],
              [
                -122.85492448615902,
                76.11654287383568
              ]
            ]
          ],
          [
            [
              [
                -79.77583312988281,
                72.8029022216797
              ],
              [
                -80.87609863281251,
                73.33318328857422
              ],
              [
                -80.83388519287111,
                73.69318389892578
              ],
              [
                -80.35305786132812,
                73.75971984863281
              ],
              [
                -78.06443786621094,
                73.65193176269531
              ],
              [
                -76.34,
                73.10268498995305
              ],
              [
                -76.25140380859375,
                72.82638549804688
              ],
              [
                -77.31443786621094,
                72.85554504394531
              ],
              [
                -78.39167022705078,
                72.87665557861328
              ],
              [
                -79.4862518310547,
                72.74220275878906
              ],
              [
                -79.77583312988281,
                72.8029022216797
              ]
            ]
          ],
          [
            [
              [
                -94.50365759965237,
                74.13490672473922
              ],
              [
                -92.42001217321173,
                74.1000251329422
              ],
              [
                -90.50979285354263,
                73.85673248971206
              ],
              [
                -92.00396521682987,
                72.96624420845852
              ],
              [
                -93.19629553910026,
                72.77199249947334
              ],
              [
                -94.26904659704726,
                72.02459625923599
              ],
              [
                -95.40985551632266,
                72.06188080513458
              ],
              [
                -96.03374508338244,
                72.94027680123183
              ],
              [
                -96.01826799191102,
                73.43742991809582
              ],
              [
                -95.49579342322404,
                73.86241689726417
              ],
              [
                -94.50365759965237,
                74.13490672473922
              ]
            ]
          ],
          [
            [
              [
                -132.71000788443126,
                54.04000931542356
              ],
              [
                -131.74998958400334,
                54.12000438090922
              ],
              [
                -132.049480347351,
                52.98462148702447
              ],
              [
                -131.1790425218266,
                52.180432847698285
              ],
              [
                -131.57782954982298,
                52.18237071390928
              ],
              [
                -132.18042842677852,
                52.639707139692405
              ],
              [
                -132.54999243231384,
                53.100014960332146
              ],
              [
                -133.05461117875552,
                53.411468817755406
              ],
              [
                -133.2396644827927,
                53.851080227262344
              ],
              [
                -133.1800040417117,
                54.169975490935315
              ],
              [
                -132.71000788443126,
                54.04000931542356
              ]
            ]
          ],
          [
            [
              [
                -105.4922891914932,
                79.30159393992916
              ],
              [
                -103.52928239623795,
                79.16534902619163
              ],
              [
                -100.8251580472688,
                78.80046173777872
              ],
              [
                -100.0601918200522,
                78.32475434031589
              ],
              [
                -99.67093909381364,
                77.90754466420744
              ],
              [
                -101.30394019245301,
                78.01898489044486
              ],
              [
                -102.94980872273302,
                78.34322866486023
              ],
              [
                -105.17613277873151,
                78.3803323432458
              ],
              [
                -104.21042945027713,
                78.67742015249176
              ],
              [
                -105.41958045125853,
                78.91833567983649
              ],
              [
                -105.4922891914932,
                79.30159393992916
              ]
            ]
          ],
          [
            [
              [
                -96.25740120380055,
                69.49003035832177
              ],
              [
                -95.64768120380054,
                69.10769035832178
              ],
              [
                -96.26952120380055,
                68.75704035832177
              ],
              [
                -97.61740120380055,
                69.06003035832177
              ],
              [
                -98.43180120380055,
                68.95070035832177
              ],
              [
                -99.79740120380055,
                69.40003035832177
              ],
              [
                -98.91740120380055,
                69.71003035832177
              ],
              [
                -98.21826120380055,
                70.14354035832177
              ],
              [
                -97.15740120380055,
                69.86003035832177
              ],
              [
                -96.55740120380055,
                69.68003035832177
              ],
              [
                -96.25740120380055,
                69.49003035832177
              ]
            ]
          ],
          [
            [
              [
                -96.75439876990876,
                78.76581268992702
              ],
              [
                -95.5592779202946,
                78.41831452098033
              ],
              [
                -95.83029496944934,
                78.05694122996324
              ],
              [
                -97.30984290239799,
                77.85059723582181
              ],
              [
                -98.12428931353404,
                78.08285696075761
              ],
              [
                -98.55286780474668,
                78.45810537384507
              ],
              [
                -98.63198442258553,
                78.87193024363837
              ],
              [
                -97.33723141151266,
                78.83198436147676
              ],
              [
                -96.75439876990876,
                78.76581268992702
              ]
            ]
          ],
          [
            [
              [
                -75.21597,
                67.44425
              ],
              [
                -75.86588,
                67.14886
              ],
              [
                -76.98687,
                67.09873
              ],
              [
                -77.2364,
                67.58809
              ],
              [
                -76.81166,
                68.14856
              ],
              [
                -75.89521,
                68.28721
              ],
              [
                -75.1145,
                68.01036
              ],
              [
                -75.10333,
                67.58202
              ],
              [
                -75.21597,
                67.44425
              ]
            ]
          ],
          [
            [
              [
                -64.01486,
                47.03601
              ],
              [
                -63.6645,
                46.55001
              ],
              [
                -62.9393,
                46.41587
              ],
              [
                -62.01208,
                46.44314
              ],
              [
                -62.50391,
                46.03339
              ],
              [
                -62.87433,
                45.96818
              ],
              [
                -64.1428,
                46.39265
              ],
              [
                -64.39261,
                46.72747
              ],
              [
                -64.01486,
                47.03601
              ]
            ]
          ],
          [
            [
              [
                -80.315395,
                62.085565
              ],
              [
                -79.92939,
                62.3856
              ],
              [
                -79.52002,
                62.36371
              ],
              [
                -79.26582,
                62.158675
              ],
              [
                -79.65752,
                61.63308
              ],
              [
                -80.09956,
                61.7181
              ],
              [
                -80.36215,
                62.01649
              ],
              [
                -80.315395,
                62.085565
              ]
            ]
          ],
          [
            [
              [
                -93.61275590694046,
                74.97999726022438
              ],
              [
                -94.15690873897391,
                74.59234650338688
              ],
              [
                -95.60868058956564,
                74.66686391875176
              ],
              [
                -96.82093217648455,
                74.92762319609658
              ],
              [
                -96.28858740922982,
                75.37782827422338
              ],
              [
                -94.85081987178917,
                75.64721751576089
              ],
              [
                -93.97774654821797,
                75.29648956979595
              ],
              [
                -93.61275590694046,
                74.97999726022438
              ]
            ]
          ],
          [
            [
              [
                -64.51912,
                49.87304
              ],
              [
                -64.17322,
                49.95718
              ],
              [
                -62.85829,
                49.70641
              ],
              [
                -61.835585,
                49.28855
              ],
              [
                -61.806305,
                49.10506
              ],
              [
                -62.29318,
                49.08717
              ],
              [
                -63.58926,
                49.40069
              ],
              [
                -64.51912,
                49.87304
              ]
            ]
          ],
          [
            [
              [
                -83.99367,
                62.4528
              ],
              [
                -83.25048,
                62.91409
              ],
              [
                -81.87699,
                62.90458
              ],
              [
                -81.89825,
                62.7108
              ],
              [
                -83.06857,
                62.15922
              ],
              [
                -83.77462,
                62.18231
              ],
              [
                -83.99367,
                62.4528
              ]
            ]
          ],
          [
            [
              [
                -93.84000301794399,
                77.51999726023455
              ],
              [
                -94.29560828324529,
                77.49134267852868
              ],
              [
                -96.16965410031007,
                77.55511139597685
              ],
              [
                -96.43630449093614,
                77.83462921824362
              ],
              [
                -94.42257727738641,
                77.820004787905
              ],
              [
                -93.7206562975659,
                77.63433136668031
              ],
              [
                -93.84000301794399,
                77.51999726023455
              ]
            ]
          ],
          [
            [
              [
                -111.26444332563088,
                78.15295604116154
              ],
              [
                -109.85445187054711,
                77.99632477488488
              ],
              [
                -110.18693803591302,
                77.69701487905034
              ],
              [
                -112.0511911690585,
                77.4092288276169
              ],
              [
                -113.53427893761912,
                77.73220652944111
              ],
              [
                -112.7245867582539,
                78.05105011668196
              ],
              [
                -111.26444332563088,
                78.15295604116154
              ]
            ]
          ],
          [
            [
              [
                -110.96366065147602,
                78.8044408230652
              ],
              [
                -109.6631457182026,
                78.60197256134565
              ],
              [
                -110.88131425661892,
                78.40691986765997
              ],
              [
                -112.54209143761516,
                78.4079017198735
              ],
              [
                -112.52589087609164,
                78.55055451121522
              ],
              [
                -111.5000103422334,
                78.8499935981305
              ],
              [
                -110.96366065147602,
                78.8044408230652
              ]
            ]
          ],
          [
            [
              [
                -106.6,
                73.6
              ],
              [
                -105.26,
                73.64
              ],
              [
                -104.5,
                73.42
              ],
              [
                -105.38,
                72.76
              ],
              [
                -106.94,
                73.46
              ],
              [
                -106.6,
                73.6
              ]
            ]
          ]
        ]
      }
    }
  ]
}