{
  "type": "FeatureCollection",
  "features": [
    {
      "type": "Feature",
      "geometry": {
        "type": "Polygon",
        "coordinates": [
          [
            [
              30.5217742,
              -8.2836363
            ],
            [
              30.5668478,
              -8.1150082
            ],
            [
              30.2773564,
              -7.8483578
            ],
            [
              30.1470284,
              -7.2992441
            ],
            [
              29.5365231,
              -6.7541611
            ],
            [
              29.1931848,
              -6.0380291
            ],
            [
              29.3719853,
              -5.6164527
            ],
            [
              29.1017176,
              -5.0540064
            ],
            [
              29.2810348,
              -3.4554994
            ],
            [
              29.2855214,
              -3.4671476
            ],
            [
              29.2763839,
              -3.2939072
            ],
            [
              29.0249264,
              -2.8392579
            ],
            [
              29.1174789,
              -2.2922112
            ],
            [
              29.2548348,
              -2.21511
            ],
            [
              29.2918868,
              -1.6200558
            ],
            [
              29.5794662,
              -1.3413132
            ],
            [
              29.5878378,
              -0.5874057
            ],
            [
              29.8195032,
              -0.2053102
            ],
            [
              29.8757788,
              0.5973799
            ],
            [
              30.0861536,
              1.0623127
            ],
            [
              30.4685075,
              1.5838054
            ],
            [
              30.8526701,
              1.8493965
            ],
            [
              31.1741492,
              2.2044652
            ],
            [
              30.7733468,
              2.3398833
            ],
            [
              30.8338599,
              3.509166
            ],
            [
              30.8338524,
              3.5091716
            ],
            [
              29.9535002,
              4.173699
            ],
            [
              29.7159953,
              4.6008048
            ],
            [
              29.1590784,
              4.3892673
            ],
            [
              28.6966777,
              4.4550772
            ],
            [
              28.4289938,
              4.2871546
            ],
            [
              27.9799772,
              4.4084134
            ],
            [
              27.3742261,
              5.2339444
            ],
            [
              27.0440654,
              5.1278527
            ],
            [
              26.4027609,
              5.1508745
            ],
            [
              25.6504554,
              5.2560878
            ],
            [
              25.2787985,
              5.1704082
            ],
            [
              25.1288334,
              4.9272448
            ],
            [
              24.8050289,
              4.8972466
            ],
            [
              24.410531,
              5.1087841
            ],
            [
              23.297214,
              4.6096931
            ],
            [
              22.8414795,
              4.7101262
            ],
            [
              22.7041236,
              4.6330508
            ],
            [
              22.4051237,
              4.0291601
            ],
            [
              21.6591228,
              4.2243419
            ],
            [
              20.9275912,
              4.3227855
            ],
            [
              20.2906792,
              4.6916778
            ],
            [
              19.4677836,
              5.0315278
            ],
            [
              18.9323125,
              4.7095061
            ],
            [
              18.5429822,
              4.2017852
            ],
            [
              18.4530652,
              3.5043859
            ],
            [
              18.3937924,
              2.9004434
            ],
            [
              18.0942758,
              2.3657215
            ],
            [
              17.8988355,
              1.741832
            ],
            [
              17.7741919,
              0.8556587
            ],
            [
              17.8265402,
              0.2889232
            ],
            [
              17.6635527,
              -0.058084
            ],
            [
              17.6386446,
              -0.4248316
            ],
            [
              17.5237163,
              -0.7438303
            ],
            [
              16.8653068,
              -1.2258163
            ],
            [
              16.4070919,
              -1.740927
            ],
            [
              15.9728032,
              -2.7123923
            ],
            [
              16.0062895,
              -3.5351327
            ],
            [
              15.7535401,
              -3.8551649
            ],
            [
              15.1709917,
              -4.3435072
            ],
            [
              14.5826038,
              -4.9702389
            ],
            [
              14.2090349,
              -4.7930921
            ],
            [
              14.1449561,
              -4.5100086
            ],
            [
              13.6002348,
              -4.5001384
            ],
            [
              13.2582402,
              -4.8829575
            ],
            [
              12.9955172,
              -4.7811032
            ],
            [
              12.6316118,
              -4.9912713
            ],
            [
              12.4680042,
              -5.2483615
            ],
            [
              12.4366883,
              -5.6843039
            ],
            [
              12.1823369,
              -5.7899305
            ],
            [
              12.3224317,
              -6.1000925
            ],
            [
              12.7351713,
              -5.9656821
            ],
            [
              13.0248694,
              -5.9843889
            ],
            [
              13.3755974,
              -5.8642412
            ],
            [
              16.3265284,
              -5.8774704
            ],
            [
              16.57318,
              -6.6226445
            ],
            [
              16.8601909,
              -7.2222979
            ],
            [
              17.089996,
              -7.545689
            ],
            [
              17.47297,
              -8.0685511
            ],
            [
              18.1342216,
              -7.9876775
            ],
            [
              18.4641757,
              -7.8470143
            ],
            [
              19.0167517,
              -7.9882459
            ],
            [
              19.1666134,
              -7.7381837
            ],
            [
              19.4175025,
              -7.1554286
            ],
            [
              20.037723,
              -7.1163612
            ],
            [
              20.0916215,
              -6.9430901
            ],
            [
              20.601823,
              -6.9393177
            ],
            [
              20.5147482,
              -7.2996058
            ],
            [
              21.7281108,
              -7.2908725
            ],
            [
              21.7464559,
              -7.9200847
            ],
            [
              21.9491309,
              -8.305901
            ],
            [
              21.8018014,
              -8.9087066
            ],
            [
              21.8751819,
              -9.5237078
            ],
            [
              22.2087533,
              -9.8947962
            ],
            [
              22.1552682,
              -11.0848011
            ],
            [
              22.4027983,
              -10.9930755
            ],
            [
              22.8373454,
              -11.0176218
            ],
            [
              23.4567908,
              -10.8678635
            ],
            [
              23.9122152,
              -10.9268263
            ],
            [
              24.2571554,
              -10.9519927
            ],
            [
              24.3145162,
              -11.2628264
            ],
            [
              24.7831698,
              -11.2386935
            ],
            [
              25.4181181,
              -11.330936
            ],
            [
              25.7523096,
              -11.7849651
            ],
            [
              26.5530876,
              -11.9244398
            ],
            [
              27.1644198,
              -11.6087485
            ],
            [
              27.3887989,
              -12.1327475
            ],
            [
              28.1551087,
              -12.2724806
            ],
            [
              28.5235616,
              -12.6986044
            ],
            [
              28.9342859,
              -13.2489584
            ],
            [
              29.6996139,
              -13.2572267
            ],
            [
              29.6160014,
              -12.1788945
            ],
            [
              29.3415479,
              -12.3607439
            ],
            [
              28.6424174,
              -11.9715687
            ],
            [
              28.372253,
              -11.7936467
            ],
            [
              28.4960698,
              -10.7898837
            ],
            [
              28.6736817,
              -9.605925
            ],
            [
              28.449871,
              -9.1649183
            ],
            [
              28.7348666,
              -8.5265593
            ],
            [
              29.0029122,
              -8.4070318
            ],
            [
              30.3460861,
              -8.2382565
            ],
            [
              30.5217742,
              -8.2836363
            ]
          ]
        ]
      }
    }
  ]
}