{
  "type": "FeatureCollection",
  "features": [
    {
      "type": "Feature",
      "geometry": {
        "type": "Polygon",
        "coordinates": [
          [
            [
              27.3742261,
              5.2339444
            ],
            [
              27.2134091,
              5.5509535
            ],
            [
              26.4659095,
              5.9467174
            ],
            [
              26.2134184,
              6.5466033
            ],
            [
              25.796648,
              6.9793159
            ],
            [
              25.1241309,
              7.5000852
            ],
            [
              25.1149325,
              7.8251041
            ],
            [
              24.567369,
              8.2291879
            ],
            [
              23.8869796,
              8.6197297
            ],
            [
              23.8058134,
              8.6663189
            ],
            [
              23.4590129,
              8.9542858
            ],
            [
              23.3947791,
              9.2650679
            ],
            [
              23.5572498,
              9.6812182
            ],
            [
              23.5543042,
              10.0892553
            ],
            [
              22.9775436,
              10.7144626
            ],
            [
              22.8641655,
              11.1423951
            ],
            [
              22.2311292,
              10.9718887
            ],
            [
              21.7238216,
              10.5670556
            ],
            [
              21.0008684,
              9.4759852
            ],
            [
              20.0596855,
              9.012706
            ],
            [
              19.094008,
              9.0748469
            ],
            [
              18.8120097,
              8.9829145
            ],
            [
              18.9110218,
              8.6308947
            ],
            [
              18.3895549,
              8.2813036
            ],
            [
              17.9649296,
              7.890914
            ],
            [
              16.7059884,
              7.5083275
            ],
            [
              16.4561845,
              7.7347737
            ],
            [
              16.2905616,
              7.7543074
            ],
            [
              16.1062317,
              7.4970879
            ],
            [
              15.2794605,
              7.4219245
            ],
            [
              14.7765454,
              6.408498
            ],
            [
              14.5365601,
              6.2269587
            ],
            [
              14.4594072,
              5.4517606
            ],
            [
              14.558936,
              5.0305976
            ],
            [
              14.4783724,
              4.7326055
            ],
            [
              14.9509534,
              4.2103893
            ],
            [
              15.0362195,
              3.8513673
            ],
            [
              15.4053959,
              3.3353006
            ],
            [
              15.8627324,
              3.0135373
            ],
            [
              15.9073808,
              2.5573894
            ],
            [
              16.0128524,
              2.2676397
            ],
            [
              16.5370581,
              3.1982547
            ],
            [
              17.1330424,
              3.7281965
            ],
            [
              17.8099003,
              3.5601964
            ],
            [
              18.4530652,
              3.5043859
            ],
            [
              18.5429822,
              4.2017852
            ],
            [
              18.9323125,
              4.7095061
            ],
            [
              19.4677836,
              5.0315278
            ],
            [
              20.2906792,
              4.6916778
            ],
            [
              20.9275912,
              4.3227855
            ],
            [
              21.6591228,
              4.2243419
            ],
            [
              22.4051237,
              4.0291601
            ],
            [
              22.7041236,
              4.6330508
            ],
            [
              22.8414795,
              4.7101262
            ],
            [
              23.297214,
              4.6096931
            ],
            [
              24.410531,
              5.1087841
            ],
            [
              24.8050289,
              4.8972466
            ],
            [
              25.1288334,
              4.9272448
            ],
            [
              25.2787985,
              5.1704082
            ],
            [
              25.6504554,
              5.2560878
            ],
            [
              26.4027609,
              5.1508745
            ],
            [
              27.0440654,
              5.1278527
            ],
            [
              27.3742261,
              5.2339444
            ]
          ]
        ]
      }
    }
  ]
}