{
  "type": "FeatureCollection",
  "features": [
    {
      "type": "Feature",
      "geometry": {
        "type": "Polygon",
        "coordinates": [
          [
            [
              9.5942261,
              47.5250581
            ],
            [
              8.5226119,
              47.8308275
            ],
            [
              8.3173015,
              47.6135798
            ],
            [
              7.4667591,
              47.620582
            ],
            [
              7.1922022,
              47.4497655
            ],
            [
              6.7365711,
              47.5418013
            ],
            [
              6.7687138,
              47.2877082
            ],
            [
              6.037389,
              46.7257787
            ],
            [
              6.0226095,
              46.2729898
            ],
            [
              6.5000997,
              46.4296728
            ],
            [
              6.843593,
              45.9911466
            ],
            [
              7.2738509,
              45.7769477
            ],
            [
              7.7559921,
              45.8244901
            ],
            [
              8.3166297,
              46.1636425
            ],
            [
              8.4899524,
              46.0051509
            ],
            [
              8.9663058,
              46.0369319
            ],
            [
              9.1828817,
              46.4402147
            ],
            [
              9.9228365,
              46.3148994
            ],
            [
              10.3633781,
              46.4835713
            ],
            [
              10.4427015,
              46.8935463
            ],
            [
              9.9324484,
              46.9207281
            ],
            [
              9.4799695,
              47.10281
            ],
            [
              9.6329318,
              47.3476012
            ],
            [
              9.5942261,
              47.5250581
            ]
          ]
        ]
      }
    }
  ]
}