{
  "type": "FeatureCollection",
  "features": [
    {
      "type": "Feature",
      "geometry": {
        "type": "Polygon",
        "coordinates": [
          [
            [
              -8.0299436,
              10.2065349
            ],
            [
              -8.2293371,
              10.1290203
            ],
            [
              -8.3096165,
              9.789532
            ],
            [
              -8.0791137,
              9.3762239
            ],
            [
              -7.8321004,
              8.5757043
            ],
            [
              -8.2034989,
              8.4554532
            ],
            [
              -8.2990486,
              8.3164436
            ],
            [
              -8.2217924,
              8.1233288
            ],
            [
              -8.2807035,
              7.6871797
            ],
            [
              -8.4392985,
              7.6860428
            ],
            [
              -8.4854455,
              7.3952078
            ],
            [
              -8.3854516,
              6.9118006
            ],
            [
              -8.6028802,
              6.4675642
            ],
            [
              -8.3113476,
              6.1930331
            ],
            [
              -7.9936926,
              6.1261897
            ],
            [
              -7.5701526,
              5.7073522
            ],
            [
              -7.5397151,
              5.3133452
            ],
            [
              -7.6353682,
              5.1881591
            ],
            [
              -7.7121594,
              4.3645659
            ],
            [
              -7.5189412,
              4.3382885
            ],
            [
              -6.5287691,
              4.7050878
            ],
            [
              -5.8344962,
              4.9937007
            ],
            [
              -4.6499174,
              5.1682637
            ],
            [
              -4.0088195,
              5.1798133
            ],
            [
              -3.3110844,
              4.9842956
            ],
            [
              -2.856125,
              4.9944758
            ],
            [
              -2.8107015,
              5.3890512
            ],
            [
              -3.2443701,
              6.2504715
            ],
            [
              -2.983585,
              7.3797049
            ],
            [
              -2.5621895,
              8.2196278
            ],
            [
              -2.8274963,
              9.6424608
            ],
            [
              -3.511899,
              9.9003262
            ],
            [
              -3.9804492,
              9.8623441
            ],
            [
              -4.330247,
              9.6108349
            ],
            [
              -4.7798836,
              9.8219848
            ],
            [
              -4.9546533,
              10.1527139
            ],
            [
              -5.4043416,
              10.3707368
            ],
            [
              -5.8169262,
              10.2225546
            ],
            [
              -6.050452,
              10.0963608
            ],
            [
              -6.2052229,
              10.5240608
            ],
            [
              -6.493965,
              10.4113028
            ],
            [
              -6.6664609,
              10.4308107
            ],
            [
              -6.8505066,
              10.1389938
            ],
            [
              -7.6227592,
              10.1472362
            ],
            [
              -7.8995898,
              10.2973821
            ],
            [
              -8.0299436,
              10.2065349
            ]
          ]
        ]
      }
    }
  ]
}