{
  "type": "FeatureCollection",
  "features": [
    {
      "type": "Feature",
      "geometry": {
        "type": "MultiPolygon",
        "coordinates": [
          [
            [
              [
                -69.5904238,
                -17.5800119
              ],
              [
                -69.8584436,
                -18.0926938
              ],
              [
                -70.3725724,
                -18.3479754
              ],
              [
                -70.1644197,
                -19.7564682
              ],
              [
                -70.0912459,
                -21.3933192
              ],
              [
                -70.4039658,
                -23.6289967
              ],
              [
                -70.724954,
                -25.7059242
              ],
              [
                -70.9051239,
                -27.6403797
              ],
              [
                -71.4898944,
                -28.8614422
              ],
              [
                -71.3700826,
                -30.0956821
              ],
              [
                -71.6687207,
                -30.9206446
              ],
              [
                -71.4384505,
                -32.4188994
              ],
              [
                -71.8617321,
                -33.9090927
              ],
              [
                -72.553137,
                -35.50884
              ],
              [
                -73.1667171,
                -37.1237802
              ],
              [
                -73.5880609,
                -37.1562847
              ],
              [
                -73.5055595,
                -38.2828826
              ],
              [
                -73.2175925,
                -39.2586887
              ],
              [
                -73.6770994,
                -39.9422128
              ],
              [
                -74.0179571,
                -41.7948129
              ],
              [
                -74.3319431,
                -43.2249582
              ],
              [
                -73.7013356,
                -43.3657765
              ],
              [
                -73.3888999,
                -42.1175322
              ],
              [
                -72.7178039,
                -42.3833558
              ],
              [
                -73.240356,
                -44.4549606
              ],
              [
                -74.3517094,
                -44.1030441
              ],
              [
                -74.6921537,
                -45.7639763
              ],
              [
                -75.6443953,
                -46.6476433
              ],
              [
                -74.126581,
                -46.9392534
              ],
              [
                -75.1827697,
                -47.7119194
              ],
              [
                -75.6080151,
                -48.6737729
              ],
              [
                -75.4797542,
                -50.3783717
              ],
              [
                -74.9766325,
                -51.0433957
              ],
              [
                -75.260026,
                -51.6293548
              ],
              [
                -74.9467635,
                -52.2627536
              ],
              [
                -73.7027567,
                -52.8350701
              ],
              [
                -73.7027567,
                -52.8350693
              ],
              [
                -72.5579429,
                -53.53141
              ],
              [
                -71.4297947,
                -53.8564548
              ],
              [
                -71.0063322,
                -53.833252
              ],
              [
                -70.8451017,
                -52.8992005
              ],
              [
                -69.9427795,
                -52.5379306
              ],
              [
                -69.4612843,
                -52.2919508
              ],
              [
                -68.5715454,
                -52.2994439
              ],
              [
                -69.4983622,
                -52.1427609
              ],
              [
                -71.9148038,
                -52.0090223
              ],
              [
                -72.3294039,
                -51.4259563
              ],
              [
                -72.3099735,
                -50.6770098
              ],
              [
                -72.9757468,
                -50.7414503
              ],
              [
                -73.3280509,
                -50.3787851
              ],
              [
                -73.4154358,
                -49.3184364
              ],
              [
                -72.6482474,
                -48.8786183
              ],
              [
                -72.3311609,
                -48.2442384
              ],
              [
                -72.4473553,
                -47.7385328
              ],
              [
                -71.9172585,
                -46.8848381
              ],
              [
                -71.5520094,
                -45.5607329
              ],
              [
                -71.6593156,
                -44.9736887
              ],
              [
                -71.2227789,
                -44.7842429
              ],
              [
                -71.3298008,
                -44.4075217
              ],
              [
                -71.7936226,
                -44.2071721
              ],
              [
                -71.4640562,
                -43.7876112
              ],
              [
                -71.915424,
                -43.4085645
              ],
              [
                -72.1488981,
                -42.2548882
              ],
              [
                -71.7468038,
                -42.0513864
              ],
              [
                -71.915734,
                -40.8323394
              ],
              [
                -71.6807613,
                -39.8081642
              ],
              [
                -71.4135166,
                -38.9160222
              ],
              [
                -70.8146643,
                -38.5529953
              ],
              [
                -71.118625,
                -37.5768275
              ],
              [
                -71.1218807,
                -36.6581239
              ],
              [
                -70.3647693,
                -36.0050888
              ],
              [
                -70.3880495,
                -35.1696876
              ],
              [
                -69.8173091,
                -34.1935715
              ],
              [
                -69.814777,
                -33.273886
              ],
              [
                -70.0743994,
                -33.0912098
              ],
              [
                -70.5350689,
                -31.3650103
              ],
              [
                -69.9190083,
                -30.3363392
              ],
              [
                -70.0135504,
                -29.3679229
              ],
              [
                -69.6561303,
                -28.4591411
              ],
              [
                -69.0012349,
                -27.5212139
              ],
              [
                -68.2955416,
                -26.8993397
              ],
              [
                -68.5947998,
                -26.5069089
              ],
              [
                -68.3860011,
                -26.1850164
              ],
              [
                -68.417653,
                -24.5185548
              ],
              [
                -67.328443,
                -24.0253032
              ],
              [
                -66.9852339,
                -22.9863486
              ],
              [
                -67.1066736,
                -22.7359246
              ],
              [
                -67.8281799,
                -22.8729188
              ],
              [
                -68.2199131,
                -21.4943466
              ],
              [
                -68.7571671,
                -20.372658
              ],
              [
                -68.4422251,
                -19.4050685
              ],
              [
                -68.9668184,
                -18.9816834
              ],
              [
                -69.100247,
                -18.2601254
              ],
              [
                -69.5904238,
                -17.5800119
              ]
            ]
          ],
          [
            [
              [
                -68.6340102,
                -52.6363705
              ],
              [
                -69.34565,
                -52.5183
              ],
              [
                -70.26748,
                -52.93123
              ],
              [
                -70.59178,
                -53.61583
              ],
              [
                -71.10773,
                -54.07433
              ],
              [
                -72.43418,
                -53.7154
              ],
              [
                -73.8381,
                -53.04743
              ],
              [
                -74.66253,
                -52.83749
              ],
              [
                -73.2852,
                -53.95752
              ],
              [
                -72.2639,
                -54.49514
              ],
              [
                -71.00568,
                -55.05383
              ],
              [
                -69.95809,
                -55.19843
              ],
              [
                -69.2321,
                -55.49906
              ],
              [
                -68.6399908,
                -55.580018
              ],
              [
                -68.14863,
                -55.61183
              ],
              [
                -67.29103,
                -55.30124
              ],
              [
                -66.95992,
                -54.89681
              ],
              [
                -67.56244,
                -54.87001
              ],
              [
                -68.63335,
                -54.8695
              ],
              [
                -68.6340102,
                -52.6363705
              ]
            ]
          ]
        ]
      }
    }
  ]
}