{
  "type": "FeatureCollection",
  "features": [
    {
      "type": "Feature",
      "geometry": {
        "type": "Polygon",
        "coordinates": [
          [
            [
              14.4957874,
              12.8593963
            ],
            [
              14.2135307,
              12.8020354
            ],
            [
              14.1813363,
              12.4836569
            ],
            [
              14.5771778,
              12.0853608
            ],
            [
              14.4681922,
              11.9047517
            ],
            [
              14.4153789,
              11.5723689
            ],
            [
              13.5729497,
              10.798566
            ],
            [
              13.3086764,
              10.160362
            ],
            [
              13.1675997,
              9.6406263
            ],
            [
              12.955468,
              9.4177717
            ],
            [
              12.7536715,
              8.7177628
            ],
            [
              12.2188721,
              8.3058241
            ],
            [
              12.0639462,
              7.7998085
            ],
            [
              11.8393087,
              7.3970423
            ],
            [
              11.7457744,
              6.981383
            ],
            [
              11.0587879,
              6.6444268
            ],
            [
              10.4973751,
              7.0553578
            ],
            [
              10.1182768,
              7.0387696
            ],
            [
              9.5227059,
              6.4534824
            ],
            [
              9.2331629,
              6.4444907
            ],
            [
              8.757533,
              5.4796658
            ],
            [
              8.5002877,
              4.7719829
            ],
            [
              8.4888155,
              4.4956174
            ],
            [
              8.7449239,
              4.3522153
            ],
            [
              8.9481157,
              3.9041289
            ],
            [
              9.4043669,
              3.7345269
            ],
            [
              9.7951958,
              3.0734044
            ],
            [
              9.6491582,
              2.2838661
            ],
            [
              11.276449,
              2.2610509
            ],
            [
              11.7516655,
              2.3267575
            ],
            [
              12.3593803,
              2.1928122
            ],
            [
              12.9513339,
              2.3216157
            ],
            [
              13.0758224,
              2.2670971
            ],
            [
              14.3378125,
              2.2278747
            ],
            [
              15.146342,
              1.9640148
            ],
            [
              15.9409188,
              1.7276726
            ],
            [
              16.0128524,
              2.2676397
            ],
            [
              15.9073808,
              2.5573894
            ],
            [
              15.8627324,
              3.0135373
            ],
            [
              15.4053959,
              3.3353006
            ],
            [
              15.0362195,
              3.8513673
            ],
            [
              14.9509534,
              4.2103893
            ],
            [
              14.4783724,
              4.7326055
            ],
            [
              14.558936,
              5.0305976
            ],
            [
              14.4594072,
              5.4517606
            ],
            [
              14.5365601,
              6.2269587
            ],
            [
              14.7765454,
              6.408498
            ],
            [
              15.2794605,
              7.4219245
            ],
            [
              15.4360917,
              7.6928124
            ],
            [
              15.1208655,
              8.3821502
            ],
            [
              14.9799956,
              8.7961042
            ],
            [
              14.5444666,
              8.9658613
            ],
            [
              13.9542184,
              9.5494949
            ],
            [
              14.1714661,
              10.0213783
            ],
            [
              14.6272006,
              9.9209193
            ],
            [
              14.9093539,
              9.9921294
            ],
            [
              15.4678728,
              9.9823367
            ],
            [
              14.9235649,
              10.8913252
            ],
            [
              14.9601518,
              11.555574
            ],
            [
              14.89336,
              12.21905
            ],
            [
              14.4957874,
              12.8593963
            ]
          ]
        ]
      }
    }
  ]
}