{
  "type": "FeatureCollection",
  "features": [
    {
      "type": "Feature",
      "geometry": {
        "type": "MultiPolygon",
        "coordinates": [
          [
            [
              [
                80.2599903,
                42.3499993
              ],
              [
                80.1194304,
                42.1239407
              ],
              [
                78.5436609,
                41.5822425
              ],
              [
                78.1871969,
                41.1853159
              ],
              [
                76.9044845,
                41.0664859
              ],
              [
                76.526368,
                40.4279461
              ],
              [
                75.467828,
                40.5620723
              ],
              [
                74.7768624,
                40.3664253
              ],
              [
                73.8222437,
                39.8939735
              ],
              [
                73.9600131,
                39.6600084
              ],
              [
                73.6753793,
                39.4312369
              ],
              [
                73.9288522,
                38.5058153
              ],
              [
                74.2575143,
                38.6065069
              ],
              [
                74.8648157,
                38.3788463
              ],
              [
                74.8299858,
                37.990007
              ],
              [
                74.9800025,
                37.4199901
              ],
              [
                75.1580278,
                37.1330309
              ],
              [
                75.8968974,
                36.6668061
              ],
              [
                76.1928483,
                35.8984034
              ],
              [
                77.8374508,
                35.4940095
              ],
              [
                78.9122689,
                34.3219363
              ],
              [
                78.8110865,
                33.506198
              ],
              [
                79.2088916,
                32.9943946
              ],
              [
                79.1761288,
                32.4837798
              ],
              [
                78.4584465,
                32.6181644
              ],
              [
                78.7388945,
                31.5159061
              ],
              [
                79.7213668,
                30.8827147
              ],
              [
                81.1112561,
                30.1834809
              ],
              [
                81.5258045,
                30.422717
              ],
              [
                82.3275126,
                30.1152681
              ],
              [
                83.3371151,
                29.4637316
              ],
              [
                83.898993,
                29.3202261
              ],
              [
                84.2345797,
                28.8398937
              ],
              [
                85.0116382,
                28.642774
              ],
              [
                85.8233199,
                28.203576
              ],
              [
                86.954517,
                27.9742618
              ],
              [
                88.1204407,
                27.8765417
              ],
              [
                88.730326,
                28.0868647
              ],
              [
                88.8142485,
                27.2993159
              ],
              [
                89.4758102,
                28.0427589
              ],
              [
                90.0158289,
                28.2964385
              ],
              [
                90.730514,
                28.0649539
              ],
              [
                91.2588538,
                28.0406143
              ],
              [
                91.6966565,
                27.7717418
              ],
              [
                92.5031189,
                27.8968763
              ],
              [
                93.4133476,
                28.6406294
              ],
              [
                94.5659904,
                29.2774381
              ],
              [
                95.4048023,
                29.0317166
              ],
              [
                96.1176787,
                29.452802
              ],
              [
                96.5865906,
                28.8309795
              ],
              [
                96.2488334,
                28.411031
              ],
              [
                97.3271139,
                28.2615827
              ],
              [
                97.9119877,
                28.3359451
              ],
              [
                98.2462309,
                27.7472214
              ],
              [
                98.6826901,
                27.5088122
              ],
              [
                98.7120939,
                26.7435359
              ],
              [
                98.671838,
                25.9187025
              ],
              [
                97.724609,
                25.0836372
              ],
              [
                97.6047197,
                23.8974047
              ],
              [
                98.6602625,
                24.063286
              ],
              [
                98.8987492,
                23.1427221
              ],
              [
                99.5319922,
                22.9490388
              ],
              [
                99.2408989,
                22.1183143
              ],
              [
                99.9834892,
                21.7429367
              ],
              [
                100.4165377,
                21.5588394
              ],
              [
                101.150033,
                21.8499844
              ],
              [
                101.1800053,
                21.436573
              ],
              [
                101.2700257,
                21.2016519
              ],
              [
                101.8031197,
                21.1743668
              ],
              [
                101.6520179,
                22.3181988
              ],
              [
                102.1704358,
                22.4647531
              ],
              [
                102.7069922,
                22.7087951
              ],
              [
                103.5045146,
                22.7037566
              ],
              [
                104.4768584,
                22.8191501
              ],
              [
                105.3292094,
                23.3520633
              ],
              [
                105.8112472,
                22.9768924
              ],
              [
                106.7254033,
                22.7942679
              ],
              [
                106.5672734,
                22.2182049
              ],
              [
                107.04342,
                21.8118989
              ],
              [
                108.0501803,
                21.5523799
              ],
              [
                108.5228129,
                21.7152123
              ],
              [
                109.8644882,
                21.395051
              ],
              [
                109.6276551,
                21.008227
              ],
              [
                109.8898613,
                20.2824574
              ],
              [
                110.4440393,
                20.3410326
              ],
              [
                110.7854655,
                21.3971439
              ],
              [
                111.8435922,
                21.5504937
              ],
              [
                113.2410779,
                22.0513675
              ],
              [
                113.8067798,
                22.5483397
              ],
              [
                114.1525468,
                22.2237601
              ],
              [
                114.7638273,
                22.668074
              ],
              [
                115.8907353,
                22.7828732
              ],
              [
                117.2816065,
                23.6245015
              ],
              [
                118.6568714,
                24.5473909
              ],
              [
                119.5854969,
                25.7407805
              ],
              [
                120.3954733,
                27.0532069
              ],
              [
                121.1256612,
                28.1356731
              ],
              [
                121.6844385,
                28.2255126
              ],
              [
                121.9384282,
                29.0180224
              ],
              [
                122.0921139,
                29.8325205
              ],
              [
                121.5035193,
                30.1429149
              ],
              [
                121.2642574,
                30.6762674
              ],
              [
                121.8919194,
                30.9493515
              ],
              [
                121.9081458,
                31.6921744
              ],
              [
                121.2290141,
                32.4603187
              ],
              [
                120.6203691,
                33.3767227
              ],
              [
                120.2275249,
                34.3603319
              ],
              [
                119.1512081,
                34.9098591
              ],
              [
                119.6645618,
                35.6097906
              ],
              [
                120.6370089,
                36.1114395
              ],
              [
                121.1041639,
                36.651329
              ],
              [
                122.5199947,
                36.9306143
              ],
              [
                122.3579375,
                37.4544842
              ],
              [
                121.7112586,
                37.4811234
              ],
              [
                120.8234575,
                37.8704278
              ],
              [
                119.7028024,
                37.1563887
              ],
              [
                118.9116362,
                37.4484639
              ],
              [
                118.8781499,
                37.8973253
              ],
              [
                118.0596985,
                38.0614755
              ],
              [
                117.5327023,
                38.7376358
              ],
              [
                118.0427487,
                39.204274
              ],
              [
                119.023464,
                39.2523331
              ],
              [
                119.6396021,
                39.8980559
              ],
              [
                120.7686288,
                40.5933882
              ],
              [
                121.6403585,
                40.9463899
              ],
              [
                122.168595,
                40.4224425
              ],
              [
                121.376757,
                39.7502613
              ],
              [
                121.5859949,
                39.3608536
              ],
              [
                121.0545545,
                38.897471
              ],
              [
                122.131388,
                39.1704518
              ],
              [
                122.8675704,
                39.6377876
              ],
              [
                124.2656246,
                39.9284934
              ],
              [
                125.0799418,
                40.5698237
              ],
              [
                126.1820451,
                41.1073361
              ],
              [
                126.8690833,
                41.8165693
              ],
              [
                127.343783,
                41.5031518
              ],
              [
                128.2084331,
                41.4667716
              ],
              [
                128.0522152,
                41.9942846
              ],
              [
                129.5966687,
                42.4249818
              ],
              [
                129.9942672,
                42.9853869
              ],
              [
                130.6399997,
                42.3950243
              ],
              [
                130.6338664,
                42.9030146
              ],
              [
                131.1446879,
                42.9299897
              ],
              [
                131.2885551,
                44.1115197
              ],
              [
                131.02519,
                44.96796
              ],
              [
                131.8834542,
                45.3211616
              ],
              [
                133.09712,
                45.14409
              ],
              [
                133.769644,
                46.116927
              ],
              [
                134.11235,
                47.21248
              ],
              [
                134.50081,
                47.57845
              ],
              [
                135.0263115,
                48.4782299
              ],
              [
                133.3735958,
                48.1834417
              ],
              [
                132.50669,
                47.78896
              ],
              [
                130.98726,
                47.79013
              ],
              [
                130.5822933,
                48.7296874
              ],
              [
                129.3978178,
                49.4406001
              ],
              [
                127.6574,
                49.76027
              ],
              [
                127.2874557,
                50.7397973
              ],
              [
                126.9391565,
                51.3538942
              ],
              [
                126.564399,
                51.7842555
              ],
              [
                125.9463489,
                52.7927986
              ],
              [
                125.0682113,
                53.1610448
              ],
              [
                123.57147,
                53.4588
              ],
              [
                122.2457479,
                53.431726
              ],
              [
                121.0030848,
                53.2514011
              ],
              [
                120.1770887,
                52.7538862
              ],
              [
                120.725789,
                52.5162263
              ],
              [
                120.7382,
                51.96411
              ],
              [
                120.18208,
                51.64355
              ],
              [
                119.27939,
                50.58292
              ],
              [
                119.2884607,
                50.1428828
              ],
              [
                117.8792444,
                49.5109834
              ],
              [
                116.6788009,
                49.8885314
              ],
              [
                116.1918022,
                49.1345981
              ],
              [
                115.485282,
                48.1353826
              ],
              [
                115.7428374,
                47.7265445
              ],
              [
                116.3089527,
                47.8534101
              ],
              [
                117.2955074,
                47.6977091
              ],
              [
                118.0641427,
                48.0667305
              ],
              [
                118.8665743,
                47.74706
              ],
              [
                119.7728239,
                47.0480588
              ],
              [
                119.6632699,
                46.69268
              ],
              [
                118.8743258,
                46.8054121
              ],
              [
                117.4217013,
                46.6727329
              ],
              [
                116.7178683,
                46.3882024
              ],
              [
                115.9850965,
                45.727235
              ],
              [
                114.4603317,
                45.3398168
              ],
              [
                113.4639067,
                44.8088931
              ],
              [
                112.4360625,
                45.0116456
              ],
              [
                111.8733061,
                45.1020794
              ],
              [
                111.3483769,
                44.4574417
              ],
              [
                111.6677373,
                44.0731758
              ],
              [
                111.8295878,
                43.7431184
              ],
              [
                111.1296822,
                43.406834
              ],
              [
                110.4121033,
                42.8712336
              ],
              [
                109.2435958,
                42.5194463
              ],
              [
                107.7447726,
                42.4815158
              ],
              [
                106.1293156,
                42.1343277
              ],
              [
                104.9649939,
                41.5974096
              ],
              [
                104.5222819,
                41.9083467
              ],
              [
                103.3122783,
                41.9074682
              ],
              [
                101.8330404,
                42.514873
              ],
              [
                100.8458655,
                42.6638044
              ],
              [
                99.5158175,
                42.5246915
              ],
              [
                97.4517574,
                42.7488897
              ],
              [
                96.3493958,
                42.7256353
              ],
              [
                95.7624549,
                43.3194492
              ],
              [
                95.3068754,
                44.2413309
              ],
              [
                94.6889287,
                44.3523319
              ],
              [
                93.4807337,
                44.9754721
              ],
              [
                92.1338908,
                45.115076
              ],
              [
                90.9455396,
                45.2860733
              ],
              [
                90.5857683,
                45.7197161
              ],
              [
                90.9708094,
                46.8881461
              ],
              [
                90.2808256,
                47.6935491
              ],
              [
                88.8542977,
                48.0690817
              ],
              [
                88.0138322,
                48.5994628
              ],
              [
                87.7512643,
                49.297198
              ],
              [
                87.3599703,
                49.2149808
              ],
              [
                86.5987765,
                48.5491816
              ],
              [
                85.7682329,
                48.4557506
              ],
              [
                85.7204838,
                47.4529695
              ],
              [
                85.1642904,
                47.0009557
              ],
              [
                83.1804838,
                47.3300312
              ],
              [
                82.4589258,
                45.5396496
              ],
              [
                81.9470708,
                45.3170275
              ],
              [
                79.9661064,
                44.917517
              ],
              [
                80.8662065,
                43.180362
              ],
              [
                80.1801502,
                42.9200679
              ],
              [
                80.2599903,
                42.3499993
              ]
            ]
          ],
          [
            [
              [
                109.4752096,
                18.1977009
              ],
              [
                110.3391879,
                18.6783951
              ],
              [
                110.5706466,
                19.2558792
              ],
              [
                111.0100513,
                19.6959299
              ],
              [
                110.7865507,
                20.0775345
              ],
              [
                110.2115987,
                20.101254
              ],
              [
                109.1190556,
                19.8210385
              ],
              [
                108.6262175,
                19.3678879
              ],
              [
                108.655208,
                18.507682
              ],
              [
                109.4752096,
                18.1977009
              ]
            ]
          ],
          [
            [
              [
                121.7778178,
                24.3942736
              ],
              [
                121.9512439,
                24.9975959
              ],
              [
                121.4950444,
                25.2954589
              ],
              [
                120.6946798,
                24.5384508
              ],
              [
                120.1061886,
                23.5562627
              ],
              [
                120.2200834,
                22.8148609
              ],
              [
                120.7470797,
                21.9705714
              ],
              [
                121.1756324,
                22.7908572
              ],
              [
                121.7778178,
                24.3942736
              ]
            ]
          ]
        ]
      }
    }
  ]
}