{
  "type": "FeatureCollection",
  "features": [
    {
      "type": "Feature",
      "geometry": {
        "type": "Polygon",
        "coordinates": [
          [
            [
              -66.8763259,
              1.2533605
            ],
            [
              -67.1812943,
              2.2506381
            ],
            [
              -67.447092,
              2.6002809
            ],
            [
              -67.8099381,
              2.820655
            ],
            [
              -67.3031732,
              3.3184541
            ],
            [
              -67.3375638,
              3.5423422
            ],
            [
              -67.6218359,
              3.8394817
            ],
            [
              -67.8230123,
              4.5039373
            ],
            [
              -67.7446966,
              5.2211286
            ],
            [
              -67.5215319,
              5.5568704
            ],
            [
              -67.3414396,
              6.095468
            ],
            [
              -67.6950872,
              6.267318
            ],
            [
              -68.2650525,
              6.1532681
            ],
            [
              -68.9853186,
              6.2068049
            ],
            [
              -69.3894799,
              6.0998605
            ],
            [
              -70.093313,
              6.9603765
            ],
            [
              -70.6742336,
              7.0877847
            ],
            [
              -71.9601757,
              6.9916149
            ],
            [
              -72.1983524,
              7.3404308
            ],
            [
              -72.4444873,
              7.4237849
            ],
            [
              -72.4796789,
              7.632506
            ],
            [
              -72.3609006,
              8.0026385
            ],
            [
              -72.4398622,
              8.4052754
            ],
            [
              -72.6604948,
              8.6252878
            ],
            [
              -72.7887298,
              9.0850272
            ],
            [
              -73.3049515,
              9.1519998
            ],
            [
              -73.0276041,
              9.7367703
            ],
            [
              -72.905286,
              10.4503443
            ],
            [
              -72.6146578,
              10.8219754
            ],
            [
              -72.2275754,
              11.1087021
            ],
            [
              -71.9739217,
              11.6086716
            ],
            [
              -71.3315836,
              11.7762841
            ],
            [
              -71.1374611,
              12.1129819
            ],
            [
              -71.3998224,
              12.3760408
            ],
            [
              -71.7540901,
              12.4373032
            ],
            [
              -72.238195,
              11.9555496
            ],
            [
              -72.6278353,
              11.7319715
            ],
            [
              -73.414764,
              11.2270153
            ],
            [
              -74.1972227,
              11.3104727
            ],
            [
              -74.2767527,
              11.1020358
            ],
            [
              -74.9068951,
              11.0830447
            ],
            [
              -75.480426,
              10.6189904
            ],
            [
              -75.6647041,
              9.7740032
            ],
            [
              -75.6746002,
              9.4432482
            ],
            [
              -76.0863838,
              9.3368206
            ],
            [
              -76.836674,
              8.6387495
            ],
            [
              -77.3533608,
              8.6705047
            ],
            [
              -77.4747229,
              8.5242862
            ],
            [
              -77.2425665,
              7.9352782
            ],
            [
              -77.431108,
              7.6380612
            ],
            [
              -77.7534139,
              7.7098398
            ],
            [
              -77.8815714,
              7.2237713
            ],
            [
              -77.4766607,
              6.6911164
            ],
            [
              -77.3188151,
              5.8453541
            ],
            [
              -77.5332206,
              5.582812
            ],
            [
              -77.3076013,
              4.6679841
            ],
            [
              -77.4962719,
              4.0876061
            ],
            [
              -77.1276898,
              3.8496361
            ],
            [
              -77.5104313,
              3.325017
            ],
            [
              -77.9315425,
              2.6966057
            ],
            [
              -78.4276104,
              2.6295556
            ],
            [
              -78.6621181,
              2.2673555
            ],
            [
              -78.6178314,
              1.7664041
            ],
            [
              -78.9909352,
              1.6913699
            ],
            [
              -78.8552588,
              1.3809238
            ],
            [
              -77.8550614,
              0.809925
            ],
            [
              -77.6686128,
              0.8258931
            ],
            [
              -77.4249843,
              0.3956868
            ],
            [
              -76.5763798,
              0.2569355
            ],
            [
              -76.2923144,
              0.4160473
            ],
            [
              -75.8014658,
              0.0848013
            ],
            [
              -75.3732232,
              -0.1520318
            ],
            [
              -75.1066245,
              -0.0572055
            ],
            [
              -74.4416005,
              -0.53082
            ],
            [
              -74.1223952,
              -1.0028325
            ],
            [
              -73.6595035,
              -1.2604912
            ],
            [
              -73.0703922,
              -2.3089544
            ],
            [
              -72.3257865,
              -2.434218
            ],
            [
              -71.7747607,
              -2.1697897
            ],
            [
              -71.4136458,
              -2.3428024
            ],
            [
              -70.8134757,
              -2.2568645
            ],
            [
              -70.0477085,
              -2.7251563
            ],
            [
              -70.6926821,
              -3.742872
            ],
            [
              -70.394044,
              -3.7665915
            ],
            [
              -69.8936352,
              -4.2981869
            ],
            [
              -69.4441019,
              -1.5562871
            ],
            [
              -69.4204858,
              -1.1226185
            ],
            [
              -69.5770654,
              -0.549992
            ],
            [
              -70.0206559,
              -0.1851563
            ],
            [
              -70.0155658,
              0.5414143
            ],
            [
              -69.452396,
              0.7061588
            ],
            [
              -69.252434,
              0.6026509
            ],
            [
              -69.2186377,
              0.9856766
            ],
            [
              -69.8045967,
              1.0890811
            ],
            [
              -69.8169732,
              1.7148052
            ],
            [
              -67.868565,
              1.6924551
            ],
            [
              -67.53781,
              2.0371628
            ],
            [
              -67.2599975,
              1.7199987
            ],
            [
              -67.0650482,
              1.1301122
            ],
            [
              -66.8763259,
              1.2533605
            ]
          ]
        ]
      }
    }
  ]
}