{
  "type": "FeatureCollection",
  "features": [
    {
      "type": "Feature",
      "geometry": {
        "type": "Polygon",
        "coordinates": [
          [
            [
              -82.5461963,
              9.5661348
            ],
            [
              -83.0156766,
              9.9929821
            ],
            [
              -83.4023197,
              10.3954381
            ],
            [
              -83.6556117,
              10.9387641
            ],
            [
              -83.8950545,
              10.7268391
            ],
            [
              -84.1901786,
              10.79345
            ],
            [
              -84.3559308,
              10.9992256
            ],
            [
              -84.673069,
              11.0826572
            ],
            [
              -84.9030033,
              10.9523034
            ],
            [
              -85.561852,
              11.2171192
            ],
            [
              -85.7125405,
              11.0884449
            ],
            [
              -85.9417254,
              10.8952784
            ],
            [
              -85.6593137,
              10.754331
            ],
            [
              -85.7917087,
              10.4393373
            ],
            [
              -85.7974448,
              10.1348856
            ],
            [
              -85.6607865,
              9.9333475
            ],
            [
              -85.3394883,
              9.8345421
            ],
            [
              -85.1109234,
              9.5570397
            ],
            [
              -84.9113749,
              9.7959915
            ],
            [
              -84.9756604,
              10.0867231
            ],
            [
              -84.7133508,
              9.9080519
            ],
            [
              -84.6476442,
              9.6155374
            ],
            [
              -84.3034017,
              9.487354
            ],
            [
              -83.9098856,
              9.2908027
            ],
            [
              -83.6326416,
              9.0513858
            ],
            [
              -83.596313,
              8.8304432
            ],
            [
              -83.711474,
              8.6568362
            ],
            [
              -83.5084373,
              8.4469266
            ],
            [
              -82.965783,
              8.225028
            ],
            [
              -82.9131764,
              8.4235172
            ],
            [
              -82.8297707,
              8.6262955
            ],
            [
              -82.8686572,
              8.8072663
            ],
            [
              -82.7191831,
              8.9257087
            ],
            [
              -82.9271549,
              9.0743301
            ],
            [
              -82.932891,
              9.476812
            ],
            [
              -82.5461963,
              9.5661348
            ]
          ]
        ]
      }
    }
  ]
}