{
  "type": "FeatureCollection",
  "features": [
    {
      "type": "Feature",
      "geometry": {
        "type": "Polygon",
        "coordinates": [
          [
            [
              -82.2681512,
              23.1886107
            ],
            [
              -82.5104362,
              23.0787466
            ],
            [
              -83.2675476,
              22.9830419
            ],
            [
              -83.7782399,
              22.7881184
            ],
            [
              -84.230357,
              22.5657547
            ],
            [
              -84.4470621,
              22.2049499
            ],
            [
              -84.9749111,
              21.8960281
            ],
            [
              -84.5470302,
              21.8012277
            ],
            [
              -84.0521508,
              21.9105751
            ],
            [
              -83.9088004,
              22.1545653
            ],
            [
              -83.4944588,
              22.168518
            ],
            [
              -82.775898,
              22.6881503
            ],
            [
              -81.7950018,
              22.6369648
            ],
            [
              -82.1699918,
              22.3871093
            ],
            [
              -81.8209434,
              22.1920566
            ],
            [
              -80.5175346,
              22.037079
            ],
            [
              -80.2174753,
              21.8273243
            ],
            [
              -79.285,
              21.5591753
            ],
            [
              -78.7198665,
              21.5981135
            ],
            [
              -78.4828267,
              21.0286134
            ],
            [
              -78.1372922,
              20.7399488
            ],
            [
              -77.4926546,
              20.6731054
            ],
            [
              -77.0851084,
              20.4133538
            ],
            [
              -77.7554809,
              19.8554809
            ],
            [
              -76.3236562,
              19.9528909
            ],
            [
              -75.6346801,
              19.8737743
            ],
            [
              -74.9615946,
              19.9234354
            ],
            [
              -74.2966481,
              20.0503785
            ],
            [
              -74.1780249,
              20.2846278
            ],
            [
              -74.933896,
              20.6939051
            ],
            [
              -75.6710604,
              20.7350913
            ],
            [
              -75.5982224,
              21.0166245
            ],
            [
              -76.1946201,
              21.2205655
            ],
            [
              -76.5238248,
              21.2068196
            ],
            [
              -77.1464225,
              21.6578515
            ],
            [
              -77.9932959,
              22.2771935
            ],
            [
              -78.3474345,
              22.5121662
            ],
            [
              -79.281486,
              22.3992016
            ],
            [
              -79.6795237,
              22.7653032
            ],
            [
              -80.6187687,
              23.1059801
            ],
            [
              -81.4044572,
              23.1172714
            ],
            [
              -82.2681512,
              23.1886107
            ]
          ]
        ]
      }
    }
  ]
}