{
  "type": "FeatureCollection",
  "name": "CV",
  "features": [
    {
      "type": "Feature",
      "geometry": {
        "type": "MultiPolygon",
        "coordinates": [
          [
            [
              [
                -23.456776495999918,
                15.02366771000004
              ],
              [
                -23.45457923099991,
                15.018947658000059
              ],
              [
                -23.451893683999913,
                15.015122789000088
              ],
              [
                -23.44835364499994,
                15.012396552000041
              ],
              [
                -23.443104620999918,
                15.010687567000048
              ],
              [
                -23.447824673999946,
                14.995754299000055
              ],
              [
                -23.45466061099995,
                14.985907294000071
              ],
              [
                -23.477894660999937,
                14.96906159100007
              ],
              [
                -23.470448370999918,
                14.962225653000075
              ],
              [
                -23.480213995999918,
                14.946600653000075
              ],
              [
                -23.486317511999914,
                14.930853583000044
              ],
              [
                -23.49400794199994,
                14.91868724200009
              ],
              [
                -23.508290167999917,
                14.913804429000038
              ],
              [
                -23.516224738999938,
                14.91282786700009
              ],
              [
                -23.531849738999938,
                14.908636786000045
              ],
              [
                -23.53929602799991,
                14.907619533000059
              ],
              [
                -23.547352667999917,
                14.90851471600007
              ],
              [
                -23.555816209999932,
                14.912787177000041
              ],
              [
                -23.563221808999913,
                14.913804429000038
              ],
              [
                -23.596424933999913,
                14.914536851000037
              ],
              [
                -23.62413489499994,
                14.918117580000057
              ],
              [
                -23.649728969999956,
                14.92649974200009
              ],
              [
                -23.676503058999913,
                14.93553294500009
              ],
              [
                -23.71507727799991,
                14.968451239000046
              ],
              [
                -23.730539516999954,
                14.985825914000088
              ],
              [
                -23.73070227799991,
                15.018500067000048
              ],
              [
                -23.74205481699994,
                15.02635325700004
              ],
              [
                -23.758290167999917,
                15.031317450000074
              ],
              [
                -23.772084113999938,
                15.037990627000056
              ],
              [
                -23.772694464999915,
                15.041693427000041
              ],
              [
                -23.77953040299991,
                15.064642645000049
              ],
              [
                -23.78229732999995,
                15.068548895000049
              ],
              [
                -23.786284959999932,
                15.072414455000057
              ],
              [
                -23.79010982999995,
                15.077704169000071
              ],
              [
                -23.792591925999943,
                15.085760809000078
              ],
              [
                -23.789865688999953,
                15.093817450000074
              ],
              [
                -23.77562415299991,
                15.11823151200008
              ],
              [
                -23.772084113999938,
                15.127346096000053
              ],
              [
                -23.77293860599991,
                15.140448309000078
              ],
              [
                -23.785755988999938,
                15.174505927000041
              ],
              [
                -23.776193813999953,
                15.177232164000088
              ],
              [
                -23.770130988999938,
                15.183986721000053
              ],
              [
                -23.766753709999932,
                15.193752346000053
              ],
              [
                -23.76585852799991,
                15.205511786000045
              ],
              [
                -23.763661261999914,
                15.216294664000088
              ],
              [
                -23.758697068999936,
                15.223089911000045
              ],
              [
                -23.75381425699993,
                15.228094794000071
              ],
              [
                -23.751576300999943,
                15.23346588700008
              ],
              [
                -23.75495357999995,
                15.25031159100007
              ],
              [
                -23.763295050999943,
                15.26976146000004
              ],
              [
                -23.77440344999991,
                15.285630601000037
              ],
              [
                -23.785755988999938,
                15.291815497000073
              ],
              [
                -23.779123501999948,
                15.294134833000044
              ],
              [
                -23.758412238999938,
                15.304877020000049
              ],
              [
                -23.773060675999943,
                15.310614325000074
              ],
              [
                -23.77953040299991,
                15.311672268000052
              ],
              [
                -23.751576300999943,
                15.33274974200009
              ],
              [
                -23.744130011999914,
                15.33274974200009
              ],
              [
                -23.74356035099993,
                15.325140692000048
              ],
              [
                -23.742014126999948,
                15.32094961100006
              ],
              [
                -23.739898240999935,
                15.317328192000048
              ],
              [
                -23.737945115999935,
                15.311672268000052
              ],
              [
                -23.719227667999917,
                15.32290273600006
              ],
              [
                -23.703236456999946,
                15.31346263200004
              ],
              [
                -23.697824673999946,
                15.29633209800005
              ],
              [
                -23.710682745999918,
                15.284369208000044
              ],
              [
                -23.697336391999954,
                15.266017971000053
              ],
              [
                -23.681752081999946,
                15.254828192000048
              ],
              [
                -23.648548956999946,
                15.237209377000056
              ],
              [
                -23.656076626999948,
                15.229722398000092
              ],
              [
                -23.638783331999946,
                15.226263739000046
              ],
              [
                -23.63027910099993,
                15.219183661000045
              ],
              [
                -23.61510169199994,
                15.195013739000046
              ],
              [
                -23.58421790299991,
                15.16242096600007
              ],
              [
                -23.56737219999991,
                15.152085679000038
              ],
              [
                -23.552357550999943,
                15.153998114000046
              ],
              [
                -23.54914303299995,
                15.149359442000048
              ],
              [
                -23.547474738999938,
                15.14594147300005
              ],
              [
                -23.544992641999954,
                15.143133856000077
              ],
              [
                -23.53929602799991,
                15.140366929000038
              ],
              [
                -23.540760870999918,
                15.139064846000053
              ],
              [
                -23.534413214999915,
                15.133002020000049
              ],
              [
                -23.52725175699993,
                15.127386786000045
              ],
              [
                -23.52570553299995,
                15.127346096000053
              ],
              [
                -23.52293860599991,
                15.126695054000038
              ],
              [
                -23.514068162999934,
                15.12799713700008
              ],
              [
                -23.511382615999935,
                15.127346096000053
              ],
              [
                -23.51081295499995,
                15.124212958000044
              ],
              [
                -23.51203365799995,
                15.116115627000056
              ],
              [
                -23.511382615999935,
                15.113023179000038
              ],
              [
                -23.470448370999918,
                15.037990627000056
              ],
              [
                -23.466542120999918,
                15.03424713700008
              ],
              [
                -23.463612433999913,
                15.033148505000042
              ],
              [
                -23.460682745999918,
                15.030951239000046
              ],
              [
                -23.456776495999918,
                15.02366771000004
              ]
            ]
          ],
          [
            [
              [
                -25.046986456999946,
                17.03506094000005
              ],
              [
                -25.055572068999936,
                17.02480703300006
              ],
              [
                -25.11587480399993,
                16.99746328300006
              ],
              [
                -25.143422003999945,
                16.970038153000075
              ],
              [
                -25.162953253999945,
                16.94529857000009
              ],
              [
                -25.187855597999942,
                16.928168036000045
              ],
              [
                -25.231312628999945,
                16.923000393000052
              ],
              [
                -25.269195115999935,
                16.923000393000052
              ],
              [
                -25.28083248599995,
                16.920721747000073
              ],
              [
                -25.289662238999938,
                16.917181708000044
              ],
              [
                -25.29869544199994,
                16.91738515800006
              ],
              [
                -25.31078040299991,
                16.92609284100007
              ],
              [
                -25.313384568999936,
                16.93846263200004
              ],
              [
                -25.31387285099993,
                17.00495026200008
              ],
              [
                -25.32754472599993,
                17.028225002000056
              ],
              [
                -25.33104407499991,
                17.030951239000046
              ],
              [
                -25.34829667899993,
                17.034125067000048
              ],
              [
                -25.354847785999937,
                17.03847890800006
              ],
              [
                -25.36042232999995,
                17.055243231000077
              ],
              [
                -25.355580206999946,
                17.069566148000092
              ],
              [
                -25.330922003999945,
                17.096828518000052
              ],
              [
                -25.316802537999934,
                17.10610586100006
              ],
              [
                -25.30215410099993,
                17.10805898600006
              ],
              [
                -25.289133266999954,
                17.10700104400007
              ],
              [
                -25.279774542999917,
                17.10732656500005
              ],
              [
                -25.269602016999954,
                17.11432526200008
              ],
              [
                -25.245350714999915,
                17.13670482000009
              ],
              [
                -25.226307745999918,
                17.144680080000057
              ],
              [
                -25.20270748599995,
                17.158758856000077
              ],
              [
                -25.17955481699994,
                17.16437409100007
              ],
              [
                -25.11864173099991,
                17.19285716400009
              ],
              [
                -25.10260982999995,
                17.196600653000075
              ],
              [
                -25.091053839999915,
                17.193019924000055
              ],
              [
                -25.07949785099993,
                17.185370184000078
              ],
              [
                -25.053944464999915,
                17.18618398600006
              ],
              [
                -25.039540167999917,
                17.182440497000073
              ],
              [
                -25.030181443999936,
                17.175482489000046
              ],
              [
                -25.026275193999936,
                17.167710679000038
              ],
              [
                -25.025868292999917,
                17.144924221000053
              ],
              [
                -25.02057857999995,
                17.140366929000038
              ],
              [
                -24.99705969999991,
                17.13418203300006
              ],
              [
                -24.99176998599995,
                17.130926825000074
              ],
              [
                -24.988677537999934,
                17.12571849200009
              ],
              [
                -24.974964972999942,
                17.114488023000092
              ],
              [
                -24.971262173999946,
                17.10732656500005
              ],
              [
                -24.973011847999942,
                17.096625067000048
              ],
              [
                -24.978993292999917,
                17.08690013200004
              ],
              [
                -25.01512610599991,
                17.04913971600007
              ],
              [
                -25.019683397999927,
                17.04901764500005
              ],
              [
                -25.023915167999917,
                17.045396226000037
              ],
              [
                -25.042713995999918,
                17.03847890800006
              ],
              [
                -25.046986456999946,
                17.03506094000005
              ]
            ]
          ],
          [
            [
              [
                -23.127797003999945,
                15.311672268000052
              ],
              [
                -23.121896938999953,
                15.29913971600007
              ],
              [
                -23.12051347599993,
                15.283351955000057
              ],
              [
                -23.121571417999917,
                15.256415106000077
              ],
              [
                -23.11046301999994,
                15.199408270000049
              ],
              [
                -23.111927863999938,
                15.171942450000074
              ],
              [
                -23.127797003999945,
                15.146633205000057
              ],
              [
                -23.132801886999914,
                15.144720770000049
              ],
              [
                -23.14867102799991,
                15.142767645000049
              ],
              [
                -23.155140753999945,
                15.140366929000038
              ],
              [
                -23.15884355399993,
                15.135565497000073
              ],
              [
                -23.16364498599995,
                15.123724677000041
              ],
              [
                -23.168812628999945,
                15.11985911700009
              ],
              [
                -23.18272864499994,
                15.11859772300005
              ],
              [
                -23.19595292899993,
                15.12205638200004
              ],
              [
                -23.217152472999942,
                15.13353099200009
              ],
              [
                -23.240630662999934,
                15.150051174000055
              ],
              [
                -23.252064581999946,
                15.161810614000046
              ],
              [
                -23.258168097999942,
                15.174505927000041
              ],
              [
                -23.255116339999915,
                15.186835028000075
              ],
              [
                -23.247303839999915,
                15.19920482000009
              ],
              [
                -23.24327551999994,
                15.211330471000053
              ],
              [
                -23.251332160999937,
                15.22288646000004
              ],
              [
                -23.237172003999945,
                15.231024481000077
              ],
              [
                -23.230865037999934,
                15.243963934000078
              ],
              [
                -23.234852667999917,
                15.254828192000048
              ],
              [
                -23.251332160999937,
                15.256415106000077
              ],
              [
                -23.245716925999943,
                15.271063544000071
              ],
              [
                -23.22411048099991,
                15.286688544000071
              ],
              [
                -23.209787563999953,
                15.311672268000052
              ],
              [
                -23.214466925999943,
                15.31354401200008
              ],
              [
                -23.21515865799995,
                15.31443919500009
              ],
              [
                -23.214955206999946,
                15.315822658000059
              ],
              [
                -23.217152472999942,
                15.319159247000073
              ],
              [
                -23.203277147999927,
                15.324896552000041
              ],
              [
                -23.189849412999934,
                15.33274974200009
              ],
              [
                -23.189564581999946,
                15.329494533000059
              ],
              [
                -23.189849412999934,
                15.319159247000073
              ],
              [
                -23.181263800999943,
                15.325751044000071
              ],
              [
                -23.178944464999915,
                15.327948309000078
              ],
              [
                -23.176258917999917,
                15.33274974200009
              ],
              [
                -23.168812628999945,
                15.325344143000052
              ],
              [
                -23.176258917999917,
                15.319159247000073
              ],
              [
                -23.161936001999948,
                15.312567450000074
              ],
              [
                -23.139515753999945,
                15.317775783000059
              ],
              [
                -23.127797003999945,
                15.311672268000052
              ]
            ]
          ],
          [
            [
              [
                -22.682118292999917,
                16.11359284100007
              ],
              [
                -22.67837480399993,
                16.111883856000077
              ],
              [
                -22.670806443999936,
                16.10224030200004
              ],
              [
                -22.666574673999946,
                16.091457424000055
              ],
              [
                -22.67251542899993,
                16.086330471000053
              ],
              [
                -22.675607876999948,
                16.08201732000009
              ],
              [
                -22.677113410999937,
                16.072658596000053
              ],
              [
                -22.679798956999946,
                16.06321849200009
              ],
              [
                -22.696441209999932,
                16.05292389500005
              ],
              [
                -22.75108801999994,
                16.010565497000073
              ],
              [
                -22.787587042999917,
                15.991603908000059
              ],
              [
                -22.80614173099991,
                15.985907294000071
              ],
              [
                -22.863677537999934,
                15.982367255000042
              ],
              [
                -22.873890753999945,
                15.983872789000088
              ],
              [
                -22.883656378999945,
                15.988714911000045
              ],
              [
                -22.897775844999956,
                16.000474351000037
              ],
              [
                -22.90929114499994,
                16.003729559000078
              ],
              [
                -22.94554602799991,
                16.019680080000057
              ],
              [
                -22.957753058999913,
                16.03082916900007
              ],
              [
                -22.96397864499994,
                16.05219147300005
              ],
              [
                -22.963246222999942,
                16.071193752000056
              ],
              [
                -22.957753058999913,
                16.089016018000052
              ],
              [
                -22.947417772999927,
                16.10224030200004
              ],
              [
                -22.93260657499991,
                16.10740794500009
              ],
              [
                -22.91356360599991,
                16.125555731000077
              ],
              [
                -22.924427863999938,
                16.212958075000074
              ],
              [
                -22.91559811099995,
                16.243963934000078
              ],
              [
                -22.91161048099991,
                16.236721096000053
              ],
              [
                -22.90721594999991,
                16.23143138200004
              ],
              [
                -22.895090298999946,
                16.22284577000005
              ],
              [
                -22.87791907499991,
                16.214911200000074
              ],
              [
                -22.85252844999991,
                16.20661041900007
              ],
              [
                -22.829416469999956,
                16.204006252000056
              ],
              [
                -22.81932532499991,
                16.212958075000074
              ],
              [
                -22.811675584999932,
                16.22842031500005
              ],
              [
                -22.793812628999945,
                16.231350002000056
              ],
              [
                -22.73468990799995,
                16.216864325000074
              ],
              [
                -22.723866339999915,
                16.212632554000038
              ],
              [
                -22.71385657499991,
                16.20575592700004
              ],
              [
                -22.709828253999945,
                16.19863515800006
              ],
              [
                -22.70376542899993,
                16.17959219000005
              ],
              [
                -22.699574347999942,
                16.17568594000005
              ],
              [
                -22.682484503999945,
                16.16864655200004
              ],
              [
                -22.67870032499991,
                16.15176015800006
              ],
              [
                -22.682118292999917,
                16.11359284100007
              ]
            ]
          ],
          [
            [
              [
                -22.92918860599991,
                16.593410549000055
              ],
              [
                -22.941395636999914,
                16.66937897300005
              ],
              [
                -22.95653235599991,
                16.69944896000004
              ],
              [
                -22.97760982999995,
                16.68903229400007
              ],
              [
                -22.981760219999956,
                16.703517971000053
              ],
              [
                -22.983143683999913,
                16.723049221000053
              ],
              [
                -22.98005123599995,
                16.741115627000056
              ],
              [
                -22.970814581999946,
                16.75104401200008
              ],
              [
                -22.970814581999946,
                16.757879950000074
              ],
              [
                -22.98273678299995,
                16.761379299000055
              ],
              [
                -22.98924719999991,
                16.77094147300005
              ],
              [
                -22.991566535999937,
                16.784328518000052
              ],
              [
                -22.990793423999946,
                16.815659898000092
              ],
              [
                -22.97012285099993,
                16.83144765800006
              ],
              [
                -22.922434048999946,
                16.860296942000048
              ],
              [
                -22.91698157499991,
                16.853176174000055
              ],
              [
                -22.898915167999917,
                16.836818752000056
              ],
              [
                -22.895090298999946,
                16.829291083000044
              ],
              [
                -22.896311001999948,
                16.825018622000073
              ],
              [
                -22.902740037999934,
                16.81317780200004
              ],
              [
                -22.909779425999943,
                16.80337148600006
              ],
              [
                -22.907948370999918,
                16.800604559000078
              ],
              [
                -22.904042120999918,
                16.798570054000038
              ],
              [
                -22.90184485599991,
                16.79511139500005
              ],
              [
                -22.904652472999942,
                16.73582591400009
              ],
              [
                -22.90184485599991,
                16.716945705000057
              ],
              [
                -22.897368943999936,
                16.710272528000075
              ],
              [
                -22.88418535099993,
                16.698431708000044
              ],
              [
                -22.881337042999917,
                16.692694403000075
              ],
              [
                -22.88239498599995,
                16.68154531500005
              ],
              [
                -22.88662675699993,
                16.66168854400007
              ],
              [
                -22.887603318999936,
                16.65143463700008
              ],
              [
                -22.889556443999936,
                16.64590078300006
              ],
              [
                -22.898793097999942,
                16.639471747000073
              ],
              [
                -22.90184485599991,
                16.634426174000055
              ],
              [
                -22.90147864499994,
                16.62909577000005
              ],
              [
                -22.89940344999991,
                16.621649481000077
              ],
              [
                -22.896839972999942,
                16.61546458500004
              ],
              [
                -22.895090298999946,
                16.61391836100006
              ],
              [
                -22.901722785999937,
                16.605902411000045
              ],
              [
                -22.90884355399993,
                16.60219961100006
              ],
              [
                -22.917632615999935,
                16.59918854400007
              ],
              [
                -22.92918860599991,
                16.593410549000055
              ]
            ]
          ],
          [
            [
              [
                -24.067534959999932,
                16.61391836100006
              ],
              [
                -24.04796301999994,
                16.598822333000044
              ],
              [
                -24.03742428299995,
                16.593003648000092
              ],
              [
                -24.032826300999943,
                16.596828518000052
              ],
              [
                -24.032826300999943,
                16.56240469000005
              ],
              [
                -24.044097459999932,
                16.559881903000075
              ],
              [
                -24.11473548099991,
                16.55927155200004
              ],
              [
                -24.191965298999946,
                16.59247467700004
              ],
              [
                -24.233306443999936,
                16.602118231000077
              ],
              [
                -24.272328253999945,
                16.587225653000075
              ],
              [
                -24.286366339999915,
                16.570746161000045
              ],
              [
                -24.315337693999936,
                16.520412502000056
              ],
              [
                -24.324696417999917,
                16.48265208500004
              ],
              [
                -24.33340410099993,
                16.494940497000073
              ],
              [
                -24.347482876999948,
                16.53196849200009
              ],
              [
                -24.35338294199994,
                16.54043203300006
              ],
              [
                -24.360178188999953,
                16.54718659100007
              ],
              [
                -24.365630662999934,
                16.555609442000048
              ],
              [
                -24.367909308999913,
                16.569159247000073
              ],
              [
                -24.36856035099993,
                16.57953522300005
              ],
              [
                -24.370920376999948,
                16.587144273000092
              ],
              [
                -24.37608801999994,
                16.59178294500009
              ],
              [
                -24.38508053299995,
                16.593410549000055
              ],
              [
                -24.408273891999954,
                16.600165106000077
              ],
              [
                -24.424712693999936,
                16.617132880000042
              ],
              [
                -24.43065344999991,
                16.639471747000073
              ],
              [
                -24.422596808999913,
                16.66229889500005
              ],
              [
                -24.361480272999927,
                16.681586005000042
              ],
              [
                -24.354237433999913,
                16.680609442000048
              ],
              [
                -24.340565558999913,
                16.67536041900007
              ],
              [
                -24.328684048999946,
                16.667792059000078
              ],
              [
                -24.305165167999917,
                16.64789459800005
              ],
              [
                -24.29283606699994,
                16.641831773000092
              ],
              [
                -24.282378709999932,
                16.64134349200009
              ],
              [
                -24.22679602799991,
                16.649603583000044
              ],
              [
                -24.21711178299995,
                16.647691148000092
              ],
              [
                -24.180572068999936,
                16.63084544500009
              ],
              [
                -24.172474738999938,
                16.62909577000005
              ],
              [
                -24.089995897999927,
                16.62246328300006
              ],
              [
                -24.067534959999932,
                16.61391836100006
              ]
            ]
          ],
          [
            [
              [
                -24.919748501999948,
                16.895086981000077
              ],
              [
                -24.92292232999995,
                16.89081452000005
              ],
              [
                -24.914458787999934,
                16.881415106000077
              ],
              [
                -24.900135870999918,
                16.872015692000048
              ],
              [
                -24.885894334999932,
                16.867743231000077
              ],
              [
                -24.88109290299991,
                16.86229075700004
              ],
              [
                -24.876291469999956,
                16.84983958500004
              ],
              [
                -24.873605923999946,
                16.83592357000009
              ],
              [
                -24.875070766999954,
                16.82615794500009
              ],
              [
                -24.891102667999917,
                16.81395091400009
              ],
              [
                -24.91551673099991,
                16.805487372000073
              ],
              [
                -24.94286048099991,
                16.800482489000046
              ],
              [
                -24.968129035999937,
                16.798895575000074
              ],
              [
                -24.97451738199993,
                16.796698309000078
              ],
              [
                -24.984201626999948,
                16.78733958500004
              ],
              [
                -24.988026495999918,
                16.78514232000009
              ],
              [
                -24.99522864499994,
                16.78611888200004
              ],
              [
                -25.05817623599995,
                16.80963776200008
              ],
              [
                -25.06822669199994,
                16.81509023600006
              ],
              [
                -25.076161261999914,
                16.82245514500005
              ],
              [
                -25.08112545499995,
                16.83234284100007
              ],
              [
                -25.094146287999934,
                16.82615794500009
              ],
              [
                -25.08975175699993,
                16.847479559000078
              ],
              [
                -25.078195766999954,
                16.865057684000078
              ],
              [
                -25.06358801999994,
                16.877020575000074
              ],
              [
                -25.050119594999956,
                16.881415106000077
              ],
              [
                -25.018788214999915,
                16.882025458000044
              ],
              [
                -25.005970831999946,
                16.88768138200004
              ],
              [
                -25.012196417999917,
                16.901271877000056
              ],
              [
                -24.983998175999943,
                16.915961005000042
              ],
              [
                -24.97809811099995,
                16.923000393000052
              ],
              [
                -24.971262173999946,
                16.923000393000052
              ],
              [
                -24.965199347999942,
                16.90892161700009
              ],
              [
                -24.955189581999946,
                16.91079336100006
              ],
              [
                -24.93773352799991,
                16.923000393000052
              ],
              [
                -24.927723761999914,
                16.917792059000078
              ],
              [
                -24.918771938999953,
                16.908270575000074
              ],
              [
                -24.91470292899993,
                16.89915599200009
              ],
              [
                -24.919748501999948,
                16.895086981000077
              ]
            ]
          ],
          [
            [
              [
                -24.296538865999935,
                14.917547919000071
              ],
              [
                -24.301503058999913,
                14.90648021000004
              ],
              [
                -24.298207160999937,
                14.895453192000048
              ],
              [
                -24.29328365799995,
                14.884344794000071
              ],
              [
                -24.29283606699994,
                14.872870184000078
              ],
              [
                -24.299549933999913,
                14.863023179000038
              ],
              [
                -24.334462042999917,
                14.831854559000078
              ],
              [
                -24.37653561099995,
                14.815985419000071
              ],
              [
                -24.41502844999991,
                14.820868231000077
              ],
              [
                -24.44908606699994,
                14.838080145000049
              ],
              [
                -24.506581183999913,
                14.884955145000049
              ],
              [
                -24.520375128999945,
                14.903957424000055
              ],
              [
                -24.526234503999945,
                14.924709377000056
              ],
              [
                -24.52061926999994,
                14.945257880000042
              ],
              [
                -24.506743943999936,
                14.969183661000045
              ],
              [
                -24.48892167899993,
                14.99054596600007
              ],
              [
                -24.464588995999918,
                15.00771719000005
              ],
              [
                -24.40343176999994,
                15.038031317000048
              ],
              [
                -24.385568813999953,
                15.043524481000077
              ],
              [
                -24.364857550999943,
                15.045396226000037
              ],
              [
                -24.34325110599991,
                15.040716864000046
              ],
              [
                -24.32921301999994,
                15.028713283000059
              ],
              [
                -24.320139126999948,
                15.013006903000075
              ],
              [
                -24.307240363999938,
                14.979437567000048
              ],
              [
                -24.295765753999945,
                14.930487372000073
              ],
              [
                -24.296538865999935,
                14.917547919000071
              ]
            ]
          ],
          [
            [
              [
                -24.704335089999915,
                14.900824286000045
              ],
              [
                -24.693104620999918,
                14.890692450000074
              ],
              [
                -24.686756964999915,
                14.876166083000044
              ],
              [
                -24.683949347999942,
                14.859442450000074
              ],
              [
                -24.683257615999935,
                14.842474677000041
              ],
              [
                -24.686879035999937,
                14.826646226000037
              ],
              [
                -24.695301886999914,
                14.81940338700008
              ],
              [
                -24.704416469999956,
                14.814032294000071
              ],
              [
                -24.710560675999943,
                14.803941148000092
              ],
              [
                -24.718006964999915,
                14.803941148000092
              ],
              [
                -24.725453253999945,
                14.814113674000055
              ],
              [
                -24.744618292999917,
                14.826605536000045
              ],
              [
                -24.75153561099995,
                14.838771877000056
              ],
              [
                -24.758941209999932,
                14.831854559000078
              ],
              [
                -24.754709438999953,
                14.84080638200004
              ],
              [
                -24.753244594999956,
                14.849351304000038
              ],
              [
                -24.754709438999953,
                14.857855536000045
              ],
              [
                -24.758941209999932,
                14.86664459800005
              ],
              [
                -24.745350714999915,
                14.86664459800005
              ],
              [
                -24.74941972599993,
                14.88548411700009
              ],
              [
                -24.737619594999956,
                14.89203522300005
              ],
              [
                -24.719349738999938,
                14.89443594000005
              ],
              [
                -24.704335089999915,
                14.900824286000045
              ]
            ]
          ],
          [
            [
              [
                -24.773499991676733,
                16.80225936526206
              ],
              [
                -24.74890569854964,
                16.79357902651132
              ],
              [
                -24.735885190423527,
                16.779111795260086
              ],
              [
                -24.725758128547664,
                16.757410948383235
              ],
              [
                -24.70695072792106,
                16.753070779007867
              ],
              [
                -24.695376942920074,
                16.760304394633483
              ],
              [
                -24.683803157919087,
                16.75596422525811
              ],
              [
                -24.68524988104421,
                16.742943717132004
              ],
              [
                -24.70261055854569,
                16.735710101506385
              ],
              [
                -24.722864682297416,
                16.73426337838126
              ],
              [
                -24.740225359798895,
                16.73426337838126
              ],
              [
                -24.74890569854964,
                16.742943717132004
              ],
              [
                -24.75469259105013,
                16.754517502132988
              ],
              [
                -24.773499991676733,
                16.761751117758607
              ],
              [
                -24.787967222927968,
                16.774771625884714
              ],
              [
                -24.787967222927968,
                16.78923885713595
              ],
              [
                -24.773499991676733,
                16.80225936526206
              ]
            ]
          ],
          [
            [
              [
                -24.592659601036317,
                16.624312420871888
              ],
              [
                -24.569512031034343,
                16.61997225149652
              ],
              [
                -24.575298923534838,
                16.605505020245285
              ],
              [
                -24.58976615478607,
                16.60695174337041
              ],
              [
                -24.601339939787056,
                16.609845189620657
              ],
              [
                -24.604233386037304,
                16.621418974621644
              ],
              [
                -24.592659601036317,
                16.624312420871888
              ]
            ]
          ]
        ]
      }
    }
  ]
}