{
  "type": "FeatureCollection",
  "name": "CW",
  "features": [
    {
      "type": "Feature",
      "geometry": {
        "type": "MultiPolygon",
        "coordinates": [
          [
            [
              [
                -68.75107421874999,
                12.059765625
              ],
              [
                -68.80332031249999,
                12.045458984374989
              ],
              [
                -68.9951171875,
                12.141845703125
              ],
              [
                -69.15380859375,
                12.2984375
              ],
              [
                -69.15888671875,
                12.380273437499994
              ],
              [
                -69.11845703124999,
                12.373242187499997
              ],
              [
                -69.07675781249999,
                12.342041015625
              ],
              [
                -69.013134765625,
                12.231347656249994
              ],
              [
                -68.827392578125,
                12.158544921874991
              ],
              [
                -68.75107421874999,
                12.059765625
              ]
            ]
          ]
        ]
      }
    }
  ]
}