{
  "type": "FeatureCollection",
  "features": [
    {
      "type": "Feature",
      "geometry": {
        "type": "Polygon",
        "coordinates": [
          [
            [
              15.0169959,
              51.1066741
            ],
            [
              14.5707182,
              51.0023394
            ],
            [
              14.3070134,
              51.1172678
            ],
            [
              14.0562277,
              50.9269176
            ],
            [
              13.338132,
              50.7332344
            ],
            [
              12.9668368,
              50.4840764
            ],
            [
              12.2401111,
              50.2663378
            ],
            [
              12.4151909,
              49.9691208
            ],
            [
              12.5210242,
              49.5474153
            ],
            [
              13.031329,
              49.3070682
            ],
            [
              13.5959457,
              48.8771719
            ],
            [
              14.3388977,
              48.5553053
            ],
            [
              14.9014474,
              48.9644018
            ],
            [
              15.2534156,
              49.0390742
            ],
            [
              16.0296473,
              48.733899
            ],
            [
              16.4992827,
              48.785808
            ],
            [
              16.9602881,
              48.5969823
            ],
            [
              17.1019849,
              48.8169689
            ],
            [
              17.545007,
              48.800019
            ],
            [
              17.8864848,
              48.9034752
            ],
            [
              17.9135116,
              48.9964928
            ],
            [
              18.1049728,
              49.0439835
            ],
            [
              18.1704985,
              49.2715148
            ],
            [
              18.3999935,
              49.3150005
            ],
            [
              18.5549711,
              49.4950154
            ],
            [
              18.8531442,
              49.4962298
            ],
            [
              18.3929139,
              49.9886286
            ],
            [
              17.649445,
              50.0490384
            ],
            [
              17.5545671,
              50.3621459
            ],
            [
              16.8687692,
              50.4739737
            ],
            [
              16.7194759,
              50.2157466
            ],
            [
              16.1762533,
              50.4226073
            ],
            [
              16.2386267,
              50.6977327
            ],
            [
              15.4909721,
              50.7847299
            ],
            [
              15.0169959,
              51.1066741
            ]
          ]
        ]
      }
    }
  ]
}