{
  "type": "FeatureCollection",
  "features": [
    {
      "type": "Feature",
      "geometry": {
        "type": "Polygon",
        "coordinates": [
          [
            [
              14.1196863,
              53.7570291
            ],
            [
              13.6474671,
              54.075511
            ],
            [
              12.5184404,
              54.4703706
            ],
            [
              11.9562525,
              54.1964855
            ],
            [
              10.939467,
              54.0086933
            ],
            [
              10.9501123,
              54.3636071
            ],
            [
              9.9395797,
              54.596642
            ],
            [
              9.9219064,
              54.9831042
            ],
            [
              9.2820488,
              54.8308654
            ],
            [
              8.5262293,
              54.9627436
            ],
            [
              8.572118,
              54.3956465
            ],
            [
              8.8007345,
              54.0207856
            ],
            [
              8.1217062,
              53.5277925
            ],
            [
              7.9362395,
              53.7482958
            ],
            [
              7.1004248,
              53.6939322
            ],
            [
              6.9051396,
              53.4821622
            ],
            [
              7.0920533,
              53.1440433
            ],
            [
              6.8428695,
              52.2284403
            ],
            [
              6.5893966,
              51.8520291
            ],
            [
              5.9886581,
              51.8516157
            ],
            [
              6.1566582,
              50.803721
            ],
            [
              6.0430734,
              50.1280517
            ],
            [
              6.2427511,
              49.9022257
            ],
            [
              6.1863204,
              49.4638028
            ],
            [
              6.6582296,
              49.2019583
            ],
            [
              8.0992786,
              49.0177835
            ],
            [
              7.5936764,
              48.3330191
            ],
            [
              7.4667591,
              47.620582
            ],
            [
              8.3173015,
              47.6135798
            ],
            [
              8.5226119,
              47.8308275
            ],
            [
              9.5942261,
              47.5250581
            ],
            [
              9.8960681,
              47.5801968
            ],
            [
              10.4020838,
              47.3024877
            ],
            [
              10.544504,
              47.5663992
            ],
            [
              11.426414,
              47.5237662
            ],
            [
              12.1413575,
              47.7030834
            ],
            [
              12.6207597,
              47.6723876
            ],
            [
              12.932627,
              47.4676456
            ],
            [
              13.0258513,
              47.6375835
            ],
            [
              12.8841028,
              48.2891458
            ],
            [
              13.2433574,
              48.4161148
            ],
            [
              13.5959457,
              48.8771719
            ],
            [
              13.031329,
              49.3070682
            ],
            [
              12.5210242,
              49.5474153
            ],
            [
              12.4151909,
              49.9691208
            ],
            [
              12.2401111,
              50.2663378
            ],
            [
              12.9668368,
              50.4840764
            ],
            [
              13.338132,
              50.7332344
            ],
            [
              14.0562277,
              50.9269176
            ],
            [
              14.3070134,
              51.1172678
            ],
            [
              14.5707182,
              51.0023394
            ],
            [
              15.0169959,
              51.1066741
            ],
            [
              14.6070984,
              51.7451881
            ],
            [
              14.6850265,
              52.0899474
            ],
            [
              14.4375997,
              52.6248502
            ],
            [
              14.0745211,
              52.9812625
            ],
            [
              14.3533155,
              53.2481713
            ],
            [
              14.1196863,
              53.7570291
            ]
          ]
        ]
      }
    }
  ]
}