{
  "type": "FeatureCollection",
  "features": [
    {
      "type": "Feature",
      "geometry": {
        "type": "MultiPolygon",
        "coordinates": [
          [
            [
              [
                9.9219064,
                54.9831042
              ],
              [
                9.649985,
                55.4699995
              ],
              [
                10.3699927,
                56.1900072
              ],
              [
                10.667804,
                56.0813834
              ],
              [
                10.9121818,
                56.4586213
              ],
              [
                10.3699927,
                56.6099816
              ],
              [
                10.25,
                56.8900162
              ],
              [
                10.546106,
                57.2157327
              ],
              [
                10.5800057,
                57.7300166
              ],
              [
                9.7755587,
                57.4479408
              ],
              [
                9.424469,
                57.1720661
              ],
              [
                8.5434375,
                57.1100028
              ],
              [
                8.2565817,
                56.8099694
              ],
              [
                8.0899768,
                56.5400117
              ],
              [
                8.1203109,
                55.5177227
              ],
              [
                8.5262293,
                54.9627436
              ],
              [
                9.2820488,
                54.8308654
              ],
              [
                9.9219064,
                54.9831042
              ]
            ]
          ],
          [
            [
              [
                12.3709042,
                56.1114074
              ],
              [
                10.9039136,
                55.7799547
              ],
              [
                11.0435433,
                55.3648638
              ],
              [
                12.0899911,
                54.8000146
              ],
              [
                12.6900061,
                55.609991
              ],
              [
                12.3709042,
                56.1114074
              ]
            ]
          ]
        ]
      }
    }
  ]
}