{
  "type": "FeatureCollection",
  "name": "DM",
  "features": [
    {
      "type": "Feature",
      "geometry": {
        "type": "MultiPolygon",
        "coordinates": [
          [
            [
              [
                -61.36286373599995,
                15.20180898600006
              ],
              [
                -61.37409420499995,
                15.204820054000038
              ],
              [
                -61.37612870999993,
                15.212836005000042
              ],
              [
                -61.37279212099992,
                15.237209377000056
              ],
              [
                -61.37328040299991,
                15.266424872000073
              ],
              [
                -61.37279212099992,
                15.270697333000044
              ],
              [
                -61.37828528599994,
                15.282049872000073
              ],
              [
                -61.39093990799995,
                15.296291408000059
              ],
              [
                -61.39321855399993,
                15.308294989000046
              ],
              [
                -61.39500891799992,
                15.33307526200008
              ],
              [
                -61.39956620999993,
                15.351141669000071
              ],
              [
                -61.413726365999935,
                15.380560614000046
              ],
              [
                -61.415679490999935,
                15.387640692000048
              ],
              [
                -61.418080206999946,
                15.405951239000046
              ],
              [
                -61.4212133449999,
                15.414740302000041
              ],
              [
                -61.444203253999945,
                15.436835028000075
              ],
              [
                -61.44786536399994,
                15.445135809000078
              ],
              [
                -61.449777798999946,
                15.454657294000071
              ],
              [
                -61.45425370999993,
                15.46482982000009
              ],
              [
                -61.46003170499995,
                15.47288646000004
              ],
              [
                -61.46556555899991,
                15.476141669000071
              ],
              [
                -61.47207597599993,
                15.481390692000048
              ],
              [
                -61.474273240999935,
                15.493475653000075
              ],
              [
                -61.47520911399994,
                15.517767645000049
              ],
              [
                -61.479359503999945,
                15.525458075000074
              ],
              [
                -61.48485266799992,
                15.53034088700008
              ],
              [
                -61.48892167899993,
                15.535711981000077
              ],
              [
                -61.48888098899994,
                15.545070705000057
              ],
              [
                -61.48399817599994,
                15.551581122000073
              ],
              [
                -61.46727454299992,
                15.562974351000037
              ],
              [
                -61.462147589999915,
                15.57298411700009
              ],
              [
                -61.46906490799995,
                15.574286200000074
              ],
              [
                -61.48119055899991,
                15.578558661000045
              ],
              [
                -61.48888098899994,
                15.579250393000052
              ],
              [
                -61.48062089799993,
                15.591009833000044
              ],
              [
                -61.46898352799991,
                15.63385651200008
              ],
              [
                -61.449208136999914,
                15.633083401000079
              ],
              [
                -61.43724524599992,
                15.632635809000078
              ],
              [
                -61.42593339799993,
                15.628485419000071
              ],
              [
                -61.413726365999935,
                15.619574286000045
              ],
              [
                -61.39757239499994,
                15.596625067000048
              ],
              [
                -61.38463294199994,
                15.588364976000037
              ],
              [
                -61.36974036399994,
                15.59593333500004
              ],
              [
                -61.35732988199993,
                15.59829336100006
              ],
              [
                -61.30768795499995,
                15.579250393000052
              ],
              [
                -61.305897589999915,
                15.572455145000049
              ],
              [
                -61.29954993399991,
                15.557196356000077
              ],
              [
                -61.289621548999946,
                15.540961005000042
              ],
              [
                -61.284047003999945,
                15.531398830000057
              ],
              [
                -61.26862545499995,
                15.509914455000057
              ],
              [
                -61.26716061099995,
                15.50779857000009
              ],
              [
                -61.25767981699994,
                15.472601630000042
              ],
              [
                -61.25601152299993,
                15.435939846000053
              ],
              [
                -61.262928839999915,
                15.407904364000046
              ],
              [
                -61.258371548999946,
                15.406317450000074
              ],
              [
                -61.25422115799995,
                15.40298086100006
              ],
              [
                -61.249256964999915,
                15.401068427000041
              ],
              [
                -61.255523240999935,
                15.364569403000075
              ],
              [
                -61.25405839799993,
                15.33266836100006
              ],
              [
                -61.25373287699995,
                15.324693101000037
              ],
              [
                -61.25666256399995,
                15.285345770000049
              ],
              [
                -61.27721106699994,
                15.25023021000004
              ],
              [
                -61.284413214999915,
                15.244818427000041
              ],
              [
                -61.28929602799991,
                15.24359772300005
              ],
              [
                -61.29320227799991,
                15.243882554000038
              ],
              [
                -61.30337480399993,
                15.242580471000053
              ],
              [
                -61.31187903599994,
                15.244533596000053
              ],
              [
                -61.31818600199995,
                15.243394273000092
              ],
              [
                -61.32359778599994,
                15.23859284100007
              ],
              [
                -61.32872473899994,
                15.22557200700004
              ],
              [
                -61.342681443999936,
                15.219671942000048
              ],
              [
                -61.34593665299991,
                15.21234772300005
              ],
              [
                -61.34638424399992,
                15.211696682000081
              ],
              [
                -61.35073808499993,
                15.205145575000074
              ],
              [
                -61.36286373599995,
                15.20180898600006
              ]
            ]
          ]
        ]
      }
    }
  ]
}