{
  "type": "FeatureCollection",
  "features": [
    {
      "type": "Feature",
      "geometry": {
        "type": "Polygon",
        "coordinates": [
          [
            [
              -71.7083048,
              18.0449971
            ],
            [
              -71.6576619,
              17.7575727
            ],
            [
              -71.4002099,
              17.5985644
            ],
            [
              -70.9999501,
              18.2833288
            ],
            [
              -70.6692985,
              18.4268859
            ],
            [
              -70.5171372,
              18.1842909
            ],
            [
              -70.133233,
              18.245915
            ],
            [
              -69.9529339,
              18.428307
            ],
            [
              -69.6239876,
              18.380713
            ],
            [
              -69.1649458,
              18.4226484
            ],
            [
              -68.689316,
              18.2051423
            ],
            [
              -68.3179433,
              18.6121976
            ],
            [
              -68.809412,
              18.9790744
            ],
            [
              -69.2543461,
              19.0151962
            ],
            [
              -69.2221258,
              19.3132142
            ],
            [
              -69.76925,
              19.2932671
            ],
            [
              -69.9508152,
              19.648
            ],
            [
              -70.214365,
              19.6228852
            ],
            [
              -70.8067061,
              19.8802855
            ],
            [
              -71.5873045,
              19.8849106
            ],
            [
              -71.7123614,
              19.7144559
            ],
            [
              -71.6248732,
              19.169838
            ],
            [
              -71.7013027,
              18.785417
            ],
            [
              -71.9451121,
              18.6169001
            ],
            [
              -71.6877376,
              18.3166601
            ],
            [
              -71.7083048,
              18.0449971
            ]
          ]
        ]
      }
    }
  ]
}