{
  "type": "FeatureCollection",
  "features": [
    {
      "type": "Feature",
      "geometry": {
        "type": "Polygon",
        "coordinates": [
          [
            [
              -75.3732232,
              -0.1520318
            ],
            [
              -75.8014658,
              0.0848013
            ],
            [
              -76.2923144,
              0.4160473
            ],
            [
              -76.5763798,
              0.2569355
            ],
            [
              -77.4249843,
              0.3956868
            ],
            [
              -77.6686128,
              0.8258931
            ],
            [
              -77.8550614,
              0.809925
            ],
            [
              -78.8552588,
              1.3809238
            ],
            [
              -79.542762,
              0.9829377
            ],
            [
              -80.0906097,
              0.7684289
            ],
            [
              -80.0208982,
              0.3603401
            ],
            [
              -80.3993247,
              -0.2837033
            ],
            [
              -80.5833703,
              -0.9066627
            ],
            [
              -80.933659,
              -1.0574545
            ],
            [
              -80.7648063,
              -1.9650477
            ],
            [
              -80.9677655,
              -2.2469426
            ],
            [
              -80.3687839,
              -2.6851588
            ],
            [
              -79.9865592,
              -2.2207944
            ],
            [
              -79.7702933,
              -2.6575119
            ],
            [
              -80.3025606,
              -3.4048565
            ],
            [
              -80.1840149,
              -3.8211618
            ],
            [
              -80.4692946,
              -4.0592868
            ],
            [
              -80.442242,
              -4.4257244
            ],
            [
              -80.028908,
              -4.346091
            ],
            [
              -79.6249792,
              -4.4541981
            ],
            [
              -79.2052891,
              -4.9591285
            ],
            [
              -78.6398972,
              -4.5477841
            ],
            [
              -78.450684,
              -3.8730966
            ],
            [
              -77.8379048,
              -3.0030205
            ],
            [
              -76.6353943,
              -2.6086777
            ],
            [
              -75.5449957,
              -1.5616098
            ],
            [
              -75.2337227,
              -0.9114169
            ],
            [
              -75.3732232,
              -0.1520318
            ]
          ]
        ]
      }
    }
  ]
}