{
  "type": "FeatureCollection",
  "features": [
    {
      "type": "Feature",
      "geometry": {
        "type": "Polygon",
        "coordinates": [
          [
            [
              -8.6655896,
              27.6564259
            ],
            [
              -8.817809,
              27.6564259
            ],
            [
              -8.8178283,
              27.6564259
            ],
            [
              -8.794884,
              27.1206963
            ],
            [
              -9.4130375,
              27.0884761
            ],
            [
              -9.7353434,
              26.8609447
            ],
            [
              -10.1894242,
              26.8609447
            ],
            [
              -10.5512626,
              26.9908076
            ],
            [
              -11.3925549,
              26.883424
            ],
            [
              -11.7182198,
              26.1040917
            ],
            [
              -12.0307588,
              26.0308662
            ],
            [
              -12.5009627,
              24.7701163
            ],
            [
              -13.8911104,
              23.691009
            ],
            [
              -14.2211678,
              22.3101631
            ],
            [
              -14.6308327,
              21.8609398
            ],
            [
              -14.7509546,
              21.5006001
            ],
            [
              -17.0029618,
              21.4207342
            ],
            [
              -17.0204284,
              21.4223103
            ],
            [
              -17.0634232,
              20.9997521
            ],
            [
              -16.8451937,
              21.3333235
            ],
            [
              -12.9291019,
              21.3270706
            ],
            [
              -13.1187544,
              22.7712202
            ],
            [
              -12.8742216,
              23.2848323
            ],
            [
              -11.9372245,
              23.3745942
            ],
            [
              -11.9694189,
              25.9333528
            ],
            [
              -8.6872937,
              25.8810562
            ],
            [
              -8.6843998,
              27.3957441
            ],
            [
              -8.6651245,
              27.5894791
            ],
            [
              -8.6655896,
              27.6564259
            ]
          ]
        ]
      }
    }
  ]
}