{
  "type": "FeatureCollection",
  "features": [
    {
      "type": "Feature",
      "geometry": {
        "type": "Polygon",
        "coordinates": [
          [
            [
              -7.4537256,
              37.0977876
            ],
            [
              -6.5201908,
              36.9429133
            ],
            [
              -6.2366939,
              36.3676771
            ],
            [
              -5.8664323,
              36.0298166
            ],
            [
              -5.3771598,
              35.9468501
            ],
            [
              -4.9952193,
              36.3247082
            ],
            [
              -4.3689009,
              36.6778391
            ],
            [
              -3.4157808,
              36.6588996
            ],
            [
              -2.1464526,
              36.6741442
            ],
            [
              -1.4383821,
              37.4430637
            ],
            [
              -0.6833895,
              37.6423538
            ],
            [
              -0.4671236,
              38.2923658
            ],
            [
              0.1112907,
              38.7385143
            ],
            [
              -0.2787113,
              39.3099781
            ],
            [
              0.1066915,
              40.1239336
            ],
            [
              0.721331,
              40.6783184
            ],
            [
              0.8105245,
              41.014732
            ],
            [
              2.0918417,
              41.2260886
            ],
            [
              3.0394841,
              41.8921203
            ],
            [
              2.985999,
              42.473015
            ],
            [
              1.8267932,
              42.3433847
            ],
            [
              0.7015906,
              42.7957344
            ],
            [
              0.3380469,
              42.579546
            ],
            [
              -1.502771,
              43.0340144
            ],
            [
              -1.9013513,
              43.422802
            ],
            [
              -3.5175317,
              43.4559008
            ],
            [
              -4.3478428,
              43.4034492
            ],
            [
              -5.4118864,
              43.5742398
            ],
            [
              -6.7544917,
              43.5679095
            ],
            [
              -7.9781897,
              43.7483377
            ],
            [
              -9.3928837,
              43.0266247
            ],
            [
              -8.9844332,
              42.5927752
            ],
            [
              -9.0348177,
              41.8805706
            ],
            [
              -8.6719458,
              42.1346894
            ],
            [
              -8.263857,
              42.2804687
            ],
            [
              -8.0131746,
              41.7908861
            ],
            [
              -7.422513,
              41.7920747
            ],
            [
              -7.251309,
              41.9183461
            ],
            [
              -6.6686055,
              41.8833869
            ],
            [
              -6.3890877,
              41.3818155
            ],
            [
              -6.8511267,
              41.1110827
            ],
            [
              -6.8640199,
              40.3308719
            ],
            [
              -7.0264131,
              40.1845242
            ],
            [
              -7.0665916,
              39.7118916
            ],
            [
              -7.4986324,
              39.629571
            ],
            [
              -7.0980367,
              39.0300727
            ],
            [
              -7.3740922,
              38.3730586
            ],
            [
              -7.0292812,
              38.0757641
            ],
            [
              -7.1665079,
              37.8038944
            ],
            [
              -7.5371055,
              37.4289043
            ],
            [
              -7.4537256,
              37.0977876
            ]
          ]
        ]
      }
    }
  ]
}