{
  "type": "FeatureCollection",
  "features": [
    {
      "type": "Feature",
      "geometry": {
        "type": "Polygon",
        "coordinates": [
          [
            [
              47.78942,
              8.003
            ],
            [
              46.94834,
              7.99688
            ],
            [
              43.67875,
              9.18358
            ],
            [
              43.29699,
              9.54048
            ],
            [
              42.92812,
              10.02194
            ],
            [
              42.55876,
              10.57258
            ],
            [
              42.7768518,
              10.9268786
            ],
            [
              42.55493,
              11.10511
            ],
            [
              42.31414,
              11.0342
            ],
            [
              41.75557,
              11.05091
            ],
            [
              41.73959,
              11.35511
            ],
            [
              41.66176,
              11.6312
            ],
            [
              42.0,
              12.1
            ],
            [
              42.35156,
              12.54223
            ],
            [
              42.00975,
              12.86582
            ],
            [
              41.59856,
              13.45209
            ],
            [
              41.1552,
              13.77333
            ],
            [
              40.8966,
              14.11864
            ],
            [
              40.02625,
              14.51959
            ],
            [
              39.34061,
              14.53155
            ],
            [
              39.0994,
              14.74064
            ],
            [
              38.51295,
              14.50547
            ],
            [
              37.90607,
              14.95943
            ],
            [
              37.59377,
              14.2131
            ],
            [
              36.42951,
              14.42211
            ],
            [
              36.27022,
              13.56333
            ],
            [
              35.86363,
              12.57828
            ],
            [
              35.26049,
              12.08286
            ],
            [
              34.83163,
              11.31896
            ],
            [
              34.73115,
              10.91017
            ],
            [
              34.25745,
              10.63009
            ],
            [
              33.96162,
              9.58358
            ],
            [
              33.9633928,
              9.4642852
            ],
            [
              33.97498,
              8.68456
            ],
            [
              33.8255,
              8.37916
            ],
            [
              33.2948,
              8.35458
            ],
            [
              32.95418,
              7.78497
            ],
            [
              33.56829,
              7.71334
            ],
            [
              34.0751,
              7.22595
            ],
            [
              34.25032,
              6.82607
            ],
            [
              34.70702,
              6.59422
            ],
            [
              35.2980071,
              5.506
            ],
            [
              35.8174477,
              5.3382321
            ],
            [
              35.8174477,
              4.7769657
            ],
            [
              36.1590786,
              4.4478641
            ],
            [
              36.8550932,
              4.4478641
            ],
            [
              38.120915,
              3.598605
            ],
            [
              38.43697,
              3.58851
            ],
            [
              38.67114,
              3.61607
            ],
            [
              38.89251,
              3.50074
            ],
            [
              39.5593843,
              3.42206
            ],
            [
              39.85494,
              3.83879
            ],
            [
              40.76848,
              4.25702
            ],
            [
              41.1718,
              3.91909
            ],
            [
              41.8550831,
              3.9189119
            ],
            [
              42.12861,
              4.23413
            ],
            [
              42.76967,
              4.25259
            ],
            [
              43.66087,
              4.95755
            ],
            [
              44.9636,
              5.00162
            ],
            [
              47.78942,
              8.003
            ]
          ]
        ]
      }
    }
  ]
}