{
  "type": "FeatureCollection",
  "features": [
    {
      "type": "Feature",
      "geometry": {
        "type": "Polygon",
        "coordinates": [
          [
            [
              28.5919296,
              69.0647769
            ],
            [
              29.015573,
              69.7664912
            ],
            [
              27.7322921,
              70.164193
            ],
            [
              26.179622,
              69.825299
            ],
            [
              25.6892127,
              69.0921138
            ],
            [
              24.7356792,
              68.6495568
            ],
            [
              23.6620496,
              68.8912475
            ],
            [
              22.3562378,
              68.8417414
            ],
            [
              21.2449362,
              69.370443
            ],
            [
              20.6455929,
              69.1062473
            ],
            [
              21.9785348,
              68.6168456
            ],
            [
              23.5394731,
              67.9360086
            ],
            [
              23.5658798,
              66.3960509
            ],
            [
              23.9033785,
              66.0069274
            ],
            [
              25.294043,
              65.5343464
            ],
            [
              25.3980677,
              65.1114265
            ],
            [
              24.7305115,
              64.9023437
            ],
            [
              22.4427442,
              63.8178104
            ],
            [
              21.5360295,
              63.189735
            ],
            [
              21.0592111,
              62.6073933
            ],
            [
              21.5448662,
              61.7053295
            ],
            [
              21.3222441,
              60.72017
            ],
            [
              22.2907638,
              60.3919213
            ],
            [
              22.8696949,
              59.8463732
            ],
            [
              24.496624,
              60.0573164
            ],
            [
              26.255173,
              60.4239607
            ],
            [
              28.0699976,
              60.5035165
            ],
            [
              28.0700019,
              60.5035191
            ],
            [
              28.07,
              60.50352
            ],
            [
              30.2111072,
              61.7800278
            ],
            [
              31.1399911,
              62.3576928
            ],
            [
              31.5160922,
              62.8676875
            ],
            [
              30.0358724,
              63.5528136
            ],
            [
              30.4446847,
              64.2044534
            ],
            [
              29.5444296,
              64.9486716
            ],
            [
              30.21765,
              65.80598
            ],
            [
              29.0545887,
              66.9442862
            ],
            [
              29.9774264,
              67.698297
            ],
            [
              28.4459436,
              68.3646129
            ],
            [
              28.5919296,
              69.0647769
            ]
          ]
        ]
      }
    }
  ]
}