{
  "type": "FeatureCollection",
  "features": [
    {
      "type": "Feature",
      "geometry": {
        "type": "Polygon",
        "coordinates": [
          [
            [
              -61.2,
              -51.85
            ],
            [
              -60.7,
              -52.3
            ],
            [
              -59.85,
              -51.85
            ],
            [
              -59.4,
              -52.2
            ],
            [
              -58.05,
              -51.9
            ],
            [
              -57.75,
              -51.55
            ],
            [
              -58.55,
              -51.1
            ],
            [
              -59.15,
              -51.5
            ],
            [
              -60.0,
              -51.25
            ],
            [
              -61.2,
              -51.85
            ]
          ]
        ]
      }
    }
  ]
}