{
  "type": "FeatureCollection",
  "name": "FM",
  "features": [
    {
      "type": "Feature",
      "geometry": {
        "type": "MultiPolygon",
        "coordinates": [
          [
            [
              [
                158.29078209700003,
                6.937974351000094
              ],
              [
                158.296234571,
                6.928127346000053
              ],
              [
                158.3046981130001,
                6.924383856000077
              ],
              [
                158.31470787900003,
                6.925767320000091
              ],
              [
                158.32496178500003,
                6.931138414000088
              ],
              [
                158.338226759,
                6.879095770000049
              ],
              [
                158.33863366000003,
                6.869086005000042
              ],
              [
                158.33073978000004,
                6.866603908000059
              ],
              [
                158.30884850400003,
                6.868475653000075
              ],
              [
                158.30445397200003,
                6.86595286700009
              ],
              [
                158.30640709700003,
                6.855210679000038
              ],
              [
                158.31560306100005,
                6.836615302000041
              ],
              [
                158.31755618600005,
                6.824693101000094
              ],
              [
                158.313812696,
                6.808661200000074
              ],
              [
                158.30453535200002,
                6.799302476000094
              ],
              [
                158.29249108200008,
                6.795070705000057
              ],
              [
                158.244476759,
                6.788275458000044
              ],
              [
                158.22535241000003,
                6.789496161000045
              ],
              [
                158.21509850400003,
                6.800767320000091
              ],
              [
                158.19353274800005,
                6.793443101000094
              ],
              [
                158.1801863940001,
                6.802476304000038
              ],
              [
                158.17058353000004,
                6.817531643000052
              ],
              [
                158.160492384,
                6.828111070000091
              ],
              [
                158.1645613940001,
                6.841213283000059
              ],
              [
                158.1660262380001,
                6.853989976000094
              ],
              [
                158.16293379,
                6.865790106000077
              ],
              [
                158.15308678500003,
                6.875921942000048
              ],
              [
                158.15593509200005,
                6.879868882000039
              ],
              [
                158.160492384,
                6.890204169000071
              ],
              [
                158.13298587300005,
                6.891913153000075
              ],
              [
                158.125824415,
                6.907416083000044
              ],
              [
                158.13249759200005,
                6.941351630000042
              ],
              [
                158.14185631600003,
                6.950995184000078
              ],
              [
                158.1611434250001,
                6.951361395000049
              ],
              [
                158.1782332690001,
                6.956040757000039
              ],
              [
                158.18091881600003,
                6.978949286000045
              ],
              [
                158.2016707690001,
                6.970038153000075
              ],
              [
                158.20826256600003,
                6.965277411000045
              ],
              [
                158.21802819100003,
                6.970851955000057
              ],
              [
                158.22527103000004,
                6.970200914000088
              ],
              [
                158.2324324880001,
                6.96710846600007
              ],
              [
                158.24236087300005,
                6.965277411000045
              ],
              [
                158.26734459700003,
                6.966376044000071
              ],
              [
                158.27662194100003,
                6.965277411000045
              ],
              [
                158.2773543630001,
                6.96320221600007
              ],
              [
                158.2939559250001,
                6.952297268000052
              ],
              [
                158.29704837300005,
                6.951646226000094
              ],
              [
                158.30347741000003,
                6.942857164000088
              ],
              [
                158.3007918630001,
                6.940741278000075
              ],
              [
                158.29078209700003,
                6.937974351000094
              ]
            ]
          ],
          [
            [
              [
                138.1923934250001,
                9.575873114000046
              ],
              [
                138.1816512380001,
                9.558742580000057
              ],
              [
                138.18425540500004,
                9.54437897300005
              ],
              [
                138.19752037900003,
                9.539007880000042
              ],
              [
                138.21900475400003,
                9.548570054000038
              ],
              [
                138.21412194100003,
                9.537054755000042
              ],
              [
                138.20240319100003,
                9.521185614000046
              ],
              [
                138.18873131600003,
                9.50682200700004
              ],
              [
                138.17798912900003,
                9.500189520000049
              ],
              [
                138.1640731130001,
                9.504828192000048
              ],
              [
                138.156586134,
                9.525783596000053
              ],
              [
                138.14380944100003,
                9.521307684000078
              ],
              [
                138.13445071700005,
                9.511867580000057
              ],
              [
                138.07984459700003,
                9.425441799000055
              ],
              [
                138.06812584700003,
                9.412054755000042
              ],
              [
                138.063812696,
                9.436102606000077
              ],
              [
                138.07300866000003,
                9.470404364000046
              ],
              [
                138.08912194100003,
                9.501166083000044
              ],
              [
                138.1059676440001,
                9.514471747000073
              ],
              [
                138.11296634200005,
                9.52147044500009
              ],
              [
                138.12126712300005,
                9.554877020000049
              ],
              [
                138.12623131600003,
                9.565985419000071
              ],
              [
                138.1411238940001,
                9.574367580000057
              ],
              [
                138.14722741000003,
                9.56736888200004
              ],
              [
                138.15007571700005,
                9.541164455000057
              ],
              [
                138.15186608200008,
                9.550848700000074
              ],
              [
                138.15495853000004,
                9.560736395000049
              ],
              [
                138.1591903000001,
                9.569525458000044
              ],
              [
                138.164398634,
                9.575873114000046
              ],
              [
                138.173187696,
                9.58234284100007
              ],
              [
                138.184906446,
                9.588812567000048
              ],
              [
                138.19361412900003,
                9.58885325700004
              ],
              [
                138.1923934250001,
                9.575873114000046
              ]
            ]
          ],
          [
            [
              [
                163.02605228000004,
                5.340887762000079
              ],
              [
                163.03044681100005,
                5.335679429000038
              ],
              [
                163.03728274800005,
                5.333685614000046
              ],
              [
                163.04371178500003,
                5.330959377000056
              ],
              [
                163.04656009200005,
                5.323553778000075
              ],
              [
                163.0429793630001,
                5.310939846000053
              ],
              [
                163.025726759,
                5.28001536700009
              ],
              [
                163.01921634200005,
                5.272691148000092
              ],
              [
                163.00554446700005,
                5.269761460000041
              ],
              [
                162.99341881600003,
                5.272853908000059
              ],
              [
                162.9814559250001,
                5.27765534100007
              ],
              [
                162.96762129,
                5.280178127000056
              ],
              [
                162.94597415500004,
                5.28001536700009
              ],
              [
                162.93132571700005,
                5.281927802000041
              ],
              [
                162.91618899800005,
                5.286932684000078
              ],
              [
                162.9121199880001,
                5.304185289000088
              ],
              [
                162.92408287900003,
                5.32103099200009
              ],
              [
                162.97144616000003,
                5.361761786000045
              ],
              [
                162.9907332690001,
                5.374823309000078
              ],
              [
                163.01059004,
                5.379706122000073
              ],
              [
                163.02605228000004,
                5.368841864000046
              ],
              [
                163.0273543630001,
                5.362697658000059
              ],
              [
                163.025726759,
                5.347601630000042
              ],
              [
                163.02605228000004,
                5.340887762000079
              ]
            ]
          ],
          [
            [
              [
                151.58863366000003,
                7.383612372000073
              ],
              [
                151.622406446,
                7.391750393000052
              ],
              [
                151.63640384200005,
                7.387111721000053
              ],
              [
                151.65015709700003,
                7.369370835000041
              ],
              [
                151.650726759,
                7.35423411700009
              ],
              [
                151.6445418630001,
                7.336086330000057
              ],
              [
                151.63428795700008,
                7.327866929000038
              ],
              [
                151.62273196700005,
                7.342678127000056
              ],
              [
                151.61589603000004,
                7.342678127000056
              ],
              [
                151.6074324880001,
                7.336127020000049
              ],
              [
                151.59595787900003,
                7.336737372000073
              ],
              [
                151.58269290500004,
                7.340399481000077
              ],
              [
                151.56812584700003,
                7.342678127000056
              ],
              [
                151.571136915,
                7.346258856000077
              ],
              [
                151.5742293630001,
                7.347723700000074
              ],
              [
                151.58179772200003,
                7.348863023000092
              ],
              [
                151.59107506600003,
                7.353420315000051
              ],
              [
                151.61736087300005,
                7.358954169000071
              ],
              [
                151.62273196700005,
                7.365912177000041
              ],
              [
                151.61841881600003,
                7.375881252000056
              ],
              [
                151.59693444100003,
                7.372748114000046
              ],
              [
                151.58863366000003,
                7.383612372000073
              ]
            ]
          ],
          [
            [
              [
                151.87671959700003,
                7.458726304000038
              ],
              [
                151.8837996750001,
                7.463568427000041
              ],
              [
                151.89226321700005,
                7.462469794000071
              ],
              [
                151.903168165,
                7.459540106000077
              ],
              [
                151.91765384200005,
                7.458726304000038
              ],
              [
                151.90748131600003,
                7.446926174000055
              ],
              [
                151.8906356130001,
                7.435248114000046
              ],
              [
                151.871918165,
                7.426743882000039
              ],
              [
                151.85621178500003,
                7.424627997000073
              ],
              [
                151.85564212300005,
                7.43695709800005
              ],
              [
                151.856781446,
                7.447170315000051
              ],
              [
                151.86304772200003,
                7.46556224200009
              ],
              [
                151.86744225400003,
                7.464748440000051
              ],
              [
                151.87029056100005,
                7.46352773600006
              ],
              [
                151.87671959700003,
                7.458726304000038
              ]
            ]
          ],
          [
            [
              [
                153.66773522200003,
                5.286037502000056
              ],
              [
                153.67172285200002,
                5.297674872000073
              ],
              [
                153.68531334700003,
                5.309719143000052
              ],
              [
                153.70085696700005,
                5.316961981000077
              ],
              [
                153.71070397200003,
                5.314601955000057
              ],
              [
                153.70769290500004,
                5.305365302000041
              ],
              [
                153.69410241000003,
                5.296454169000071
              ],
              [
                153.6782332690001,
                5.289496161000045
              ],
              [
                153.66773522200003,
                5.286037502000056
              ]
            ]
          ],
          [
            [
              [
                157.16187584700003,
                5.773871161000045
              ],
              [
                157.1606551440001,
                5.776190497000073
              ],
              [
                157.15894616000003,
                5.777899481000077
              ],
              [
                157.15845787900003,
                5.779201565000051
              ],
              [
                157.16089928500003,
                5.77993398600006
              ],
              [
                157.16391035200002,
                5.778713283000059
              ],
              [
                157.16382897200003,
                5.777289130000042
              ],
              [
                157.162445509,
                5.775824286000045
              ],
              [
                157.16187584700003,
                5.773871161000045
              ]
            ]
          ],
          [
            [
              [
                149.315765821,
                6.696926174000055
              ],
              [
                149.31609134200005,
                6.703924872000073
              ],
              [
                149.3169051440001,
                6.709906317000048
              ],
              [
                149.3188582690001,
                6.715073960000041
              ],
              [
                149.32349694100003,
                6.71946849200009
              ],
              [
                149.32569420700008,
                6.712551174000055
              ],
              [
                149.3247176440001,
                6.707098700000074
              ],
              [
                149.32105553500003,
                6.702215887000079
              ],
              [
                149.315765821,
                6.696926174000055
              ]
            ]
          ],
          [
            [
              [
                149.66871178500003,
                8.574693101000037
              ],
              [
                149.66529381600003,
                8.587591864000046
              ],
              [
                149.66781660200002,
                8.60423411700009
              ],
              [
                149.67554772200003,
                8.616441148000092
              ],
              [
                149.68726647200003,
                8.616034247000073
              ],
              [
                149.688812696,
                8.60732656500005
              ],
              [
                149.682953321,
                8.594305731000077
              ],
              [
                149.67448978000004,
                8.581732489000046
              ],
              [
                149.66871178500003,
                8.574693101000037
              ]
            ]
          ],
          [
            [
              [
                154.80811608200008,
                0.927801825000074
              ],
              [
                154.81430097700002,
                0.925767320000091
              ],
              [
                154.81763756600003,
                0.92218659100007
              ],
              [
                154.812836134,
                0.918158270000049
              ],
              [
                154.8017684250001,
                0.918198960000041
              ],
              [
                154.79859459700003,
                0.92446523600006
              ],
              [
                154.80298912900003,
                0.927069403000075
              ],
              [
                154.80811608200008,
                0.927801825000074
              ]
            ]
          ],
          [
            [
              [
                154.79314212300005,
                0.97211334800005
              ],
              [
                154.79656009200005,
                0.965806382000039
              ],
              [
                154.792328321,
                0.962876695000091
              ],
              [
                154.7837020190001,
                0.963690497000073
              ],
              [
                154.778168165,
                0.968817450000074
              ],
              [
                154.77849368600005,
                0.973700262000079
              ],
              [
                154.78435306100005,
                0.975490627000056
              ],
              [
                154.79314212300005,
                0.97211334800005
              ]
            ]
          ],
          [
            [
              [
                151.856781446,
                7.316595770000049
              ],
              [
                151.85320071700005,
                7.35382721600007
              ],
              [
                151.8545028000001,
                7.370062567000048
              ],
              [
                151.862640821,
                7.361761786000045
              ],
              [
                151.865570509,
                7.350653387000079
              ],
              [
                151.8652449880001,
                7.338771877000056
              ],
              [
                151.8618270190001,
                7.327134507000039
              ],
              [
                151.856781446,
                7.316595770000049
              ]
            ]
          ],
          [
            [
              [
                150.1181746750001,
                8.976304429000038
              ],
              [
                150.12427819100003,
                8.985500393000052
              ],
              [
                150.1274520190001,
                8.987494208000044
              ],
              [
                150.13298587300005,
                8.986070054000038
              ],
              [
                150.13054446700005,
                8.980943101000037
              ],
              [
                150.12712649800005,
                8.97915273600006
              ],
              [
                150.12281334700003,
                8.978216864000046
              ],
              [
                150.1181746750001,
                8.976304429000038
              ]
            ]
          ],
          [
            [
              [
                157.93637129,
                6.717189846000053
              ],
              [
                157.93921959700003,
                6.727362372000073
              ],
              [
                157.94206790500004,
                6.730536200000074
              ],
              [
                157.94890384200005,
                6.731675523000092
              ],
              [
                157.9482528000001,
                6.725775458000044
              ],
              [
                157.9458113940001,
                6.722601630000042
              ],
              [
                157.93637129,
                6.717189846000053
              ]
            ]
          ],
          [
            [
              [
                140.5141707690001,
                9.76780833500004
              ],
              [
                140.52173912900003,
                9.774725653000075
              ],
              [
                140.5312606130001,
                9.775580145000049
              ],
              [
                140.53288821700005,
                9.771918036000045
              ],
              [
                140.52466881600003,
                9.764471747000073
              ],
              [
                140.51539147200003,
                9.76117584800005
              ],
              [
                140.5141707690001,
                9.76780833500004
              ]
            ]
          ],
          [
            [
              [
                154.7148543630001,
                0.96556224200009
              ],
              [
                154.72193444100003,
                0.969183661000045
              ],
              [
                154.7329207690001,
                0.967027085000041
              ],
              [
                154.72681725400003,
                0.960638739000046
              ],
              [
                154.71509850400003,
                0.961371161000045
              ],
              [
                154.7148543630001,
                0.96556224200009
              ]
            ]
          ],
          [
            [
              [
                149.18572024800005,
                7.371649481000077
              ],
              [
                149.18083743600005,
                7.38117096600007
              ],
              [
                149.18726647200003,
                7.38157786700009
              ],
              [
                149.18824303500003,
                7.379787502000056
              ],
              [
                149.18669681100005,
                7.376125393000052
              ],
              [
                149.18572024800005,
                7.371649481000077
              ]
            ]
          ],
          [
            [
              [
                150.40748131600003,
                8.575506903000075
              ],
              [
                150.404633009,
                8.586004950000074
              ],
              [
                150.40935306100005,
                8.584662177000041
              ],
              [
                150.40984134200005,
                8.58234284100007
              ],
              [
                150.40845787900003,
                8.579291083000044
              ],
              [
                150.40748131600003,
                8.575506903000075
              ]
            ]
          ],
          [
            [
              [
                154.879242384,
                3.751939195000091
              ],
              [
                154.87671959700003,
                3.767971096000053
              ],
              [
                154.89185631600003,
                3.778794664000088
              ],
              [
                154.89429772200003,
                3.762844143000052
              ],
              [
                154.879242384,
                3.751939195000091
              ]
            ]
          ],
          [
            [
              [
                154.78931725400003,
                3.791815497000073
              ],
              [
                154.79175866000003,
                3.776556708000044
              ],
              [
                154.77369225400003,
                3.76626211100006
              ],
              [
                154.77125084700003,
                3.781480210000041
              ],
              [
                154.78931725400003,
                3.791815497000073
              ]
            ]
          ]
        ]
      }
    }
  ]
}