{
  "type": "FeatureCollection",
  "name": "FO",
  "features": [
    {
      "type": "Feature",
      "geometry": {
        "type": "MultiPolygon",
        "coordinates": [
          [
            [
              [
                -6.631054687499983,
                62.227880859375
              ],
              [
                -6.655810546874989,
                62.093603515625
              ],
              [
                -6.696435546874994,
                62.0943359375
              ],
              [
                -6.768896484374977,
                62.131494140624994
              ],
              [
                -6.823437499999983,
                62.139111328125
              ],
              [
                -6.840527343749983,
                62.119287109374994
              ],
              [
                -6.837695312499989,
                62.09541015625
              ],
              [
                -6.809472656249994,
                62.080419921875
              ],
              [
                -6.722558593749994,
                61.990380859374994
              ],
              [
                -6.714404296874989,
                61.96416015625
              ],
              [
                -6.725195312499977,
                61.95146484375
              ],
              [
                -6.809716796874994,
                61.977441406249994
              ],
              [
                -7.013574218749994,
                62.093994140625
              ],
              [
                -7.172167968749989,
                62.285595703125
              ],
              [
                -6.958642578124994,
                62.316259765625
              ],
              [
                -6.803662109374983,
                62.265966796875
              ],
              [
                -6.631054687499983,
                62.227880859375
              ]
            ]
          ],
          [
            [
              [
                -6.699462890625,
                61.44462890625
              ],
              [
                -6.6796875,
                61.414306640625
              ],
              [
                -6.703027343749994,
                61.41767578125
              ],
              [
                -6.7705078125,
                61.45224609375
              ],
              [
                -6.888134765624983,
                61.534765625
              ],
              [
                -6.929248046874989,
                61.602929687499994
              ],
              [
                -6.934863281249989,
                61.634326171875
              ],
              [
                -6.905908203124994,
                61.630810546875
              ],
              [
                -6.881640624999989,
                61.602783203125
              ],
              [
                -6.77001953125,
                61.584375
              ],
              [
                -6.740625,
                61.5705078125
              ],
              [
                -6.741064453124977,
                61.536376953125
              ],
              [
                -6.703515625,
                61.495947265625
              ],
              [
                -6.699462890625,
                61.44462890625
              ]
            ]
          ],
          [
            [
              [
                -6.623193359374994,
                61.80595703125
              ],
              [
                -6.642773437499983,
                61.768310546875
              ],
              [
                -6.670166015625,
                61.76865234375
              ],
              [
                -6.764257812499977,
                61.815332031249994
              ],
              [
                -6.839160156249989,
                61.840771484375
              ],
              [
                -6.863964843749983,
                61.862255859375
              ],
              [
                -6.884765625,
                61.89912109375
              ],
              [
                -6.841796875,
                61.903710937499994
              ],
              [
                -6.790771484375,
                61.895361328125
              ],
              [
                -6.662109375,
                61.861767578125
              ],
              [
                -6.625830078124977,
                61.826708984375
              ],
              [
                -6.623193359374994,
                61.80595703125
              ]
            ]
          ],
          [
            [
              [
                -7.186865234374977,
                62.139306640624994
              ],
              [
                -7.097119140624983,
                62.100537109375
              ],
              [
                -7.065185546875,
                62.0732421875
              ],
              [
                -7.116796874999977,
                62.046826171875
              ],
              [
                -7.179394531249983,
                62.0400390625
              ],
              [
                -7.254931640624989,
                62.046142578125
              ],
              [
                -7.379101562499983,
                62.0748046875
              ],
              [
                -7.422607421875,
                62.140283203124994
              ],
              [
                -7.336767578124977,
                62.138671875
              ],
              [
                -7.235302734374983,
                62.151220703125
              ],
              [
                -7.186865234374977,
                62.139306640624994
              ]
            ]
          ],
          [
            [
              [
                -6.406054687499989,
                62.258642578125
              ],
              [
                -6.453857421875,
                62.1865234375
              ],
              [
                -6.524707031249989,
                62.1978515625
              ],
              [
                -6.544140624999983,
                62.205615234375
              ],
              [
                -6.559472656249994,
                62.224511718749994
              ],
              [
                -6.552050781249989,
                62.278125
              ],
              [
                -6.554589843749994,
                62.3556640625
              ],
              [
                -6.473046875,
                62.291894531249994
              ],
              [
                -6.406054687499989,
                62.258642578125
              ]
            ]
          ]
        ]
      }
    }
  ]
}