{
  "type": "FeatureCollection",
  "name": "NAME_France",
  "features": [
    {
      "type": "Feature",
      "geometry": {
        "type": "MultiPolygon",
        "coordinates": [
          [
            [
              [
                7.615625,
                47.592724609375
              ],
              [
                7.494921875000017,
                47.54736328125
              ],
              [
                7.467382812500006,
                47.507666015625
              ],
              [
                7.420019531250006,
                47.45517578125
              ],
              [
                7.343164062500023,
                47.43310546875
              ],
              [
                7.265722656250006,
                47.42578125
              ],
              [
                7.203125,
                47.43271484375
              ],
              [
                7.16748046875,
                47.4537109375
              ],
              [
                7.169238281250017,
                47.4732421875
              ],
              [
                7.136035156250017,
                47.48984375
              ],
              [
                7.053417968750011,
                47.48935546875
              ],
              [
                6.968359375,
                47.45322265625
              ],
              [
                6.900390625,
                47.39423828125
              ],
              [
                6.921484375,
                47.361230468749994
              ],
              [
                6.984082031250011,
                47.3525390625
              ],
              [
                7.000585937500006,
                47.339453125
              ],
              [
                7.000585937500006,
                47.322509765625
              ],
              [
                6.978515625,
                47.302050781249996
              ],
              [
                6.952050781250023,
                47.2671875
              ],
              [
                6.820703125000023,
                47.16318359375
              ],
              [
                6.688085937500006,
                47.058251953124994
              ],
              [
                6.666894531250023,
                47.026513671874994
              ],
              [
                6.624804687500017,
                47.004345703125
              ],
              [
                6.45625,
                46.94833984375
              ],
              [
                6.438574218750006,
                46.92587890625
              ],
              [
                6.429003906250017,
                46.832275390625
              ],
              [
                6.41015625,
                46.755419921874996
              ],
              [
                6.28515625,
                46.683056640625
              ],
              [
                6.160742187500006,
                46.61103515625
              ],
              [
                6.129687500000017,
                46.5669921875
              ],
              [
                6.10703125,
                46.516064453125
              ],
              [
                6.06796875,
                46.458544921874996
              ],
              [
                6.060253906250011,
                46.428173828125
              ],
              [
                6.123242187500011,
                46.37861328125
              ],
              [
                6.115917968750011,
                46.337646484375
              ],
              [
                6.095898437500011,
                46.27939453125
              ],
              [
                6.0361328125,
                46.238085937499996
              ],
              [
                5.970019531250017,
                46.214697265625
              ],
              [
                5.971484375000017,
                46.151220703125
              ],
              [
                6.006640625000017,
                46.142333984375
              ],
              [
                6.086621093750011,
                46.147021484374996
              ],
              [
                6.199414062500011,
                46.19306640625
              ],
              [
                6.27294921875,
                46.252246093749996
              ],
              [
                6.229589843750006,
                46.308447265625
              ],
              [
                6.22421875,
                46.31943359375
              ],
              [
                6.234667968750017,
                46.3326171875
              ],
              [
                6.321875,
                46.393701171874994
              ],
              [
                6.428906250000011,
                46.430517578125
              ],
              [
                6.578222656250006,
                46.437353515625
              ],
              [
                6.758105468750017,
                46.415771484375
              ],
              [
                6.776074218750011,
                46.406640625
              ],
              [
                6.767382812500017,
                46.369189453124996
              ],
              [
                6.7841796875,
                46.31396484375
              ],
              [
                6.816796875000023,
                46.275195312499996
              ],
              [
                6.772070312500006,
                46.16513671875
              ],
              [
                6.8056640625,
                46.130664062499996
              ],
              [
                6.858007812500006,
                46.089404296874996
              ],
              [
                6.897265625000017,
                46.0517578125
              ],
              [
                6.953710937500006,
                46.017138671874996
              ],
              [
                7.00390625,
                45.958837890625
              ],
              [
                7.02109375,
                45.92578125
              ],
              [
                6.940820312500023,
                45.868359375
              ],
              [
                6.804492187500017,
                45.81455078125
              ],
              [
                6.789160156250006,
                45.780078125
              ],
              [
                6.790917968750023,
                45.740869140624994
              ],
              [
                6.80625,
                45.710009765624996
              ],
              [
                6.881445312500006,
                45.670361328125
              ],
              [
                6.96240234375,
                45.58056640625
              ],
              [
                7.013671875,
                45.50048828125
              ],
              [
                7.126074218750006,
                45.423681640625
              ],
              [
                7.153417968750006,
                45.400927734374996
              ],
              [
                7.146386718750023,
                45.381738281249994
              ],
              [
                7.116796875,
                45.349023437499994
              ],
              [
                7.078320312500011,
                45.23994140625
              ],
              [
                7.032421875000011,
                45.222607421875
              ],
              [
                6.98125,
                45.215576171875
              ],
              [
                6.84228515625,
                45.135644531249994
              ],
              [
                6.780371093750006,
                45.1453125
              ],
              [
                6.692285156250023,
                45.144287109375
              ],
              [
                6.627734375000017,
                45.11796875
              ],
              [
                6.634765625,
                45.068164062499996
              ],
              [
                6.69140625,
                45.022607421874994
              ],
              [
                6.724707031250006,
                44.972998046875
              ],
              [
                6.738183593750023,
                44.92138671875
              ],
              [
                6.801074218750017,
                44.883154296875
              ],
              [
                6.889355468750011,
                44.860302734375
              ],
              [
                6.939843750000023,
                44.858740234375
              ],
              [
                6.972851562500011,
                44.845019531249996
              ],
              [
                6.99267578125,
                44.827294921874994
              ],
              [
                7.030664062500023,
                44.716699218749994
              ],
              [
                7.007910156250006,
                44.68896484375
              ],
              [
                6.960351562500023,
                44.677148437499994
              ],
              [
                6.931933593750017,
                44.631640625
              ],
              [
                6.875195312500011,
                44.56455078125
              ],
              [
                6.842968750000011,
                44.510693359375
              ],
              [
                6.878613281250011,
                44.46328125
              ],
              [
                6.893847656250017,
                44.428173828125
              ],
              [
                6.874804687500017,
                44.392041015625
              ],
              [
                6.900195312500017,
                44.335742187499996
              ],
              [
                6.96728515625,
                44.280029296875
              ],
              [
                7.1494140625,
                44.201708984374996
              ],
              [
                7.318554687500011,
                44.137988281249996
              ],
              [
                7.370898437500017,
                44.127392578125
              ],
              [
                7.599414062500017,
                44.168359375
              ],
              [
                7.63720703125,
                44.16484375
              ],
              [
                7.6650390625,
                44.116015625
              ],
              [
                7.677148437500023,
                44.083154296874994
              ],
              [
                7.651464843750006,
                44.033642578125
              ],
              [
                7.589648437500017,
                43.9654296875
              ],
              [
                7.522656250000011,
                43.911083984375
              ],
              [
                7.48203125,
                43.864892578124994
              ],
              [
                7.490527343750017,
                43.82294921875
              ],
              [
                7.4931640625,
                43.767138671874996
              ],
              [
                7.438671875000011,
                43.750439453125
              ],
              [
                7.436914062500023,
                43.761474609375
              ],
              [
                7.414453125000023,
                43.770898437499994
              ],
              [
                7.39501953125,
                43.76533203125
              ],
              [
                7.380078125000011,
                43.753222656249996
              ],
              [
                7.377734375000017,
                43.731738281249996
              ],
              [
                7.261523437500017,
                43.69609375
              ],
              [
                7.181445312500017,
                43.659130859375
              ],
              [
                6.86474609375,
                43.438330078125
              ],
              [
                6.716601562500017,
                43.373583984374996
              ],
              [
                6.687402343750023,
                43.3345703125
              ],
              [
                6.6572265625,
                43.261669921875
              ],
              [
                6.570214843750023,
                43.199072265625
              ],
              [
                6.494042968750023,
                43.169287109375
              ],
              [
                6.305371093750011,
                43.138720703124996
              ],
              [
                6.115917968750011,
                43.07236328125
              ],
              [
                6.030566406250017,
                43.100976562499994
              ],
              [
                5.809472656250023,
                43.097900390625
              ],
              [
                5.671582031250011,
                43.17783203125
              ],
              [
                5.406542968750017,
                43.228515625
              ],
              [
                5.320214843750023,
                43.344921875
              ],
              [
                5.199511718750017,
                43.352490234375
              ],
              [
                5.120410156250017,
                43.348974609375
              ],
              [
                5.073144531250023,
                43.366601562499994
              ],
              [
                5.060839843750017,
                43.406298828124996
              ],
              [
                5.059765625000011,
                43.44453125
              ],
              [
                4.975976562500023,
                43.426953125
              ],
              [
                4.911914062500017,
                43.426953125
              ],
              [
                4.873730468750011,
                43.41162109375
              ],
              [
                4.843554687500017,
                43.393945312499994
              ],
              [
                4.807910156250017,
                43.405224609375
              ],
              [
                4.787207031250006,
                43.401416015624996
              ],
              [
                4.7890625,
                43.37890625
              ],
              [
                4.712109375000011,
                43.373291015625
              ],
              [
                4.628710937500017,
                43.387109375
              ],
              [
                4.409765625,
                43.447216796875
              ],
              [
                4.376171875000011,
                43.456396484375
              ],
              [
                4.22421875,
                43.479638671874994
              ],
              [
                4.162792968750011,
                43.503662109375
              ],
              [
                4.113085937500017,
                43.563037109374996
              ],
              [
                4.075097656250023,
                43.581835937499996
              ],
              [
                4.052636718750023,
                43.593066406249996
              ],
              [
                3.910839843750011,
                43.5630859375
              ],
              [
                3.861621093750017,
                43.516357421875
              ],
              [
                3.784765625,
                43.46162109375
              ],
              [
                3.258886718750006,
                43.193212890625
              ],
              [
                3.162890625000017,
                43.08076171875
              ],
              [
                3.0517578125,
                42.91513671875
              ],
              [
                3.043066406250006,
                42.837890625
              ],
              [
                3.090917968750006,
                42.590869140624996
              ],
              [
                3.197851562500006,
                42.461181640625
              ],
              [
                3.21142578125,
                42.43115234375
              ],
              [
                3.152148437500017,
                42.431005859375
              ],
              [
                3.052636718750023,
                42.447216796875
              ],
              [
                2.970019531250017,
                42.467236328125
              ],
              [
                2.891406250000017,
                42.4560546875
              ],
              [
                2.815625,
                42.429248046874996
              ],
              [
                2.749414062500023,
                42.413037109375
              ],
              [
                2.701855468750011,
                42.408496093749996
              ],
              [
                2.670019531250006,
                42.393017578125
              ],
              [
                2.65478515625,
                42.362109375
              ],
              [
                2.651660156250017,
                42.340478515624994
              ],
              [
                2.56796875,
                42.34580078125
              ],
              [
                2.374414062500023,
                42.390283203124994
              ],
              [
                2.200390625000011,
                42.420947265624996
              ],
              [
                2.098339843750011,
                42.386083984375
              ],
              [
                2.03271484375,
                42.353515625
              ],
              [
                1.986523437500011,
                42.35849609375
              ],
              [
                1.951464843750017,
                42.3927734375
              ],
              [
                1.927929687500011,
                42.426318359374996
              ],
              [
                1.859765625000023,
                42.457080078124996
              ],
              [
                1.7060546875,
                42.503320312499994
              ],
              [
                1.713964843750006,
                42.525634765625
              ],
              [
                1.740234375,
                42.55673828125
              ],
              [
                1.739453125000011,
                42.575927734375
              ],
              [
                1.709863281250023,
                42.604443359375
              ],
              [
                1.568164062500017,
                42.635009765625
              ],
              [
                1.501367187500023,
                42.642724609374994
              ],
              [
                1.458886718750023,
                42.6216796875
              ],
              [
                1.428320312500006,
                42.5958984375
              ],
              [
                1.349414062500017,
                42.690673828125
              ],
              [
                1.293261718750017,
                42.7099609375
              ],
              [
                1.208300781250017,
                42.713134765625
              ],
              [
                1.111132812500017,
                42.742041015625
              ],
              [
                1.010058593750017,
                42.778955078124994
              ],
              [
                0.764453125000017,
                42.838037109374994
              ],
              [
                0.696875,
                42.845117187499994
              ],
              [
                0.669824218750023,
                42.835742187499996
              ],
              [
                0.651757812500023,
                42.800439453124994
              ],
              [
                0.641992187500023,
                42.700634765625
              ],
              [
                0.631640625000017,
                42.689599609374994
              ],
              [
                0.517675781250006,
                42.686279296875
              ],
              [
                0.377246093750017,
                42.700146484375
              ],
              [
                0.312890625000023,
                42.693261718749994
              ],
              [
                0.25546875,
                42.692919921874996
              ],
              [
                0.201367187500011,
                42.7193359375
              ],
              [
                -0.041162109374994,
                42.689111328124994
              ],
              [
                -0.081494140624983,
                42.703857421875
              ],
              [
                -0.140039062499994,
                42.748925781249994
              ],
              [
                -0.205322265625,
                42.785302734374994
              ],
              [
                -0.256054687499983,
                42.803955078125
              ],
              [
                -0.29931640625,
                42.825341796874994
              ],
              [
                -0.338574218749983,
                42.82880859375
              ],
              [
                -0.3984375,
                42.80810546875
              ],
              [
                -0.481152343749983,
                42.79931640625
              ],
              [
                -0.5498046875,
                42.802001953125
              ],
              [
                -0.58642578125,
                42.798974609374994
              ],
              [
                -0.740185546874983,
                42.909521484375
              ],
              [
                -0.762646484374983,
                42.939794921875
              ],
              [
                -0.839208984374977,
                42.948193359375
              ],
              [
                -0.933837890625,
                42.949511718749996
              ],
              [
                -1.175439453124994,
                43.021142578124994
              ],
              [
                -1.285449218749989,
                43.059619140624996
              ],
              [
                -1.301562499999989,
                43.082470703125
              ],
              [
                -1.300048828125,
                43.100976562499994
              ],
              [
                -1.31884765625,
                43.096972656249996
              ],
              [
                -1.352734374999983,
                43.064257812499996
              ],
              [
                -1.370507812499994,
                43.03759765625
              ],
              [
                -1.39404296875,
                43.032617187499994
              ],
              [
                -1.428759765624989,
                43.036767578124994
              ],
              [
                -1.460839843749994,
                43.0517578125
              ],
              [
                -1.48046875,
                43.071142578125
              ],
              [
                -1.459423828124983,
                43.10498046875
              ],
              [
                -1.422607421875,
                43.14912109375
              ],
              [
                -1.407324218749977,
                43.197119140625
              ],
              [
                -1.410693359374989,
                43.240087890625
              ],
              [
                -1.471728515624989,
                43.26767578125
              ],
              [
                -1.561474609374983,
                43.279199218749994
              ],
              [
                -1.627148437499983,
                43.282470703125
              ],
              [
                -1.712841796874983,
                43.30703125
              ],
              [
                -1.753271484374977,
                43.32470703125
              ],
              [
                -1.792724609375,
                43.37255859375
              ],
              [
                -1.794042968749977,
                43.40732421875
              ],
              [
                -1.631445312499977,
                43.438037109374996
              ],
              [
                -1.48486328125,
                43.563769531249996
              ],
              [
                -1.345996093749989,
                44.02021484375
              ],
              [
                -1.245507812499994,
                44.559863281249996
              ],
              [
                -1.170800781249994,
                44.66181640625
              ],
              [
                -1.076953124999989,
                44.68984375
              ],
              [
                -1.152880859374989,
                44.764013671875
              ],
              [
                -1.200390624999983,
                44.726464843749994
              ],
              [
                -1.220312499999977,
                44.68662109375
              ],
              [
                -1.245214843749977,
                44.66669921875
              ],
              [
                -1.189062499999977,
                45.161474609375
              ],
              [
                -1.149072265624994,
                45.342626953125
              ],
              [
                -1.081005859374983,
                45.532421875
              ],
              [
                -0.941748046874977,
                45.457080078124996
              ],
              [
                -0.826318359374994,
                45.380664062499996
              ],
              [
                -0.766650390624989,
                45.314355468749994
              ],
              [
                -0.691113281249983,
                45.09345703125
              ],
              [
                -0.633984374999983,
                45.047119140625
              ],
              [
                -0.548486328124994,
                45.0005859375
              ],
              [
                -0.582275390625,
                45.0513671875
              ],
              [
                -0.64111328125,
                45.090185546875
              ],
              [
                -0.733105468749983,
                45.384619140625
              ],
              [
                -0.790771484375,
                45.468017578125
              ],
              [
                -0.880664062499989,
                45.53818359375
              ],
              [
                -1.169970703124989,
                45.6859375
              ],
              [
                -1.195996093749983,
                45.714453125
              ],
              [
                -1.2099609375,
                45.770898437499994
              ],
              [
                -1.114355468749977,
                45.768505859375
              ],
              [
                -1.03173828125,
                45.741064453125
              ],
              [
                -1.04150390625,
                45.77265625
              ],
              [
                -1.066015624999977,
                45.8056640625
              ],
              [
                -1.104394531249994,
                45.925341796874996
              ],
              [
                -1.136376953124994,
                46.204833984375
              ],
              [
                -1.132031249999983,
                46.252685546875
              ],
              [
                -1.146289062499989,
                46.311376953125
              ],
              [
                -1.238818359374989,
                46.324511718749996
              ],
              [
                -1.312792968749989,
                46.326904296875
              ],
              [
                -1.392480468749994,
                46.35009765625
              ],
              [
                -1.786523437499994,
                46.51484375
              ],
              [
                -1.921435546874989,
                46.684814453125
              ],
              [
                -2.059375,
                46.810302734375
              ],
              [
                -2.092480468749983,
                46.865039062499996
              ],
              [
                -2.090283203124983,
                46.9205078125
              ],
              [
                -2.018896484374977,
                47.037646484374996
              ],
              [
                -2.081933593749994,
                47.111621093749996
              ],
              [
                -2.1435546875,
                47.126318359375
              ],
              [
                -2.197070312499989,
                47.162939453125
              ],
              [
                -2.148583984374994,
                47.223925781249996
              ],
              [
                -2.108300781249994,
                47.262939453125
              ],
              [
                -2.027587890625,
                47.273583984374994
              ],
              [
                -1.921728515624977,
                47.260644531249994
              ],
              [
                -1.8212890625,
                47.225341796875
              ],
              [
                -1.742529296874977,
                47.215966796874994
              ],
              [
                -1.975390624999989,
                47.310693359374994
              ],
              [
                -2.35302734375,
                47.278759765625
              ],
              [
                -2.434423828124977,
                47.290966796875
              ],
              [
                -2.503125,
                47.312060546874996
              ],
              [
                -2.530029296875,
                47.381591796875
              ],
              [
                -2.476318359375,
                47.412939453125
              ],
              [
                -2.427685546874983,
                47.4708984375
              ],
              [
                -2.482714843749989,
                47.511621093749994
              ],
              [
                -2.554052734374977,
                47.52705078125
              ],
              [
                -2.665917968749994,
                47.526171875
              ],
              [
                -2.770312499999989,
                47.5138671875
              ],
              [
                -2.796777343749994,
                47.537255859374994
              ],
              [
                -2.733105468749983,
                47.601806640625
              ],
              [
                -2.787207031249977,
                47.625537109374996
              ],
              [
                -2.859375,
                47.614453125
              ],
              [
                -2.964062499999983,
                47.60107421875
              ],
              [
                -3.064208984375,
                47.621337890625
              ],
              [
                -3.158837890624994,
                47.694677734375
              ],
              [
                -3.221582031249994,
                47.694140625
              ],
              [
                -3.264697265624989,
                47.685107421874996
              ],
              [
                -3.32861328125,
                47.713330078125
              ],
              [
                -3.395898437499994,
                47.72041015625
              ],
              [
                -3.443945312499977,
                47.71103515625
              ],
              [
                -3.5078125,
                47.753125
              ],
              [
                -3.900927734374989,
                47.837548828124994
              ],
              [
                -4.070703125,
                47.8478515625
              ],
              [
                -4.226416015624977,
                47.809619140624996
              ],
              [
                -4.312109374999977,
                47.822900390624994
              ],
              [
                -4.375097656249977,
                47.87744140625
              ],
              [
                -4.427978515625,
                47.9689453125
              ],
              [
                -4.678808593749977,
                48.039501953125
              ],
              [
                -4.629199218749989,
                48.085791015625
              ],
              [
                -4.512402343749983,
                48.096728515624996
              ],
              [
                -4.377832031249994,
                48.128808593749994
              ],
              [
                -4.329443359374977,
                48.169970703124996
              ],
              [
                -4.434619140624989,
                48.21796875
              ],
              [
                -4.51220703125,
                48.229736328125
              ],
              [
                -4.544335937499994,
                48.246972656249994
              ],
              [
                -4.5771484375,
                48.2900390625
              ],
              [
                -4.530664062499994,
                48.309716796874994
              ],
              [
                -4.497900390624977,
                48.299267578125
              ],
              [
                -4.4033203125,
                48.29306640625
              ],
              [
                -4.241406249999983,
                48.303662109375
              ],
              [
                -4.3017578125,
                48.347070312499994
              ],
              [
                -4.364404296874994,
                48.356738281249996
              ],
              [
                -4.393164062499977,
                48.367626953125
              ],
              [
                -4.524804687499994,
                48.372314453125
              ],
              [
                -4.584716796875,
                48.35751953125
              ],
              [
                -4.719384765624994,
                48.363134765625
              ],
              [
                -4.74853515625,
                48.410009765625
              ],
              [
                -4.7625,
                48.450244140624996
              ],
              [
                -4.720751953124989,
                48.539892578125
              ],
              [
                -4.531201171874983,
                48.619970703125
              ],
              [
                -4.058886718749989,
                48.70751953125
              ],
              [
                -3.855664062499983,
                48.694726562499994
              ],
              [
                -3.714794921874983,
                48.710498046874996
              ],
              [
                -3.545996093749977,
                48.765673828124996
              ],
              [
                -3.471484374999989,
                48.812939453125
              ],
              [
                -3.2314453125,
                48.8408203125
              ],
              [
                -3.003222656249989,
                48.790673828124994
              ],
              [
                -2.792871093749994,
                48.60107421875
              ],
              [
                -2.692333984374983,
                48.53681640625
              ],
              [
                -2.446191406249994,
                48.648291015625
              ],
              [
                -2.079443359374977,
                48.64501953125
              ],
              [
                -2.003710937499989,
                48.582080078124996
              ],
              [
                -1.97314453125,
                48.635107421875
              ],
              [
                -1.905712890624983,
                48.697119140625
              ],
              [
                -1.851953125,
                48.668847656249994
              ],
              [
                -1.82470703125,
                48.630517578124994
              ],
              [
                -1.437646484374994,
                48.64140625
              ],
              [
                -1.37646484375,
                48.652587890625
              ],
              [
                -1.48046875,
                48.697607421875
              ],
              [
                -1.565478515624989,
                48.805517578125
              ],
              [
                -1.583105468749977,
                49.202392578125
              ],
              [
                -1.690332031249994,
                49.31318359375
              ],
              [
                -1.813427734374983,
                49.490136718749994
              ],
              [
                -1.870068359374983,
                49.595117187499994
              ],
              [
                -1.875390625,
                49.631396484374996
              ],
              [
                -1.8564453125,
                49.6837890625
              ],
              [
                -1.705126953124989,
                49.680957031249996
              ],
              [
                -1.588232421874977,
                49.66767578125
              ],
              [
                -1.36572265625,
                49.707275390625
              ],
              [
                -1.258642578124977,
                49.68017578125
              ],
              [
                -1.264941406249989,
                49.5982421875
              ],
              [
                -1.232275390624977,
                49.494873046875
              ],
              [
                -1.194970703124994,
                49.44482421875
              ],
              [
                -1.138525390624977,
                49.387890625
              ],
              [
                -0.959130859374994,
                49.3931640625
              ],
              [
                -0.765527343749994,
                49.359716796875
              ],
              [
                -0.520898437499994,
                49.354541015624996
              ],
              [
                -0.163476562499994,
                49.296777343749994
              ],
              [
                -0.011181640624983,
                49.330224609374994
              ],
              [
                0.136132812500023,
                49.401513671874994
              ],
              [
                0.416894531250023,
                49.448388671874994
              ],
              [
                0.439257812500017,
                49.473193359374996
              ],
              [
                0.277636718750017,
                49.46328125
              ],
              [
                0.12939453125,
                49.508447265624994
              ],
              [
                0.109375,
                49.557519531249994
              ],
              [
                0.1265625,
                49.6015625
              ],
              [
                0.186718750000011,
                49.703027343749994
              ],
              [
                0.6162109375,
                49.862939453124994
              ],
              [
                0.924121093750017,
                49.910205078124996
              ],
              [
                1.245507812500023,
                49.9982421875
              ],
              [
                1.4072265625,
                50.088525390624994
              ],
              [
                1.514062500000023,
                50.205078125
              ],
              [
                1.5484375,
                50.230712890625
              ],
              [
                1.5927734375,
                50.252197265625
              ],
              [
                1.551562500000017,
                50.2939453125
              ],
              [
                1.579492187500023,
                50.7392578125
              ],
              [
                1.609570312500011,
                50.819482421874994
              ],
              [
                1.672265625000023,
                50.885009765625
              ],
              [
                1.767675781250006,
                50.935693359374994
              ],
              [
                1.9125,
                50.990625
              ],
              [
                2.445703125000023,
                51.06650390625
              ],
              [
                2.52490234375,
                51.097119140625
              ],
              [
                2.536035156250023,
                51.04951171875
              ],
              [
                2.574804687500006,
                50.988574218749996
              ],
              [
                2.601464843750023,
                50.9552734375
              ],
              [
                2.579296875000011,
                50.911767578124994
              ],
              [
                2.596777343750006,
                50.875927734375
              ],
              [
                2.669140625000011,
                50.811425781249994
              ],
              [
                2.759375,
                50.750634765624994
              ],
              [
                2.839746093750023,
                50.711767578125
              ],
              [
                2.862402343750006,
                50.716015625
              ],
              [
                2.921972656250006,
                50.72705078125
              ],
              [
                3.022851562500023,
                50.766894531249996
              ],
              [
                3.106835937500023,
                50.779443359374994
              ],
              [
                3.154882812500006,
                50.748925781249994
              ],
              [
                3.182031250000023,
                50.731689453125
              ],
              [
                3.234960937500006,
                50.662939453125
              ],
              [
                3.249804687500017,
                50.591162109375
              ],
              [
                3.273339843750023,
                50.531542968749996
              ],
              [
                3.316210937500017,
                50.507373046874996
              ],
              [
                3.476953125000023,
                50.499462890625
              ],
              [
                3.595410156250011,
                50.47734375
              ],
              [
                3.626757812500017,
                50.457324218749996
              ],
              [
                3.667285156250017,
                50.3248046875
              ],
              [
                3.689355468750023,
                50.306054687499994
              ],
              [
                3.718847656250006,
                50.321679687499994
              ],
              [
                3.748046875,
                50.343505859375
              ],
              [
                3.78857421875,
                50.346972656249996
              ],
              [
                3.858105468750011,
                50.33857421875
              ],
              [
                3.94970703125,
                50.3359375
              ],
              [
                4.044140625000011,
                50.321337890624996
              ],
              [
                4.174609375000017,
                50.246484375
              ],
              [
                4.169628906250011,
                50.22177734375
              ],
              [
                4.144140625,
                50.17841796875
              ],
              [
                4.13525390625,
                50.143798828125
              ],
              [
                4.15771484375,
                50.1298828125
              ],
              [
                4.192187500000017,
                50.094140625
              ],
              [
                4.183886718750017,
                50.05283203125
              ],
              [
                4.150292968750023,
                50.023876953125
              ],
              [
                4.136816406250006,
                50.0
              ],
              [
                4.137011718750017,
                49.98447265625
              ],
              [
                4.149316406250023,
                49.971582031249994
              ],
              [
                4.176074218750017,
                49.960253906249996
              ],
              [
                4.36875,
                49.944970703124994
              ],
              [
                4.545019531250006,
                49.960253906249996
              ],
              [
                4.656152343750023,
                50.00244140625
              ],
              [
                4.675097656250017,
                50.046875
              ],
              [
                4.706640625,
                50.097070312499994
              ],
              [
                4.772851562500023,
                50.1390625
              ],
              [
                4.818652343750017,
                50.153173828125
              ],
              [
                4.860546875000011,
                50.135888671874994
              ],
              [
                4.7900390625,
                49.9595703125
              ],
              [
                4.841503906250011,
                49.914501953125
              ],
              [
                4.84912109375,
                49.847119140625
              ],
              [
                4.867578125000023,
                49.788134765624996
              ],
              [
                4.930566406250023,
                49.7892578125
              ],
              [
                5.006933593750006,
                49.778369140624996
              ],
              [
                5.06103515625,
                49.75654296875
              ],
              [
                5.124121093750006,
                49.721484375
              ],
              [
                5.215039062500011,
                49.689257812499996
              ],
              [
                5.27880859375,
                49.6779296875
              ],
              [
                5.301953125000011,
                49.6509765625
              ],
              [
                5.353515625,
                49.61982421875
              ],
              [
                5.434667968750006,
                49.554492187499996
              ],
              [
                5.50732421875,
                49.510888671874994
              ],
              [
                5.542382812500023,
                49.511035156249996
              ],
              [
                5.610058593750011,
                49.528222656249994
              ],
              [
                5.71044921875,
                49.539208984374994
              ],
              [
                5.789746093750011,
                49.53828125
              ],
              [
                5.823437500000011,
                49.505078125
              ],
              [
                5.9013671875,
                49.48974609375
              ],
              [
                5.928906250000011,
                49.4775390625
              ],
              [
                5.95947265625,
                49.454638671874996
              ],
              [
                6.011425781250011,
                49.445458984374994
              ],
              [
                6.074121093750023,
                49.454638671874996
              ],
              [
                6.119921875000017,
                49.485205078125
              ],
              [
                6.181054687500023,
                49.498925781249994
              ],
              [
                6.2421875,
                49.4943359375
              ],
              [
                6.27734375,
                49.4775390625
              ],
              [
                6.344335937500006,
                49.452734375
              ],
              [
                6.382226562500023,
                49.458154296874994
              ],
              [
                6.458105468750006,
                49.44287109375
              ],
              [
                6.534277343750006,
                49.394677734374994
              ],
              [
                6.566308593750023,
                49.34619140625
              ],
              [
                6.57470703125,
                49.319677734375
              ],
              [
                6.607617187500011,
                49.290869140625
              ],
              [
                6.735449218750006,
                49.160595703125
              ],
              [
                6.776269531250023,
                49.154150390625
              ],
              [
                6.820703125000023,
                49.17392578125
              ],
              [
                6.849511718750023,
                49.201953125
              ],
              [
                6.891210937500006,
                49.20751953125
              ],
              [
                6.958300781250017,
                49.194628906249996
              ],
              [
                7.00146484375,
                49.1798828125
              ],
              [
                7.022167968750011,
                49.1234375
              ],
              [
                7.03671875,
                49.112695312499994
              ],
              [
                7.065722656250017,
                49.124853515625
              ],
              [
                7.117382812500011,
                49.1275390625
              ],
              [
                7.199902343750011,
                49.113623046875
              ],
              [
                7.313378906250023,
                49.129541015624994
              ],
              [
                7.404199218750023,
                49.153076171875
              ],
              [
                7.450585937500023,
                49.152197265625
              ],
              [
                7.525488281250006,
                49.086376953125
              ],
              [
                7.6109375,
                49.061767578125
              ],
              [
                7.799218750000023,
                49.041894531249994
              ],
              [
                8.001269531250017,
                49.0109375
              ],
              [
                8.080664062500006,
                48.985888671874996
              ],
              [
                8.134863281250006,
                48.973583984375
              ],
              [
                8.140332031250011,
                48.88642578125
              ],
              [
                8.1240234375,
                48.873291015625
              ],
              [
                7.922753906250023,
                48.698535156249996
              ],
              [
                7.837988281250006,
                48.636035156249996
              ],
              [
                7.794824218750023,
                48.546826171875
              ],
              [
                7.76513671875,
                48.410009765625
              ],
              [
                7.705664062500006,
                48.280029296875
              ],
              [
                7.616601562500023,
                48.156787109374996
              ],
              [
                7.584179687500011,
                48.064306640625
              ],
              [
                7.608496093750006,
                48.002587890624994
              ],
              [
                7.59326171875,
                47.905664062499994
              ],
              [
                7.53857421875,
                47.7736328125
              ],
              [
                7.529394531250006,
                47.673876953124996
              ],
              [
                7.5654296875,
                47.60654296875
              ],
              [
                7.615625,
                47.592724609375
              ]
            ]
          ],
          [
            [
              [
                -54.61625976562499,
                2.326757812499991
              ],
              [
                -54.604736328125,
                2.335791015624991
              ],
              [
                -54.56840820312499,
                2.342578124999989
              ],
              [
                -54.53593749999999,
                2.343310546874989
              ],
              [
                -54.485546875,
                2.416113281249991
              ],
              [
                -54.402001953124994,
                2.461523437499991
              ],
              [
                -54.256738281249994,
                2.713720703124991
              ],
              [
                -54.1955078125,
                2.81787109375
              ],
              [
                -54.18808593749999,
                2.874853515624991
              ],
              [
                -54.17070312499999,
                2.993603515624997
              ],
              [
                -54.203125,
                3.13818359375
              ],
              [
                -54.18803710937499,
                3.178759765624989
              ],
              [
                -54.06318359375,
                3.353320312499989
              ],
              [
                -54.00957031249999,
                3.448535156249989
              ],
              [
                -54.00595703124999,
                3.530517578125
              ],
              [
                -53.990478515625,
                3.589550781249997
              ],
              [
                -54.00590820312499,
                3.620410156249989
              ],
              [
                -54.03422851562499,
                3.62939453125
              ],
              [
                -54.081982421875,
                3.705957031249994
              ],
              [
                -54.11279296875,
                3.769433593749994
              ],
              [
                -54.1974609375,
                3.834423828124997
              ],
              [
                -54.255517578124994,
                3.901074218749997
              ],
              [
                -54.350732421874994,
                4.054101562499994
              ],
              [
                -54.34213867187499,
                4.140039062499994
              ],
              [
                -54.369140625,
                4.170947265624989
              ],
              [
                -54.398388671875,
                4.202490234374991
              ],
              [
                -54.396240234375,
                4.24140625
              ],
              [
                -54.416015625,
                4.337646484375
              ],
              [
                -54.440673828125,
                4.428027343749989
              ],
              [
                -54.449609375,
                4.485009765624994
              ],
              [
                -54.42607421874999,
                4.5830078125
              ],
              [
                -54.44023437499999,
                4.691992187499991
              ],
              [
                -54.471142578125,
                4.749316406249989
              ],
              [
                -54.4796875,
                4.836523437499991
              ],
              [
                -54.47333984375,
                4.914697265624994
              ],
              [
                -54.446875,
                4.958789062499989
              ],
              [
                -54.45219726562499,
                5.013476562499989
              ],
              [
                -54.331640625,
                5.187402343749994
              ],
              [
                -54.240185546875,
                5.288232421874994
              ],
              [
                -54.15595703125,
                5.358984375
              ],
              [
                -54.08530273437499,
                5.411816406249997
              ],
              [
                -53.98959960937499,
                5.676025390625
              ],
              [
                -53.919921875,
                5.768994140624997
              ],
              [
                -53.84716796875,
                5.7822265625
              ],
              [
                -53.45444335937499,
                5.5634765625
              ],
              [
                -53.27036132812499,
                5.543261718749989
              ],
              [
                -52.899316406249994,
                5.425048828125
              ],
              [
                -52.76499023437499,
                5.273486328124989
              ],
              [
                -52.45395507812499,
                5.021337890624991
              ],
              [
                -52.29052734375,
                4.942187499999989
              ],
              [
                -52.28891601562499,
                4.876123046874994
              ],
              [
                -52.324609375,
                4.770898437499994
              ],
              [
                -52.219970703125,
                4.86279296875
              ],
              [
                -52.05810546875,
                4.717382812499991
              ],
              [
                -52.01230468749999,
                4.64599609375
              ],
              [
                -51.9619140625,
                4.514404296875
              ],
              [
                -51.979345703125006,
                4.429882812499997
              ],
              [
                -52.001708984375,
                4.38623046875
              ],
              [
                -52.0029296875,
                4.352294921875
              ],
              [
                -51.95478515624998,
                4.399072265624994
              ],
              [
                -51.92768554687498,
                4.436132812499991
              ],
              [
                -51.919580078124994,
                4.524316406249994
              ],
              [
                -51.880273437499994,
                4.633740234374997
              ],
              [
                -51.827539062499994,
                4.635693359374997
              ],
              [
                -51.78564453125,
                4.570507812499997
              ],
              [
                -51.698632812499994,
                4.286816406249997
              ],
              [
                -51.66582031249999,
                4.228808593749989
              ],
              [
                -51.65327148437498,
                4.138769531249991
              ],
              [
                -51.658105468749994,
                4.098486328124991
              ],
              [
                -51.65253906249998,
                4.061279296875
              ],
              [
                -51.683447265625006,
                4.039697265624994
              ],
              [
                -51.76708984375,
                3.99267578125
              ],
              [
                -51.805273437500006,
                3.929931640625
              ],
              [
                -51.827490234375006,
                3.869580078124997
              ],
              [
                -51.879492187500006,
                3.828564453124997
              ],
              [
                -51.92890624999998,
                3.776953125
              ],
              [
                -51.9443359375,
                3.735107421875
              ],
              [
                -51.990625,
                3.702001953124991
              ],
              [
                -51.99951171875,
                3.646875
              ],
              [
                -52.116113281249994,
                3.452294921874994
              ],
              [
                -52.16259765625,
                3.364697265624997
              ],
              [
                -52.229443359375,
                3.271679687499997
              ],
              [
                -52.271240234375,
                3.237109374999989
              ],
              [
                -52.327880859375,
                3.181738281249991
              ],
              [
                -52.356640625,
                3.117724609374989
              ],
              [
                -52.356640625,
                3.051562499999989
              ],
              [
                -52.396386718749994,
                2.972216796874989
              ],
              [
                -52.418408203125,
                2.903857421874989
              ],
              [
                -52.45585937499999,
                2.864160156249994
              ],
              [
                -52.5546875,
                2.64765625
              ],
              [
                -52.559472656249994,
                2.573144531249994
              ],
              [
                -52.5830078125,
                2.52890625
              ],
              [
                -52.65317382812499,
                2.425732421874997
              ],
              [
                -52.700634765625,
                2.363671875
              ],
              [
                -52.7833984375,
                2.317187499999989
              ],
              [
                -52.87041015624999,
                2.266650390624989
              ],
              [
                -52.903466796874994,
                2.211523437499991
              ],
              [
                -52.96484375,
                2.183544921874997
              ],
              [
                -53.009716796875,
                2.181738281249991
              ],
              [
                -53.082275390625,
                2.201708984374989
              ],
              [
                -53.180078125,
                2.211328125
              ],
              [
                -53.22978515624999,
                2.204882812499989
              ],
              [
                -53.252197265625,
                2.232275390624991
              ],
              [
                -53.28549804687499,
                2.295214843749989
              ],
              [
                -53.334423828125,
                2.339746093749994
              ],
              [
                -53.36601562499999,
                2.32421875
              ],
              [
                -53.4318359375,
                2.279443359374994
              ],
              [
                -53.508984375,
                2.253125
              ],
              [
                -53.56396484375,
                2.261914062499997
              ],
              [
                -53.68369140624999,
                2.292919921874997
              ],
              [
                -53.73471679687499,
                2.308544921874997
              ],
              [
                -53.750146484374994,
                2.335009765624989
              ],
              [
                -53.7677734375,
                2.354833984374991
              ],
              [
                -53.79423828124999,
                2.345996093749989
              ],
              [
                -53.829541015625,
                2.312939453124997
              ],
              [
                -53.876611328124994,
                2.278271484374997
              ],
              [
                -53.946435546874994,
                2.232568359374994
              ],
              [
                -54.089746093749994,
                2.150488281249991
              ],
              [
                -54.130078125,
                2.121044921874997
              ],
              [
                -54.167382812499994,
                2.137060546874991
              ],
              [
                -54.227978515625,
                2.1533203125
              ],
              [
                -54.29306640624999,
                2.154248046874997
              ],
              [
                -54.43310546875,
                2.20751953125
              ],
              [
                -54.515087890625,
                2.245458984374991
              ],
              [
                -54.55048828125,
                2.293066406249991
              ],
              [
                -54.591943359374994,
                2.313769531249989
              ],
              [
                -54.61625976562499,
                2.326757812499991
              ]
            ]
          ],
          [
            [
              [
                9.480371093750023,
                42.805419921875
              ],
              [
                9.454199218750006,
                42.65859375
              ],
              [
                9.473242187500006,
                42.615576171875
              ],
              [
                9.509375,
                42.585595703124994
              ],
              [
                9.526171875000017,
                42.552636718749994
              ],
              [
                9.556445312500017,
                42.1609375
              ],
              [
                9.550683593750023,
                42.129736328125
              ],
              [
                9.428417968750011,
                41.972412109375
              ],
              [
                9.40087890625,
                41.926220703125
              ],
              [
                9.394824218750017,
                41.731201171875
              ],
              [
                9.374218750000011,
                41.67880859375
              ],
              [
                9.330859375000017,
                41.6271484375
              ],
              [
                9.25341796875,
                41.46005859375
              ],
              [
                9.186132812500006,
                41.384912109374994
              ],
              [
                9.003027343750006,
                41.4765625
              ],
              [
                8.89501953125,
                41.516162109374996
              ],
              [
                8.842089843750017,
                41.558886718749996
              ],
              [
                8.807519531250023,
                41.58837890625
              ],
              [
                8.829785156250011,
                41.627685546875
              ],
              [
                8.879003906250006,
                41.6685546875
              ],
              [
                8.886816406250006,
                41.70068359375
              ],
              [
                8.77099609375,
                41.737109375
              ],
              [
                8.717968750000011,
                41.76142578125
              ],
              [
                8.718652343750023,
                41.804003906249996
              ],
              [
                8.758691406250023,
                41.870410156249996
              ],
              [
                8.740429687500011,
                41.925146484375
              ],
              [
                8.673632812500017,
                41.92236328125
              ],
              [
                8.621875,
                41.930712890624996
              ],
              [
                8.615136718750023,
                41.959130859374994
              ],
              [
                8.653417968750006,
                41.995556640625
              ],
              [
                8.702539062500023,
                42.043115234374994
              ],
              [
                8.700976562500017,
                42.095605468749994
              ],
              [
                8.6416015625,
                42.118212890624996
              ],
              [
                8.587792968750023,
                42.16083984375
              ],
              [
                8.566210937500017,
                42.218798828124996
              ],
              [
                8.60791015625,
                42.258447265624994
              ],
              [
                8.675488281250011,
                42.284033203125
              ],
              [
                8.625878906250023,
                42.343408203124994
              ],
              [
                8.592382812500006,
                42.3447265625
              ],
              [
                8.565625,
                42.357714843749996
              ],
              [
                8.5875,
                42.385302734374996
              ],
              [
                8.640039062500023,
                42.4265625
              ],
              [
                8.713085937500011,
                42.549755859375
              ],
              [
                8.814843750000023,
                42.60791015625
              ],
              [
                8.994921875000017,
                42.6453125
              ],
              [
                9.043652343750011,
                42.661669921874996
              ],
              [
                9.08837890625,
                42.704980468749994
              ],
              [
                9.137890625000011,
                42.73291015625
              ],
              [
                9.198046875000017,
                42.72919921875
              ],
              [
                9.253515625,
                42.712451171874996
              ],
              [
                9.287695312500006,
                42.694628906249996
              ],
              [
                9.313378906250023,
                42.713183593749996
              ],
              [
                9.33837890625,
                42.766894531249996
              ],
              [
                9.323046875000017,
                42.8140625
              ],
              [
                9.330957031250023,
                42.943798828125
              ],
              [
                9.363183593750023,
                43.017382812499996
              ],
              [
                9.415234375000011,
                43.021484375
              ],
              [
                9.463281250000023,
                42.981005859374996
              ],
              [
                9.460839843750023,
                42.945214843749994
              ],
              [
                9.478613281250006,
                42.860498046874994
              ],
              [
                9.480371093750023,
                42.805419921875
              ]
            ]
          ],
          [
            [
              [
                -60.82626953124999,
                14.494482421874991
              ],
              [
                -60.83662109375,
                14.437402343749994
              ],
              [
                -60.86210937499999,
                14.42626953125
              ],
              [
                -60.8994140625,
                14.473779296874994
              ],
              [
                -61.063720703125,
                14.467089843750003
              ],
              [
                -61.0888671875,
                14.509570312500003
              ],
              [
                -61.09033203125,
                14.5296875
              ],
              [
                -61.011328125,
                14.601904296874991
              ],
              [
                -61.10429687499999,
                14.621240234374994
              ],
              [
                -61.14111328125,
                14.652392578125003
              ],
              [
                -61.2197265625,
                14.804394531249997
              ],
              [
                -61.213330078125,
                14.848583984374997
              ],
              [
                -61.180810546874994,
                14.871923828124991
              ],
              [
                -61.127392578125,
                14.875292968750003
              ],
              [
                -61.027099609375,
                14.826171875
              ],
              [
                -60.952539062499994,
                14.75625
              ],
              [
                -60.927148437499994,
                14.755175781250003
              ],
              [
                -60.91865234375,
                14.7353515625
              ],
              [
                -60.93369140624999,
                14.686181640624994
              ],
              [
                -60.88916015625,
                14.64453125
              ],
              [
                -60.86997070312499,
                14.613720703124997
              ],
              [
                -60.82626953124999,
                14.494482421874991
              ]
            ]
          ],
          [
            [
              [
                45.180273437500006,
                -12.976757812500011
              ],
              [
                45.11757812500002,
                -12.984960937500006
              ],
              [
                45.08769531250002,
                -12.95849609375
              ],
              [
                45.069433593750006,
                -12.895605468750006
              ],
              [
                45.08828125000002,
                -12.835058593750006
              ],
              [
                45.09355468750002,
                -12.7861328125
              ],
              [
                45.042578125,
                -12.701269531250006
              ],
              [
                45.092382812500006,
                -12.653027343750011
              ],
              [
                45.134765625,
                -12.709179687500011
              ],
              [
                45.158789062500006,
                -12.712988281250006
              ],
              [
                45.22314453125,
                -12.752148437500011
              ],
              [
                45.20429687500001,
                -12.824316406250006
              ],
              [
                45.20859375,
                -12.847949218750003
              ],
              [
                45.17939453125001,
                -12.920214843750003
              ],
              [
                45.180273437500006,
                -12.976757812500011
              ]
            ]
          ],
          [
            [
              [
                55.79736328125,
                -21.33935546875
              ],
              [
                55.65615234375002,
                -21.36904296875001
              ],
              [
                55.5576171875,
                -21.35830078125001
              ],
              [
                55.36269531250002,
                -21.27363281250001
              ],
              [
                55.31035156250002,
                -21.217382812500006
              ],
              [
                55.23281250000002,
                -21.058398437500003
              ],
              [
                55.25,
                -21.00244140625
              ],
              [
                55.31132812500002,
                -20.904101562500003
              ],
              [
                55.45048828125002,
                -20.86513671875001
              ],
              [
                55.59648437500002,
                -20.87958984375001
              ],
              [
                55.66191406250002,
                -20.90625
              ],
              [
                55.73916015625002,
                -21.021484375
              ],
              [
                55.83906250000001,
                -21.13857421875001
              ],
              [
                55.82246093750001,
                -21.27783203125
              ],
              [
                55.79736328125,
                -21.33935546875
              ]
            ]
          ],
          [
            [
              [
                -61.3271484375,
                16.230419921874997
              ],
              [
                -61.44482421875,
                16.219287109375003
              ],
              [
                -61.52216796875,
                16.22802734375
              ],
              [
                -61.539990234375,
                16.299609375
              ],
              [
                -61.50058593749999,
                16.36020507812499
              ],
              [
                -61.52890625,
                16.433789062499997
              ],
              [
                -61.510644531249994,
                16.477685546874994
              ],
              [
                -61.47119140625,
                16.506640625
              ],
              [
                -61.4064453125,
                16.468310546875003
              ],
              [
                -61.396142578124994,
                16.41342773437499
              ],
              [
                -61.35546875,
                16.363183593749994
              ],
              [
                -61.172607421875,
                16.256103515625
              ],
              [
                -61.3271484375,
                16.230419921874997
              ]
            ]
          ],
          [
            [
              [
                -61.58955078125,
                16.00693359374999
              ],
              [
                -61.67045898437499,
                15.962060546874994
              ],
              [
                -61.71025390624999,
                15.975927734374991
              ],
              [
                -61.759423828124994,
                16.062060546875003
              ],
              [
                -61.794091796874994,
                16.300976562499997
              ],
              [
                -61.76713867187499,
                16.340478515624994
              ],
              [
                -61.748046875,
                16.355273437500003
              ],
              [
                -61.641503906249994,
                16.325976562500003
              ],
              [
                -61.59702148437499,
                16.2921875
              ],
              [
                -61.55234375,
                16.270898437499994
              ],
              [
                -61.57504882812499,
                16.22714843749999
              ],
              [
                -61.563867187499994,
                16.047753906249994
              ],
              [
                -61.58955078125,
                16.00693359374999
              ]
            ]
          ],
          [
            [
              [
                -61.23046875,
                15.889941406250003
              ],
              [
                -61.28623046874999,
                15.886035156250003
              ],
              [
                -61.3107421875,
                15.894677734374994
              ],
              [
                -61.31840820312499,
                15.954882812500003
              ],
              [
                -61.275292968749994,
                15.996240234374994
              ],
              [
                -61.25,
                16.006298828124997
              ],
              [
                -61.212353515625,
                15.959912109374997
              ],
              [
                -61.20341796874999,
                15.921240234374991
              ],
              [
                -61.23046875,
                15.889941406250003
              ]
            ]
          ],
          [
            [
              [
                -1.178320312499977,
                45.904052734375
              ],
              [
                -1.213574218749983,
                45.8166015625
              ],
              [
                -1.2802734375,
                45.897119140624994
              ],
              [
                -1.368701171874989,
                45.967675781249994
              ],
              [
                -1.388867187499983,
                46.032958984375
              ],
              [
                -1.388671875,
                46.050390625
              ],
              [
                -1.285058593749994,
                46.002685546875
              ],
              [
                -1.178320312499977,
                45.904052734375
              ]
            ]
          ]
        ]
      }
    }
  ]
}