{
  "type": "FeatureCollection",
  "features": [
    {
      "type": "Feature",
      "geometry": {
        "type": "Polygon",
        "coordinates": [
          [
            [
              11.276449,
              2.2610509
            ],
            [
              11.285079,
              1.0576619
            ],
            [
              9.8302841,
              1.0678938
            ],
            [
              9.4928886,
              1.0101195
            ],
            [
              9.2913505,
              0.2686661
            ],
            [
              9.0484196,
              -0.4593515
            ],
            [
              8.8300867,
              -0.7790736
            ],
            [
              8.7979956,
              -1.1113014
            ],
            [
              9.4052454,
              -2.1443132
            ],
            [
              10.0661353,
              -2.9694825
            ],
            [
              11.0937728,
              -3.9788266
            ],
            [
              11.8551217,
              -3.4268706
            ],
            [
              11.4780388,
              -2.765619
            ],
            [
              11.8209636,
              -2.5141615
            ],
            [
              12.4957028,
              -2.3916883
            ],
            [
              12.5752845,
              -1.9485112
            ],
            [
              13.1096188,
              -2.4287403
            ],
            [
              13.9924073,
              -2.4708049
            ],
            [
              14.2992102,
              -1.9982756
            ],
            [
              14.4254558,
              -1.3334067
            ],
            [
              14.3164185,
              -0.5526275
            ],
            [
              13.8433208,
              0.0387576
            ],
            [
              14.2762659,
              1.1969298
            ],
            [
              14.0266687,
              1.3956774
            ],
            [
              13.2826315,
              1.3141837
            ],
            [
              13.0031136,
              1.8308963
            ],
            [
              13.0758224,
              2.2670971
            ],
            [
              12.9513339,
              2.3216157
            ],
            [
              12.3593803,
              2.1928122
            ],
            [
              11.7516655,
              2.3267575
            ],
            [
              11.276449,
              2.2610509
            ]
          ]
        ]
      }
    }
  ]
}