{
  "type": "FeatureCollection",
  "features": [
    {
      "type": "Feature",
      "geometry": {
        "type": "MultiPolygon",
        "coordinates": [
          [
            [
              [
                -3.0938307,
                53.4045474
              ],
              [
                -4.5799992,
                53.4950038
              ],
              [
                -4.7700134,
                52.840005
              ],
              [
                -4.2223466,
                52.3013557
              ],
              [
                -5.2672957,
                51.9914005
              ],
              [
                -4.9843672,
                51.5934661
              ],
              [
                -3.4227195,
                51.4268482
              ],
              [
                -3.4148506,
                51.4260086
              ],
              [
                -4.3099898,
                51.2100011
              ],
              [
                -5.7765669,
                50.1596776
              ],
              [
                -5.2450232,
                49.9599999
              ],
              [
                -4.5425079,
                50.3418371
              ],
              [
                -3.6174481,
                50.2283556
              ],
              [
                -2.956274,
                50.69688
              ],
              [
                -2.4899975,
                50.5000186
              ],
              [
                -0.7875175,
                50.7749889
              ],
              [
                0.5503337,
                50.7657388
              ],
              [
                1.4498653,
                51.2894278
              ],
              [
                1.0505616,
                51.8067606
              ],
              [
                1.5599878,
                52.0999985
              ],
              [
                1.6815308,
                52.7395202
              ],
              [
                0.4699768,
                52.9299995
              ],
              [
                0.1849813,
                53.3250141
              ],
              [
                -0.430485,
                54.4643761
              ],
              [
                -1.114991,
                54.6249865
              ],
              [
                -2.0056757,
                55.8049029
              ],
              [
                -2.0850093,
                55.9099985
              ],
              [
                -3.1190031,
                55.973793
              ],
              [
                -2.2199882,
                56.8700174
              ],
              [
                -1.9592806,
                57.6847997
              ],
              [
                -3.0550018,
                57.690019
              ],
              [
                -4.0738285,
                57.5530248
              ],
              [
                -3.0050048,
                58.6350001
              ],
              [
                -4.2114945,
                58.550845
              ],
              [
                -5.0099987,
                58.6300133
              ],
              [
                -5.7868247,
                57.8188484
              ],
              [
                -6.1499808,
                56.7850097
              ],
              [
                -5.6449987,
                56.275015
              ],
              [
                -5.5863977,
                55.3111461
              ],
              [
                -5.0479809,
                55.7839855
              ],
              [
                -4.7191121,
                55.5084726
              ],
              [
                -5.0825266,
                55.0616007
              ],
              [
                -4.8441691,
                54.7909712
              ],
              [
                -3.6300055,
                54.6150129
              ],
              [
                -3.6147008,
                54.6009368
              ],
              [
                -2.9450085,
                53.9849997
              ],
              [
                -3.0920796,
                53.4044408
              ],
              [
                -3.0938307,
                53.4045474
              ]
            ]
          ],
          [
            [
              [
                -6.1978849,
                53.867565
              ],
              [
                -5.6619486,
                54.5546032
              ],
              [
                -6.733847,
                55.17286
              ],
              [
                -7.5721679,
                55.1316222
              ],
              [
                -7.3660306,
                54.595841
              ],
              [
                -7.5721679,
                54.0599564
              ],
              [
                -6.9537302,
                54.0737023
              ],
              [
                -6.1978849,
                53.867565
              ]
            ]
          ]
        ]
      }
    }
  ]
}