{
  "type": "FeatureCollection",
  "name": "GD",
  "features": [
    {
      "type": "Feature",
      "geometry": {
        "type": "MultiPolygon",
        "coordinates": [
          [
            [
              [
                -61.612945115999935,
                12.214422919000071
              ],
              [
                -61.60456295499995,
                12.197455145000049
              ],
              [
                -61.602772589999915,
                12.182928778000075
              ],
              [
                -61.606312628999945,
                12.13377513200004
              ],
              [
                -61.6087133449999,
                12.126776434000078
              ],
              [
                -61.61310787699995,
                12.11985911700009
              ],
              [
                -61.61978105399993,
                12.10455963700008
              ],
              [
                -61.61945553299995,
                12.09674713700008
              ],
              [
                -61.613840298999946,
                12.08038971600007
              ],
              [
                -61.61636308499993,
                12.077297268000052
              ],
              [
                -61.62157141799992,
                12.07493724200009
              ],
              [
                -61.62450110599991,
                12.069037177000041
              ],
              [
                -61.62572180899991,
                12.061224677000041
              ],
              [
                -61.62604732999995,
                12.05304596600007
              ],
              [
                -61.63158118399991,
                12.044094143000052
              ],
              [
                -61.67442786399994,
                12.022040106000077
              ],
              [
                -61.67442786399994,
                12.029486395000049
              ],
              [
                -61.68297278599994,
                12.02537669500009
              ],
              [
                -61.68936113199993,
                12.01976146000004
              ],
              [
                -61.693430141999954,
                12.012274481000077
              ],
              [
                -61.69493567599994,
                12.002834377000056
              ],
              [
                -61.70425370999993,
                12.00454336100006
              ],
              [
                -61.71324622299994,
                12.00726959800005
              ],
              [
                -61.72175045499995,
                12.011053778000075
              ],
              [
                -61.72964433499993,
                12.015814520000049
              ],
              [
                -61.73997962099992,
                12.00690338700008
              ],
              [
                -61.75694739499994,
                12.003404039000088
              ],
              [
                -61.77554277299993,
                12.004339911000045
              ],
              [
                -61.79051673099991,
                12.008368231000077
              ],
              [
                -61.755848761999914,
                12.03025950700004
              ],
              [
                -61.74950110599991,
                12.036322333000044
              ],
              [
                -61.74596106699994,
                12.050930080000057
              ],
              [
                -61.74885006399995,
                12.062648830000057
              ],
              [
                -61.75377356699994,
                12.074164130000042
              ],
              [
                -61.756418423999946,
                12.087836005000042
              ],
              [
                -61.75104732999995,
                12.11009349200009
              ],
              [
                -61.73029537699995,
                12.149318752000056
              ],
              [
                -61.72964433499993,
                12.16665273600006
              ],
              [
                -61.67145748599995,
                12.236070054000038
              ],
              [
                -61.650502081999946,
                12.239732164000088
              ],
              [
                -61.62767493399991,
                12.236721096000053
              ],
              [
                -61.606027798999946,
                12.22337474200009
              ],
              [
                -61.606678839999915,
                12.220282294000071
              ],
              [
                -61.612945115999935,
                12.214422919000071
              ]
            ]
          ],
          [
            [
              [
                -61.42804928299995,
                12.454657294000071
              ],
              [
                -61.44566809799994,
                12.459784247000073
              ],
              [
                -61.462554490999935,
                12.455145575000074
              ],
              [
                -61.47923743399991,
                12.44672272300005
              ],
              [
                -61.49624589799993,
                12.440375067000048
              ],
              [
                -61.49278723899994,
                12.446478583000044
              ],
              [
                -61.48607337099992,
                12.462225653000075
              ],
              [
                -61.48265540299991,
                12.468329169000071
              ],
              [
                -61.48574785099993,
                12.468817450000074
              ],
              [
                -61.49624589799993,
                12.468329169000071
              ],
              [
                -61.49478105399993,
                12.472316799000055
              ],
              [
                -61.48888098899994,
                12.482001044000071
              ],
              [
                -61.46727454299992,
                12.47557200700004
              ],
              [
                -61.454335089999915,
                12.49282461100006
              ],
              [
                -61.443470831999946,
                12.516546942000048
              ],
              [
                -61.42804928299995,
                12.529730536000045
              ],
              [
                -61.42162024599992,
                12.513373114000046
              ],
              [
                -61.42332923099991,
                12.49518463700008
              ],
              [
                -61.427398240999935,
                12.475409247000073
              ],
              [
                -61.42804928299995,
                12.454657294000071
              ]
            ]
          ]
        ]
      }
    }
  ]
}