{
  "type": "FeatureCollection",
  "features": [
    {
      "type": "Feature",
      "geometry": {
        "type": "Polygon",
        "coordinates": [
          [
            [
              39.9550086,
              43.4349977
            ],
            [
              40.3213945,
              43.1286339
            ],
            [
              40.8754692,
              43.013628
            ],
            [
              41.4534701,
              42.6451234
            ],
            [
              41.7031706,
              41.9629428
            ],
            [
              41.5540841,
              41.5356562
            ],
            [
              42.6195488,
              41.5831727
            ],
            [
              43.5827458,
              41.0921433
            ],
            [
              44.9724801,
              41.2481286
            ],
            [
              45.2174264,
              41.4114519
            ],
            [
              45.9626005,
              41.1238726
            ],
            [
              46.5016374,
              41.0644447
            ],
            [
              46.6379082,
              41.1816727
            ],
            [
              46.1454318,
              41.7228024
            ],
            [
              46.4049508,
              41.8606752
            ],
            [
              45.7764,
              42.09244
            ],
            [
              45.4702792,
              42.5027807
            ],
            [
              44.5376229,
              42.7119927
            ],
            [
              43.93121,
              42.55496
            ],
            [
              43.75599,
              42.74083
            ],
            [
              42.3944,
              43.2203
            ],
            [
              40.92219,
              43.38215
            ],
            [
              40.076965,
              43.5531042
            ],
            [
              39.9550086,
              43.4349977
            ]
          ]
        ]
      }
    }
  ]
}