{
  "type": "FeatureCollection",
  "name": "GG",
  "features": [
    {
      "type": "Feature",
      "geometry": {
        "type": "MultiPolygon",
        "coordinates": [
          [
            [
              [
                -2.512304687499977,
                49.49453125
              ],
              [
                -2.54736328125,
                49.4287109375
              ],
              [
                -2.639013671874977,
                49.450927734375
              ],
              [
                -2.646142578124994,
                49.468212890625
              ],
              [
                -2.542187499999983,
                49.506591796875
              ],
              [
                -2.520898437499994,
                49.506298828125
              ],
              [
                -2.512304687499977,
                49.49453125
              ]
            ]
          ]
        ]
      }
    }
  ]
}