{
  "type": "FeatureCollection",
  "features": [
    {
      "type": "Feature",
      "geometry": {
        "type": "Polygon",
        "coordinates": [
          [
            [
              0.0238025,
              11.0186817
            ],
            [
              -0.4387015,
              11.098341
            ],
            [
              -0.7615759,
              10.9369296
            ],
            [
              -1.2033577,
              11.0098192
            ],
            [
              -2.9404093,
              10.9626903
            ],
            [
              -2.9638962,
              10.3953348
            ],
            [
              -2.8274963,
              9.6424608
            ],
            [
              -2.5621895,
              8.2196278
            ],
            [
              -2.983585,
              7.3797049
            ],
            [
              -3.2443701,
              6.2504715
            ],
            [
              -2.8107015,
              5.3890512
            ],
            [
              -2.856125,
              4.9944758
            ],
            [
              -1.9647066,
              4.7104621
            ],
            [
              -1.0636246,
              5.0005478
            ],
            [
              -0.5076379,
              5.3434726
            ],
            [
              1.0601217,
              5.9288374
            ],
            [
              0.8369312,
              6.2799787
            ],
            [
              0.5703841,
              6.9143586
            ],
            [
              0.4909575,
              7.4117443
            ],
            [
              0.7120292,
              8.3124645
            ],
            [
              0.4611918,
              8.6772226
            ],
            [
              0.3659005,
              9.465004
            ],
            [
              0.36758,
              10.1912129
            ],
            [
              -0.0497847,
              10.7069178
            ],
            [
              0.0238025,
              11.0186817
            ]
          ]
        ]
      }
    }
  ]
}