{
  "type": "FeatureCollection",
  "features": [
    {
      "type": "Feature",
      "geometry": {
        "type": "Polygon",
        "coordinates": [
          [
            [
              -46.76379,
              82.62796
            ],
            [
              -46.9007,
              82.19979
            ],
            [
              -44.523,
              81.6607
            ],
            [
              -46.59984,
              81.985945
            ],
            [
              -48.00386,
              82.06481
            ],
            [
              -50.39061,
              82.43883
            ],
            [
              -53.04328,
              81.88833
            ],
            [
              -54.13442,
              82.19962
            ],
            [
              -57.20744,
              82.19074
            ],
            [
              -60.28249,
              82.03363
            ],
            [
              -62.65116,
              81.77042
            ],
            [
              -62.23444,
              81.3211
            ],
            [
              -63.68925,
              81.21396
            ],
            [
              -67.15129,
              80.51582
            ],
            [
              -68.02298,
              80.11721
            ],
            [
              -65.3239,
              79.75814
            ],
            [
              -65.7107,
              79.39436
            ],
            [
              -69.37345,
              78.91388
            ],
            [
              -73.15938,
              78.43271
            ],
            [
              -73.297,
              78.04419
            ],
            [
              -71.04293,
              77.63595
            ],
            [
              -66.76397,
              77.37595
            ],
            [
              -68.77671,
              77.32312
            ],
            [
              -71.40257,
              77.00857
            ],
            [
              -69.66485,
              76.37975
            ],
            [
              -68.50438,
              76.06141
            ],
            [
              -66.06427,
              76.13486
            ],
            [
              -63.39165,
              76.1752
            ],
            [
              -61.26861,
              76.10238
            ],
            [
              -58.58516,
              75.51727
            ],
            [
              -58.59679,
              75.09861
            ],
            [
              -57.32363,
              74.71026
            ],
            [
              -56.12003,
              73.64977
            ],
            [
              -55.32634,
              72.95861
            ],
            [
              -54.71819,
              72.58625
            ],
            [
              -55.83468,
              71.65444
            ],
            [
              -55.0,
              71.406537
            ],
            [
              -54.00422,
              71.54719
            ],
            [
              -53.10937,
              71.20485
            ],
            [
              -51.39014,
              70.56978
            ],
            [
              -53.431315,
              70.835755
            ],
            [
              -54.35884,
              70.821315
            ],
            [
              -54.75001,
              70.28932
            ],
            [
              -54.68336,
              69.61003
            ],
            [
              -53.45629,
              69.283625
            ],
            [
              -52.55792,
              69.42616
            ],
            [
              -52.013585,
              69.574925
            ],
            [
              -50.87122,
              69.9291
            ],
            [
              -51.08041,
              69.14781
            ],
            [
              -51.47536,
              68.72958
            ],
            [
              -52.9804,
              68.35759
            ],
            [
              -53.96911,
              67.18899
            ],
            [
              -53.30161,
              66.8365
            ],
            [
              -53.66166,
              66.09957
            ],
            [
              -52.27659,
              65.1767
            ],
            [
              -52.14014,
              64.27842
            ],
            [
              -51.63325,
              63.62691
            ],
            [
              -49.90039,
              62.38336
            ],
            [
              -49.23308,
              61.40681
            ],
            [
              -48.26294,
              60.85843
            ],
            [
              -46.26364,
              60.85328
            ],
            [
              -44.7875,
              60.03676
            ],
            [
              -43.3784,
              60.09772
            ],
            [
              -42.86619,
              61.07404
            ],
            [
              -42.41666,
              61.90093
            ],
            [
              -42.81938,
              62.68233
            ],
            [
              -41.1887,
              63.48246
            ],
            [
              -40.68281,
              64.13902
            ],
            [
              -40.66899,
              64.83997
            ],
            [
              -39.81222,
              65.45848
            ],
            [
              -38.37505,
              65.69213
            ],
            [
              -37.04378,
              65.93768
            ],
            [
              -36.35284,
              65.9789
            ],
            [
              -34.20196,
              66.67974
            ],
            [
              -32.81105,
              67.73547
            ],
            [
              -31.77665,
              68.12078
            ],
            [
              -30.67371,
              68.12503
            ],
            [
              -27.74737,
              68.47046
            ],
            [
              -25.02927,
              69.2588
            ],
            [
              -22.34902,
              70.12946
            ],
            [
              -23.72742,
              70.18401
            ],
            [
              -26.36276,
              70.22646
            ],
            [
              -25.20135,
              70.75226
            ],
            [
              -25.54341,
              71.43094
            ],
            [
              -24.30702,
              70.85649
            ],
            [
              -23.53603,
              70.471
            ],
            [
              -21.75356,
              70.66369
            ],
            [
              -22.13281,
              71.46898
            ],
            [
              -23.44296,
              72.08016
            ],
            [
              -24.79296,
              72.3302
            ],
            [
              -24.27834,
              72.59788
            ],
            [
              -22.29954,
              72.18409
            ],
            [
              -22.31311,
              72.62928
            ],
            [
              -23.56593,
              73.30663
            ],
            [
              -22.17221,
              73.30955
            ],
            [
              -20.76234,
              73.46436
            ],
            [
              -20.43454,
              73.81713
            ],
            [
              -21.59422,
              74.22382
            ],
            [
              -19.37281,
              74.29561
            ],
            [
              -20.66818,
              75.15585
            ],
            [
              -19.59896,
              75.24838
            ],
            [
              -19.83407,
              76.09808
            ],
            [
              -21.67944,
              76.62795
            ],
            [
              -20.03503,
              76.94434
            ],
            [
              -18.47285,
              76.98565
            ],
            [
              -19.67353,
              77.63859
            ],
            [
              -19.70499,
              78.75128
            ],
            [
              -18.9,
              79.4
            ],
            [
              -17.73035,
              80.12912
            ],
            [
              -20.04624,
              80.17708
            ],
            [
              -16.85,
              80.35
            ],
            [
              -16.28533,
              80.58004
            ],
            [
              -12.20855,
              81.29154
            ],
            [
              -12.77018,
              81.71885
            ],
            [
              -15.76818,
              81.91245
            ],
            [
              -20.62363,
              81.52462
            ],
            [
              -23.16961,
              81.15271
            ],
            [
              -22.07175,
              81.73449
            ],
            [
              -22.90328,
              82.09317
            ],
            [
              -24.84448,
              81.78697
            ],
            [
              -27.85666,
              82.13178
            ],
            [
              -31.39646,
              82.02154
            ],
            [
              -31.9,
              82.2
            ],
            [
              -26.51753,
              82.29765
            ],
            [
              -22.69182,
              82.34165
            ],
            [
              -20.84539,
              82.72669
            ],
            [
              -27.10046,
              83.51966
            ],
            [
              -35.08787,
              83.64513
            ],
            [
              -38.62214,
              83.54905
            ],
            [
              -39.89753,
              83.18018
            ],
            [
              -43.40644,
              83.22516
            ],
            [
              -46.76379,
              82.62796
            ]
          ]
        ]
      }
    }
  ]
}