{
  "type": "FeatureCollection",
  "features": [
    {
      "type": "Feature",
      "geometry": {
        "type": "Polygon",
        "coordinates": [
          [
            [
              -13.700476,
              12.586183
            ],
            [
              -13.7187437,
              12.2471856
            ],
            [
              -13.8282719,
              12.1426442
            ],
            [
              -13.7431608,
              11.811269
            ],
            [
              -13.9007997,
              11.678719
            ],
            [
              -14.1214064,
              11.677117
            ],
            [
              -14.3821915,
              11.509272
            ],
            [
              -14.6856872,
              11.5278238
            ],
            [
              -15.1303112,
              11.0404117
            ],
            [
              -14.8395538,
              10.8765716
            ],
            [
              -14.693232,
              10.6563008
            ],
            [
              -14.5796989,
              10.2144673
            ],
            [
              -14.3300759,
              10.0157197
            ],
            [
              -14.074045,
              9.8861669
            ],
            [
              -13.685154,
              9.4947438
            ],
            [
              -13.2465503,
              8.9030486
            ],
            [
              -12.7119576,
              9.3427117
            ],
            [
              -12.5967191,
              9.6201883
            ],
            [
              -12.4259285,
              9.8358341
            ],
            [
              -12.1503381,
              9.8585717
            ],
            [
              -11.9172774,
              10.046984
            ],
            [
              -11.1174812,
              10.0458729
            ],
            [
              -10.839152,
              9.6882462
            ],
            [
              -10.6223952,
              9.2679101
            ],
            [
              -10.6547705,
              8.9771785
            ],
            [
              -10.4943152,
              8.7155407
            ],
            [
              -10.5054773,
              8.3488964
            ],
            [
              -10.2300936,
              8.4062056
            ],
            [
              -10.0165665,
              8.4285039
            ],
            [
              -9.7553422,
              8.5410552
            ],
            [
              -9.3372798,
              7.9285345
            ],
            [
              -9.4033482,
              7.5269052
            ],
            [
              -9.2087864,
              7.3139208
            ],
            [
              -8.9260646,
              7.3090374
            ],
            [
              -8.7221236,
              7.7116743
            ],
            [
              -8.4392985,
              7.6860428
            ],
            [
              -8.2807035,
              7.6871797
            ],
            [
              -8.2217924,
              8.1233288
            ],
            [
              -8.2990486,
              8.3164436
            ],
            [
              -8.2034989,
              8.4554532
            ],
            [
              -7.8321004,
              8.5757043
            ],
            [
              -8.0791137,
              9.3762239
            ],
            [
              -8.3096165,
              9.789532
            ],
            [
              -8.2293371,
              10.1290203
            ],
            [
              -8.0299436,
              10.2065349
            ],
            [
              -8.3353772,
              10.4948119
            ],
            [
              -8.2823571,
              10.7925974
            ],
            [
              -8.4073108,
              10.9092569
            ],
            [
              -8.620321,
              10.8108908
            ],
            [
              -8.5813053,
              11.1362456
            ],
            [
              -8.3763049,
              11.3936459
            ],
            [
              -8.786099,
              11.8125609
            ],
            [
              -8.9052649,
              12.0883581
            ],
            [
              -9.1274735,
              12.3080604
            ],
            [
              -9.3276163,
              12.3342862
            ],
            [
              -9.5679117,
              12.1942431
            ],
            [
              -9.8909928,
              12.0604786
            ],
            [
              -10.1652138,
              11.8440836
            ],
            [
              -10.5932238,
              11.9239753
            ],
            [
              -10.8708296,
              12.1778875
            ],
            [
              -11.036556,
              12.2112446
            ],
            [
              -11.2975736,
              12.0779711
            ],
            [
              -11.4561686,
              12.0768342
            ],
            [
              -11.5139428,
              12.4429876
            ],
            [
              -11.658301,
              12.3865827
            ],
            [
              -12.2035648,
              12.4656477
            ],
            [
              -12.278599,
              12.35444
            ],
            [
              -12.4990507,
              12.33209
            ],
            [
              -13.2178182,
              12.5758735
            ],
            [
              -13.700476,
              12.586183
            ]
          ]
        ]
      }
    }
  ]
}