{
  "type": "FeatureCollection",
  "features": [
    {
      "type": "Feature",
      "geometry": {
        "type": "Polygon",
        "coordinates": [
          [
            [
              9.6491582,
              2.2838661
            ],
            [
              9.3056132,
              1.1609114
            ],
            [
              9.4928886,
              1.0101195
            ],
            [
              9.8302841,
              1.0678938
            ],
            [
              11.285079,
              1.0576619
            ],
            [
              11.276449,
              2.2610509
            ],
            [
              9.6491582,
              2.2838661
            ]
          ]
        ]
      }
    }
  ]
}