{
  "type": "FeatureCollection",
  "name": "GS",
  "features": [
    {
      "type": "Feature",
      "geometry": {
        "type": "MultiPolygon",
        "coordinates": [
          [
            [
              [
                -37.10332031249999,
                -54.065625
              ],
              [
                -37.00605468749998,
                -54.1142578125
              ],
              [
                -36.92890624999998,
                -54.081152343750006
              ],
              [
                -36.84892578124999,
                -54.085058593750006
              ],
              [
                -36.80517578125,
                -54.101464843749994
              ],
              [
                -36.76005859374999,
                -54.10771484375002
              ],
              [
                -36.70380859374998,
                -54.10810546875001
              ],
              [
                -36.60688476562498,
                -54.18984375
              ],
              [
                -36.64741210937498,
                -54.262304687500006
              ],
              [
                -36.541015625,
                -54.248046875
              ],
              [
                -36.448632812499994,
                -54.30839843750002
              ],
              [
                -36.40673828125,
                -54.303320312500006
              ],
              [
                -36.385839843750006,
                -54.27890625
              ],
              [
                -36.32646484374999,
                -54.25117187500001
              ],
              [
                -36.285253906250006,
                -54.288671875
              ],
              [
                -36.23564453124999,
                -54.360449218750006
              ],
              [
                -36.172607421875,
                -54.382226562499994
              ],
              [
                -36.11689453124998,
                -54.45830078125002
              ],
              [
                -36.073144531249994,
                -54.554101562499994
              ],
              [
                -36.033105468749994,
                -54.56767578125002
              ],
              [
                -35.96464843749999,
                -54.56806640625001
              ],
              [
                -35.89531249999999,
                -54.554785156250006
              ],
              [
                -35.921533203124994,
                -54.6375
              ],
              [
                -35.91328124999998,
                -54.710839843749994
              ],
              [
                -35.798583984375,
                -54.76347656250002
              ],
              [
                -35.866943359375,
                -54.792382812499994
              ],
              [
                -35.93891601562498,
                -54.83427734375002
              ],
              [
                -36.08549804687499,
                -54.866796875
              ],
              [
                -36.123632812500006,
                -54.852929687499994
              ],
              [
                -36.251708984375,
                -54.779882812500006
              ],
              [
                -36.31147460937498,
                -54.69375
              ],
              [
                -36.44575195312498,
                -54.570703125
              ],
              [
                -36.472070312499994,
                -54.53447265625002
              ],
              [
                -36.50654296874998,
                -54.51123046875
              ],
              [
                -36.628125,
                -54.49609375
              ],
              [
                -36.734960937500006,
                -54.46660156250002
              ],
              [
                -36.823876953124994,
                -54.404296875
              ],
              [
                -36.851708984374994,
                -54.36601562500002
              ],
              [
                -36.885986328125,
                -54.339453125
              ],
              [
                -37.006738281249994,
                -54.340917968750006
              ],
              [
                -37.08281249999999,
                -54.3115234375
              ],
              [
                -37.158105468749994,
                -54.271484375
              ],
              [
                -37.49765625,
                -54.155859375
              ],
              [
                -37.63090820312499,
                -54.16748046875
              ],
              [
                -37.692285156249994,
                -54.134765625
              ],
              [
                -37.68901367187499,
                -54.076757812500006
              ],
              [
                -37.61884765624998,
                -54.042089843750006
              ],
              [
                -37.91279296874998,
                -54.02890625
              ],
              [
                -38.017431640625006,
                -54.00800781250001
              ],
              [
                -37.94550781249998,
                -53.99560546875
              ],
              [
                -37.53583984374998,
                -53.99375
              ],
              [
                -37.382226562499994,
                -53.98408203125001
              ],
              [
                -37.36875,
                -54.009179687499994
              ],
              [
                -37.2328125,
                -54.060546875
              ],
              [
                -37.10332031249999,
                -54.065625
              ]
            ]
          ],
          [
            [
              [
                -26.264111328124983,
                -58.43515625
              ],
              [
                -26.259863281249977,
                -58.492285156250006
              ],
              [
                -26.41533203124999,
                -58.43984375
              ],
              [
                -26.451025390625006,
                -58.41533203125002
              ],
              [
                -26.401220703125006,
                -58.383203125
              ],
              [
                -26.303466796875,
                -58.382226562499994
              ],
              [
                -26.279394531249977,
                -58.401757812499994
              ],
              [
                -26.264111328124983,
                -58.43515625
              ]
            ]
          ]
        ]
      }
    }
  ]
}