{
  "type": "FeatureCollection",
  "features": [
    {
      "type": "Feature",
      "geometry": {
        "type": "Polygon",
        "coordinates": [
          [
            [
              -92.22775,
              14.5388286
            ],
            [
              -91.6897467,
              14.1262182
            ],
            [
              -91.2324102,
              13.9278323
            ],
            [
              -90.608624,
              13.9097714
            ],
            [
              -90.0955546,
              13.7353376
            ],
            [
              -90.0646779,
              13.8819695
            ],
            [
              -89.721934,
              14.134228
            ],
            [
              -89.5342193,
              14.2448156
            ],
            [
              -89.5873427,
              14.3625862
            ],
            [
              -89.353326,
              14.4241328
            ],
            [
              -89.145535,
              14.6780191
            ],
            [
              -89.2252201,
              14.8742862
            ],
            [
              -89.154811,
              15.0664192
            ],
            [
              -88.6806797,
              15.3462471
            ],
            [
              -88.2250228,
              15.7277225
            ],
            [
              -88.518364,
              15.8553891
            ],
            [
              -88.6045861,
              15.7063801
            ],
            [
              -88.9306128,
              15.8872735
            ],
            [
              -89.2291217,
              15.8869376
            ],
            [
              -89.150806,
              17.0155767
            ],
            [
              -89.1430804,
              17.808319
            ],
            [
              -90.0679335,
              17.8193261
            ],
            [
              -91.0015199,
              17.8175949
            ],
            [
              -91.0022693,
              17.2546577
            ],
            [
              -91.4539213,
              17.2521772
            ],
            [
              -91.0816701,
              16.9184767
            ],
            [
              -90.7118219,
              16.687483
            ],
            [
              -90.6008467,
              16.4707779
            ],
            [
              -90.438867,
              16.4101098
            ],
            [
              -90.4644726,
              16.0695621
            ],
            [
              -91.7479602,
              16.0665648
            ],
            [
              -92.2292486,
              15.2514466
            ],
            [
              -92.0872159,
              15.0645847
            ],
            [
              -92.2032295,
              14.8301029
            ],
            [
              -92.22775,
              14.5388286
            ]
          ]
        ]
      }
    }
  ]
}