{
  "type": "FeatureCollection",
  "name": "GU",
  "features": [
    {
      "type": "Feature",
      "geometry": {
        "type": "MultiPolygon",
        "coordinates": [
          [
            [
              [
                144.74179687500003,
                13.25927734375
              ],
              [
                144.69951171875005,
                13.257519531249997
              ],
              [
                144.66279296875,
                13.291064453125003
              ],
              [
                144.65,
                13.3134765625
              ],
              [
                144.64931640625002,
                13.4287109375
              ],
              [
                144.79033203125005,
                13.52685546875
              ],
              [
                144.83671875000005,
                13.622363281250003
              ],
              [
                144.87539062500002,
                13.614648437499994
              ],
              [
                144.90966796875,
                13.599023437499994
              ],
              [
                144.94082031250002,
                13.5703125
              ],
              [
                144.77988281250003,
                13.4111328125
              ],
              [
                144.74179687500003,
                13.25927734375
              ]
            ]
          ]
        ]
      }
    }
  ]
}