{
  "type": "FeatureCollection",
  "features": [
    {
      "type": "Feature",
      "geometry": {
        "type": "Polygon",
        "coordinates": [
          [
            [
              -56.5393857,
              1.8995226
            ],
            [
              -57.1500978,
              2.7689269
            ],
            [
              -57.2814335,
              3.3334919
            ],
            [
              -57.601569,
              3.3346546
            ],
            [
              -58.0446944,
              4.0608636
            ],
            [
              -57.8602095,
              4.5768011
            ],
            [
              -57.9142889,
              4.8126265
            ],
            [
              -57.3072459,
              5.0735666
            ],
            [
              -57.1474365,
              5.9731499
            ],
            [
              -57.5422186,
              6.3212682
            ],
            [
              -58.0781032,
              6.8090937
            ],
            [
              -58.4548761,
              6.8327874
            ],
            [
              -58.4829622,
              7.3476914
            ],
            [
              -59.1016841,
              7.999202
            ],
            [
              -59.7582849,
              8.3670348
            ],
            [
              -60.5505879,
              7.779603
            ],
            [
              -60.6379728,
              7.4149999
            ],
            [
              -60.2956681,
              7.0439114
            ],
            [
              -60.5439992,
              6.8565844
            ],
            [
              -61.1593363,
              6.6960774
            ],
            [
              -61.139415,
              6.2342968
            ],
            [
              -61.4103029,
              5.9590681
            ],
            [
              -60.7335742,
              5.2002772
            ],
            [
              -60.2136834,
              5.2444864
            ],
            [
              -59.9809586,
              5.0140612
            ],
            [
              -60.1110024,
              4.5749665
            ],
            [
              -59.7674058,
              4.4235029
            ],
            [
              -59.5380399,
              3.9588026
            ],
            [
              -59.8154132,
              3.6064985
            ],
            [
              -59.9745249,
              2.7552327
            ],
            [
              -59.7185457,
              2.2496304
            ],
            [
              -59.6460437,
              1.7868938
            ],
            [
              -59.0308616,
              1.3176977
            ],
            [
              -58.540013,
              1.2680883
            ],
            [
              -58.4294771,
              1.463942
            ],
            [
              -58.1134499,
              1.5071951
            ],
            [
              -57.660971,
              1.6825849
            ],
            [
              -57.3358229,
              1.9485377
            ],
            [
              -56.7827042,
              1.8637108
            ],
            [
              -56.5393857,
              1.8995226
            ]
          ]
        ]
      }
    }
  ]
}