{
  "type": "FeatureCollection",
  "name": "HM",
  "features": [
    {
      "type": "Feature",
      "geometry": {
        "type": "MultiPolygon",
        "coordinates": [
          [
            [
              [
                73.70742187500002,
                -53.137109375
              ],
              [
                73.58798828125,
                -53.1845703125
              ],
              [
                73.46513671875002,
                -53.184179687500006
              ],
              [
                73.41328125000001,
                -53.14677734375002
              ],
              [
                73.33632812500002,
                -53.029882812500006
              ],
              [
                73.28544921875002,
                -53.021484375
              ],
              [
                73.25390625,
                -52.989355468750006
              ],
              [
                73.25117187500001,
                -52.97578125000001
              ],
              [
                73.3052734375,
                -52.96630859375
              ],
              [
                73.38808593750002,
                -52.999902343749994
              ],
              [
                73.58574218750002,
                -53.02714843750002
              ],
              [
                73.73125,
                -53.091210937499994
              ],
              [
                73.83779296875002,
                -53.11279296875
              ],
              [
                73.79511718750001,
                -53.1298828125
              ],
              [
                73.70742187500002,
                -53.137109375
              ]
            ]
          ]
        ]
      }
    }
  ]
}