{
  "type": "FeatureCollection",
  "features": [
    {
      "type": "Feature",
      "geometry": {
        "type": "Polygon",
        "coordinates": [
          [
            [
              -83.147219,
              14.9958292
            ],
            [
              -83.4103812,
              15.2709028
            ],
            [
              -83.7739766,
              15.4240718
            ],
            [
              -84.0630546,
              15.6482441
            ],
            [
              -84.3682556,
              15.8351578
            ],
            [
              -84.5269797,
              15.8572236
            ],
            [
              -84.9837219,
              15.9959232
            ],
            [
              -85.1824436,
              15.9091584
            ],
            [
              -85.4440039,
              15.885749
            ],
            [
              -85.6833174,
              15.9536518
            ],
            [
              -86.0019543,
              16.0054058
            ],
            [
              -86.119234,
              15.8934488
            ],
            [
              -86.4409456,
              15.7828354
            ],
            [
              -86.9031913,
              15.756713
            ],
            [
              -87.3677624,
              15.84694
            ],
            [
              -87.5229209,
              15.797279
            ],
            [
              -87.6156801,
              15.8787985
            ],
            [
              -87.9018125,
              15.8644583
            ],
            [
              -88.1211531,
              15.6886551
            ],
            [
              -88.2250228,
              15.7277225
            ],
            [
              -88.6806797,
              15.3462471
            ],
            [
              -89.154811,
              15.0664192
            ],
            [
              -89.2252201,
              14.8742862
            ],
            [
              -89.145535,
              14.6780191
            ],
            [
              -89.353326,
              14.4241328
            ],
            [
              -89.0585119,
              14.3400294
            ],
            [
              -88.8430729,
              14.1405067
            ],
            [
              -88.5412308,
              13.9801547
            ],
            [
              -88.503998,
              13.8454859
            ],
            [
              -88.0653426,
              13.964626
            ],
            [
              -87.8595153,
              13.8933125
            ],
            [
              -87.723503,
              13.7850504
            ],
            [
              -87.7931111,
              13.3844805
            ],
            [
              -87.4894087,
              13.2975349
            ],
            [
              -87.3166544,
              12.9846858
            ],
            [
              -87.005769,
              13.0257944
            ],
            [
              -86.880557,
              13.2542042
            ],
            [
              -86.7338218,
              13.2630926
            ],
            [
              -86.7550866,
              13.7548455
            ],
            [
              -86.5207082,
              13.7784875
            ],
            [
              -86.3121421,
              13.7713561
            ],
            [
              -86.0962638,
              14.0381874
            ],
            [
              -85.8012947,
              13.836055
            ],
            [
              -85.6986653,
              13.9600784
            ],
            [
              -85.514413,
              14.0790117
            ],
            [
              -85.1653645,
              14.3543696
            ],
            [
              -85.1487506,
              14.5601968
            ],
            [
              -85.0527874,
              14.551541
            ],
            [
              -84.9245007,
              14.7904929
            ],
            [
              -84.8200368,
              14.8195867
            ],
            [
              -84.6495821,
              14.6668053
            ],
            [
              -84.4493359,
              14.6216143
            ],
            [
              -84.2283416,
              14.7487641
            ],
            [
              -83.9757214,
              14.7494359
            ],
            [
              -83.628585,
              14.880074
            ],
            [
              -83.4899888,
              15.0162672
            ],
            [
              -83.147219,
              14.9958292
            ]
          ]
        ]
      }
    }
  ]
}