{
  "type": "FeatureCollection",
  "features": [
    {
      "type": "Feature",
      "geometry": {
        "type": "Polygon",
        "coordinates": [
          [
            [
              16.5648084,
              46.5037509
            ],
            [
              15.7687329,
              46.2381082
            ],
            [
              15.6715296,
              45.8341536
            ],
            [
              15.3239539,
              45.7317825
            ],
            [
              15.3276746,
              45.4523164
            ],
            [
              14.9352438,
              45.4716951
            ],
            [
              14.5951095,
              45.6349409
            ],
            [
              14.4119682,
              45.4661657
            ],
            [
              13.7150598,
              45.5003238
            ],
            [
              13.6794031,
              45.4841491
            ],
            [
              13.6569755,
              45.1369351
            ],
            [
              13.9522547,
              44.8021235
            ],
            [
              14.2587476,
              45.2337768
            ],
            [
              14.9016024,
              45.0760603
            ],
            [
              14.9203093,
              44.738484
            ],
            [
              15.3762504,
              44.3179154
            ],
            [
              15.174454,
              44.2431912
            ],
            [
              16.0153846,
              43.5072155
            ],
            [
              16.9300057,
              43.2099985
            ],
            [
              17.5099703,
              42.8499946
            ],
            [
              18.4500163,
              42.4799914
            ],
            [
              18.4500169,
              42.4799922
            ],
            [
              18.56,
              42.65
            ],
            [
              17.6749215,
              43.0285625
            ],
            [
              17.2973735,
              43.4463406
            ],
            [
              16.9161564,
              43.6677225
            ],
            [
              16.4564429,
              44.0412397
            ],
            [
              16.2396603,
              44.3511433
            ],
            [
              15.7500261,
              44.8187117
            ],
            [
              15.9593673,
              45.2337768
            ],
            [
              16.3181568,
              45.0041267
            ],
            [
              16.5349394,
              45.2116076
            ],
            [
              17.002146,
              45.2337768
            ],
            [
              17.8617835,
              45.0677404
            ],
            [
              18.5532141,
              45.0815897
            ],
            [
              19.0054846,
              44.8602345
            ],
            [
              19.3904757,
              45.2365156
            ],
            [
              19.072769,
              45.5215111
            ],
            [
              18.8298248,
              45.9088724
            ],
            [
              18.4560625,
              45.7594811
            ],
            [
              17.6300664,
              45.9517691
            ],
            [
              16.8825151,
              46.3806318
            ],
            [
              16.5648084,
              46.5037509
            ]
          ]
        ]
      }
    }
  ]
}