{
  "type": "FeatureCollection",
  "features": [
    {
      "type": "Feature",
      "geometry": {
        "type": "MultiPolygon",
        "coordinates": [
          [
            [
              [
                122.9275668,
                0.8751924
              ],
              [
                121.6668168,
                1.0139436
              ],
              [
                120.8857793,
                1.3092227
              ],
              [
                120.0357019,
                0.5664774
              ],
              [
                119.825999,
                0.1542545
              ],
              [
                119.323394,
                -1.3531471
              ],
              [
                119.1809737,
                -2.1471038
              ],
              [
                118.767769,
                -2.8019992
              ],
              [
                119.0783444,
                -3.487022
              ],
              [
                119.4988355,
                -3.4944117
              ],
              [
                119.6536064,
                -4.4594174
              ],
              [
                119.3669056,
                -5.379878
              ],
              [
                119.7965434,
                -5.6734002
              ],
              [
                120.4307166,
                -5.5282411
              ],
              [
                120.3900472,
                -4.097579
              ],
              [
                120.3054529,
                -2.9316037
              ],
              [
                120.972389,
                -2.6276429
              ],
              [
                120.8981816,
                -3.6021054
              ],
              [
                121.6191712,
                -4.1884779
              ],
              [
                121.4894633,
                -4.5745525
              ],
              [
                121.7382337,
                -4.8513315
              ],
              [
                122.7195691,
                -4.4641716
              ],
              [
                122.2363945,
                -5.282933
              ],
              [
                122.6285153,
                -5.6345912
              ],
              [
                123.1623328,
                -5.3406039
              ],
              [
                123.1709628,
                -4.6836931
              ],
              [
                122.2718962,
                -3.5295
              ],
              [
                122.4545724,
                -3.1860584
              ],
              [
                121.5082736,
                -1.9044829
              ],
              [
                122.3885299,
                -1.516858
              ],
              [
                122.8227153,
                -0.9309506
              ],
              [
                123.2583993,
                -1.0762131
              ],
              [
                123.3405648,
                -0.6156727
              ],
              [
                121.4758208,
                -0.955962
              ],
              [
                120.9359054,
                -1.4089059
              ],
              [
                120.0408696,
                -0.5196579
              ],
              [
                120.1830831,
                0.2372468
              ],
              [
                121.0567249,
                0.3812174
              ],
              [
                122.7230831,
                0.4311368
              ],
              [
                123.685505,
                0.2355932
              ],
              [
                124.4370354,
                0.4278812
              ],
              [
                125.2405005,
                1.4198361
              ],
              [
                125.0659892,
                1.6432592
              ],
              [
                124.0775224,
                0.917102
              ],
              [
                122.9275668,
                0.8751924
              ]
            ]
          ],
          [
            [
              [
                117.8820349,
                4.1375514
              ],
              [
                117.0152145,
                4.3060941
              ],
              [
                115.8655172,
                4.3065591
              ],
              [
                115.5190784,
                3.1692384
              ],
              [
                115.1340373,
                2.8214818
              ],
              [
                114.6213554,
                1.4306882
              ],
              [
                113.8058496,
                1.2175487
              ],
              [
                112.8598092,
                1.49779
              ],
              [
                112.3802519,
                1.410121
              ],
              [
                111.7975485,
                0.9044412
              ],
              [
                111.1591378,
                0.9764782
              ],
              [
                110.5140609,
                0.7731314
              ],
              [
                109.8302267,
                1.3381357
              ],
              [
                109.6632601,
                2.006467
              ],
              [
                109.0691362,
                1.3419339
              ],
              [
                108.9526575,
                0.4153755
              ],
              [
                109.0918738,
                -0.4595065
              ],
              [
                109.5719479,
                -1.3149065
              ],
              [
                110.0709355,
                -1.592874
              ],
              [
                110.2238461,
                -2.9340325
              ],
              [
                111.0482402,
                -3.049426
              ],
              [
                111.7032906,
                -2.9944422
              ],
              [
                112.0681263,
                -3.478392
              ],
              [
                113.2569943,
                -3.1187757
              ],
              [
                113.7556718,
                -3.4391696
              ],
              [
                114.4686516,
                -3.4957036
              ],
              [
                114.8648031,
                -4.1069841
              ],
              [
                116.0008578,
                -3.6570374
              ],
              [
                116.1480839,
                -4.0127263
              ],
              [
                116.5337968,
                -2.4835173
              ],
              [
                116.5600485,
                -1.4876608
              ],
              [
                117.5216435,
                -0.8037232
              ],
              [
                117.4783387,
                0.1024747
              ],
              [
                117.8118584,
                0.7842418
              ],
              [
                118.9967473,
                0.9022191
              ],
              [
                117.8756271,
                1.8276407
              ],
              [
                118.0483297,
                2.2876901
              ],
              [
                117.3132325,
                3.2344282
              ],
              [
                117.8820349,
                4.1375514
              ]
            ]
          ],
          [
            [
              [
                141.0002104,
                -2.6001511
              ],
              [
                139.9266842,
                -2.4090516
              ],
              [
                139.1849207,
                -2.0512957
              ],
              [
                138.3297274,
                -1.7026865
              ],
              [
                137.4407377,
                -1.7035133
              ],
              [
                136.2933142,
                -2.3070423
              ],
              [
                135.457603,
                -3.3677528
              ],
              [
                134.4226274,
                -2.7691847
              ],
              [
                134.143368,
                -1.1518674
              ],
              [
                133.9855481,
                -0.7802105
              ],
              [
                132.3801164,
                -0.3695379
              ],
              [
                131.8675379,
                -0.6954611
              ],
              [
                130.5195581,
                -0.9377202
              ],
              [
                130.9428398,
                -1.4325221
              ],
              [
                131.836222,
                -1.617162
              ],
              [
                132.2323735,
                -2.2125261
              ],
              [
                133.6962118,
                -2.2145415
              ],
              [
                133.780031,
                -2.4798483
              ],
              [
                133.0668445,
                -2.460418
              ],
              [
                131.9898043,
                -2.820551
              ],
              [
                132.7537887,
                -3.3117872
              ],
              [
                132.756941,
                -3.7462826
              ],
              [
                132.9839555,
                -4.1129786
              ],
              [
                133.3677047,
                -4.0248186
              ],
              [
                133.6628805,
                -3.5388534
              ],
              [
                135.1645976,
                -4.4629314
              ],
              [
                135.9892501,
                -4.5465439
              ],
              [
                137.9278398,
                -5.3933656
              ],
              [
                138.4079139,
                -6.2328492
              ],
              [
                138.6686215,
                -7.3202247
              ],
              [
                138.0390992,
                -7.5978822
              ],
              [
                137.6144739,
                -8.4116826
              ],
              [
                138.8814767,
                -8.3809352
              ],
              [
                139.1277666,
                -8.096043
              ],
              [
                140.1434152,
                -8.2971677
              ],
              [
                141.0338518,
                -9.1178928
              ],
              [
                141.0170569,
                -5.8590219
              ],
              [
                141.0002104,
                -2.6001511
              ]
            ]
          ],
          [
            [
              [
                104.3699915,
                -1.084843
              ],
              [
                104.0107886,
                -1.0592115
              ],
              [
                103.4376453,
                -0.7119459
              ],
              [
                103.838396,
                0.1045417
              ],
              [
                103.0768404,
                0.5613614
              ],
              [
                102.4982711,
                1.3987005
              ],
              [
                101.6580123,
                2.0836974
              ],
              [
                100.6414335,
                2.0993812
              ],
              [
                99.6939978,
                3.1743285
              ],
              [
                99.1425586,
                3.5903496
              ],
              [
                98.3691691,
                4.2683703
              ],
              [
                97.484882,
                5.2463209
              ],
              [
                95.9368628,
                5.4395133
              ],
              [
                95.2930262,
                5.4798209
              ],
              [
                95.3808761,
                4.9707822
              ],
              [
                96.4240166,
                3.8688598
              ],
              [
                97.1769422,
                3.3087906
              ],
              [
                97.6995976,
                2.4531839
              ],
              [
                98.6013514,
                1.8235066
              ],
              [
                98.970011,
                1.0428824
              ],
              [
                99.2637399,
                0.1831416
              ],
              [
                100.1419808,
                -0.6503476
              ],
              [
                100.9025029,
                -2.0502621
              ],
              [
                101.3991134,
                -2.7997771
              ],
              [
                102.1561731,
                -3.614146
              ],
              [
                102.5842607,
                -4.2202589
              ],
              [
                103.8682133,
                -5.037315
              ],
              [
                104.7103841,
                -5.8732846
              ],
              [
                105.8176551,
                -5.8523556
              ],
              [
                105.8574459,
                -4.305525
              ],
              [
                106.1085934,
                -3.0617766
              ],
              [
                105.6221114,
                -2.4288437
              ],
              [
                104.8878927,
                -2.3404253
              ],
              [
                104.5394902,
                -1.7823715
              ],
              [
                104.3699915,
                -1.084843
              ]
            ]
          ],
          [
            [
              [
                108.4868461,
                -6.421985
              ],
              [
                108.0720911,
                -6.3457622
              ],
              [
                107.2650086,
                -5.954985
              ],
              [
                106.0516459,
                -5.8959189
              ],
              [
                105.3654863,
                -6.8514161
              ],
              [
                106.2806242,
                -6.9249
              ],
              [
                106.454102,
                -7.3548996
              ],
              [
                108.2777633,
                -7.7666574
              ],
              [
                108.6936552,
                -7.6416004
              ],
              [
                109.4276673,
                -7.7406642
              ],
              [
                110.5861495,
                -8.1226047
              ],
              [
                111.5220614,
                -8.3021286
              ],
              [
                112.5596725,
                -8.3761809
              ],
              [
                113.4647335,
                -8.3489474
              ],
              [
                114.5645113,
                -8.7518169
              ],
              [
                115.705527,
                -8.3708066
              ],
              [
                114.4789352,
                -7.7765276
              ],
              [
                112.9787683,
                -7.5942131
              ],
              [
                112.6148112,
                -6.9460357
              ],
              [
                110.7595756,
                -6.4651865
              ],
              [
                110.5392273,
                -6.8773577
              ],
              [
                108.6234786,
                -6.7776738
              ],
              [
                108.4868461,
                -6.421985
              ]
            ]
          ],
          [
            [
              [
                127.9323776,
                2.1745963
              ],
              [
                127.6005115,
                1.8106908
              ],
              [
                127.3994902,
                1.0117215
              ],
              [
                127.6964746,
                -0.2665984
              ],
              [
                128.1000159,
                -0.8999964
              ],
              [
                128.3799988,
                -0.7800038
              ],
              [
                127.9680343,
                -0.2520773
              ],
              [
                128.1201697,
                0.3564127
              ],
              [
                128.6359522,
                0.2584858
              ],
              [
                128.6882487,
                1.132386
              ],
              [
                128.5945594,
                1.5408107
              ],
              [
                128.0041561,
                1.6285314
              ],
              [
                127.9323776,
                2.1745963
              ]
            ]
          ],
          [
            [
              [
                118.2606165,
                -8.3623833
              ],
              [
                117.9000183,
                -8.0956812
              ],
              [
                117.6320244,
                -8.4493031
              ],
              [
                117.0837374,
                -8.4571579
              ],
              [
                116.7401408,
                -9.0329367
              ],
              [
                117.2777307,
                -9.0408949
              ],
              [
                117.9704016,
                -8.9066395
              ],
              [
                119.1265068,
                -8.7058249
              ],
              [
                118.8784599,
                -8.2806829
              ],
              [
                118.2606165,
                -8.3623833
              ]
            ]
          ],
          [
            [
              [
                124.9686825,
                -8.8927902
              ],
              [
                123.980009,
                -9.290027
              ],
              [
                123.5500094,
                -9.9000156
              ],
              [
                123.459989,
                -10.2399948
              ],
              [
                123.5799817,
                -10.3599875
              ],
              [
                124.4359501,
                -10.1400009
              ],
              [
                125.0885201,
                -9.3931731
              ],
              [
                125.07002,
                -9.0899875
              ],
              [
                124.9686825,
                -8.8927902
              ]
            ]
          ],
          [
            [
              [
                129.3709978,
                -2.8021542
              ],
              [
                128.1358793,
                -2.8436504
              ],
              [
                127.8988912,
                -3.393436
              ],
              [
                128.5906836,
                -3.4286793
              ],
              [
                129.1552487,
                -3.3626368
              ],
              [
                129.9905465,
                -3.446301
              ],
              [
                130.8348361,
                -3.8584722
              ],
              [
                130.471344,
                -3.0937643
              ],
              [
                129.3709978,
                -2.8021542
              ]
            ]
          ],
          [
            [
              [
                121.3416687,
                -8.5367396
              ],
              [
                120.715092,
                -8.2369646
              ],
              [
                119.9209286,
                -8.4448589
              ],
              [
                119.9243909,
                -8.810418
              ],
              [
                121.2544906,
                -8.9336663
              ],
              [
                122.7569829,
                -8.6498076
              ],
              [
                122.9035372,
                -8.0942343
              ],
              [
                122.0073645,
                -8.4606202
              ],
              [
                121.3416687,
                -8.5367396
              ]
            ]
          ],
          [
            [
              [
                134.2101339,
                -6.8952377
              ],
              [
                134.7246245,
                -6.2144007
              ],
              [
                134.7270016,
                -5.7375823
              ],
              [
                134.4996253,
                -5.445042
              ],
              [
                134.2903357,
                -5.7830575
              ],
              [
                134.1127755,
                -6.1424671
              ],
              [
                134.2101339,
                -6.8952377
              ]
            ]
          ],
          [
            [
              [
                120.2950143,
                -10.25865
              ],
              [
                120.7156088,
                -10.2395814
              ],
              [
                120.7755017,
                -9.9696754
              ],
              [
                120.4257556,
                -9.6659213
              ],
              [
                119.9003097,
                -9.3613404
              ],
              [
                118.9678085,
                -9.5579693
              ],
              [
                120.2950143,
                -10.25865
              ]
            ]
          ],
          [
            [
              [
                126.8749227,
                -3.7909828
              ],
              [
                127.2492151,
                -3.459065
              ],
              [
                127.0006515,
                -3.1293177
              ],
              [
                125.9890336,
                -3.1772735
              ],
              [
                126.1838021,
                -3.6073764
              ],
              [
                126.8749227,
                -3.7909828
              ]
            ]
          ]
        ]
      }
    }
  ]
}