{
  "type": "FeatureCollection",
  "features": [
    {
      "type": "Feature",
      "geometry": {
        "type": "Polygon",
        "coordinates": [
          [
            [
              -6.1978849,
              53.867565
            ],
            [
              -6.9537302,
              54.0737023
            ],
            [
              -7.5721679,
              54.0599564
            ],
            [
              -7.3660306,
              54.595841
            ],
            [
              -7.5721679,
              55.1316222
            ],
            [
              -8.3279874,
              54.6645189
            ],
            [
              -9.6885245,
              53.8813626
            ],
            [
              -9.1662825,
              52.8646288
            ],
            [
              -9.9770857,
              51.8204548
            ],
            [
              -8.5616166,
              51.6693013
            ],
            [
              -6.7888566,
              52.2601179
            ],
            [
              -6.0329854,
              53.1531642
            ],
            [
              -6.1978849,
              53.867565
            ]
          ]
        ]
      }
    }
  ]
}