{
  "type": "FeatureCollection",
  "features": [
    {
      "type": "Feature",
      "geometry": {
        "type": "Polygon",
        "coordinates": [
          [
            [
              35.7199182,
              32.7091924
            ],
            [
              35.700798,
              32.7160137
            ],
            [
              35.8363969,
              32.8681233
            ],
            [
              35.8211007,
              33.2774265
            ],
            [
              35.5527967,
              33.2642748
            ],
            [
              35.4607093,
              33.08904
            ],
            [
              35.1260527,
              33.0909004
            ],
            [
              35.0984575,
              33.0805393
            ],
            [
              34.9554171,
              32.8273764
            ],
            [
              34.7525871,
              32.0729263
            ],
            [
              34.4881071,
              31.6055388
            ],
            [
              34.5563717,
              31.548824
            ],
            [
              34.2654334,
              31.2193609
            ],
            [
              34.2654347,
              31.2193573
            ],
            [
              34.26544,
              31.21936
            ],
            [
              34.8232433,
              29.7610808
            ],
            [
              34.9226026,
              29.5013262
            ],
            [
              35.4209184,
              31.1000658
            ],
            [
              35.3975607,
              31.489086
            ],
            [
              34.9274085,
              31.3534354
            ],
            [
              34.9705066,
              31.6167785
            ],
            [
              35.2258916,
              31.7543411
            ],
            [
              34.9746407,
              31.8665823
            ],
            [
              35.1839303,
              32.5325107
            ],
            [
              35.5456653,
              32.393992
            ],
            [
              35.7199182,
              32.7091924
            ]
          ]
        ]
      }
    }
  ]
}