{
  "type": "FeatureCollection",
  "name": "IM",
  "features": [
    {
      "type": "Feature",
      "geometry": {
        "type": "MultiPolygon",
        "coordinates": [
          [
            [
              [
                -4.412060546874983,
                54.185351562499996
              ],
              [
                -4.6142578125,
                54.05869140625
              ],
              [
                -4.696093749999989,
                54.0814453125
              ],
              [
                -4.765771484374994,
                54.06943359375
              ],
              [
                -4.785351562499983,
                54.073046875
              ],
              [
                -4.745556640624983,
                54.118798828125
              ],
              [
                -4.69873046875,
                54.224902343749996
              ],
              [
                -4.614843749999977,
                54.266943359375
              ],
              [
                -4.508642578124977,
                54.376708984375
              ],
              [
                -4.424707031249994,
                54.407177734375
              ],
              [
                -4.395556640624989,
                54.4029296875
              ],
              [
                -4.377197265625,
                54.392578125
              ],
              [
                -4.337988281249977,
                54.269091796874996
              ],
              [
                -4.392285156249983,
                54.225390625
              ],
              [
                -4.412060546874983,
                54.185351562499996
              ]
            ]
          ]
        ]
      }
    }
  ]
}