{
  "type": "FeatureCollection",
  "features": [
    {
      "type": "Feature",
      "geometry": {
        "type": "Polygon",
        "coordinates": [
          [
            [
              97.3271139,
              28.2615827
            ],
            [
              96.2488334,
              28.411031
            ],
            [
              96.5865906,
              28.8309795
            ],
            [
              96.1176787,
              29.452802
            ],
            [
              95.4048023,
              29.0317166
            ],
            [
              94.5659904,
              29.2774381
            ],
            [
              93.4133476,
              28.6406294
            ],
            [
              92.5031189,
              27.8968763
            ],
            [
              91.6966565,
              27.7717418
            ],
            [
              92.1037118,
              27.452614
            ],
            [
              92.0334835,
              26.8383105
            ],
            [
              91.2175126,
              26.8086482
            ],
            [
              90.3732748,
              26.8757242
            ],
            [
              89.7445276,
              26.719403
            ],
            [
              88.8356425,
              27.0989664
            ],
            [
              88.8142485,
              27.2993159
            ],
            [
              88.730326,
              28.0868647
            ],
            [
              88.1204407,
              27.8765417
            ],
            [
              88.0431328,
              27.4458186
            ],
            [
              88.1748043,
              26.8104052
            ],
            [
              88.0602377,
              26.4146154
            ],
            [
              87.227472,
              26.3978981
            ],
            [
              86.0243929,
              26.6309846
            ],
            [
              85.2517786,
              26.7261984
            ],
            [
              84.6750179,
              27.2349012
            ],
            [
              83.3042489,
              27.3645057
            ],
            [
              81.9999874,
              27.9254792
            ],
            [
              81.0572026,
              28.4160953
            ],
            [
              80.0884245,
              28.7944701
            ],
            [
              80.4767212,
              29.7298652
            ],
            [
              81.1112561,
              30.1834809
            ],
            [
              79.7213668,
              30.8827147
            ],
            [
              78.7388945,
              31.5159061
            ],
            [
              78.4584465,
              32.6181644
            ],
            [
              79.1761288,
              32.4837798
            ],
            [
              79.2088916,
              32.9943946
            ],
            [
              78.8110865,
              33.506198
            ],
            [
              78.9122689,
              34.3219363
            ],
            [
              77.8374508,
              35.4940095
            ],
            [
              76.8717216,
              34.653544
            ],
            [
              75.757061,
              34.5049226
            ],
            [
              74.2402027,
              34.748887
            ],
            [
              73.7499484,
              34.3176989
            ],
            [
              74.1042937,
              33.4414733
            ],
            [
              74.4515593,
              32.7648996
            ],
            [
              75.2586418,
              32.2711055
            ],
            [
              74.405929,
              31.6926395
            ],
            [
              74.4213802,
              30.9798148
            ],
            [
              73.4506385,
              29.9764135
            ],
            [
              72.8237517,
              28.9615917
            ],
            [
              71.7776656,
              27.9131802
            ],
            [
              70.6164962,
              27.9891963
            ],
            [
              69.5143929,
              26.9409657
            ],
            [
              70.1689266,
              26.4918716
            ],
            [
              70.2828732,
              25.7222287
            ],
            [
              70.8446993,
              25.215102
            ],
            [
              71.0432402,
              24.356524
            ],
            [
              68.8425993,
              24.3591336
            ],
            [
              68.1766451,
              23.691965
            ],
            [
              69.3495968,
              22.8431796
            ],
            [
              69.6449276,
              22.4507746
            ],
            [
              69.1641301,
              22.089298
            ],
            [
              70.4704586,
              20.8773306
            ],
            [
              71.1752735,
              20.7574413
            ],
            [
              72.6305335,
              21.3560094
            ],
            [
              72.8244751,
              20.4195033
            ],
            [
              72.8209095,
              19.2082335
            ],
            [
              73.1199093,
              17.9285701
            ],
            [
              73.5341993,
              15.9906522
            ],
            [
              74.4438595,
              14.6172218
            ],
            [
              74.6167172,
              13.9925829
            ],
            [
              74.8648157,
              12.7419357
            ],
            [
              75.3961011,
              11.781245
            ],
            [
              75.7464673,
              11.3082506
            ],
            [
              76.1300615,
              10.29963
            ],
            [
              76.592979,
              8.8992762
            ],
            [
              77.5398979,
              7.9655348
            ],
            [
              77.9411654,
              8.2529591
            ],
            [
              78.2779407,
              8.9330468
            ],
            [
              79.1897197,
              9.2165437
            ],
            [
              78.8853455,
              9.546136
            ],
            [
              79.3405115,
              10.3088543
            ],
            [
              79.8579993,
              10.3572751
            ],
            [
              79.8625468,
              12.0562153
            ],
            [
              80.2862936,
              13.0062607
            ],
            [
              80.2332736,
              13.8357708
            ],
            [
              80.0250692,
              15.1364149
            ],
            [
              80.3248959,
              15.8991849
            ],
            [
              80.7919991,
              15.9519724
            ],
            [
              81.6927194,
              16.3102192
            ],
            [
              82.1912419,
              16.5566641
            ],
            [
              82.1927922,
              17.0166361
            ],
            [
              83.1892172,
              17.6712214
            ],
            [
              83.9410059,
              18.3020098
            ],
            [
              85.0602657,
              19.4785788
            ],
            [
              86.499351,
              20.1516385
            ],
            [
              87.0331686,
              20.7433078
            ],
            [
              86.9757044,
              21.4955616
            ],
            [
              88.2084973,
              21.7031717
            ],
            [
              88.8887659,
              21.6905885
            ],
            [
              89.0319613,
              22.0557083
            ],
            [
              88.8763119,
              22.8791464
            ],
            [
              88.5297697,
              23.6311419
            ],
            [
              88.6999402,
              24.2337149
            ],
            [
              88.0844222,
              24.5016572
            ],
            [
              88.3063725,
              24.8660794
            ],
            [
              88.931554,
              25.2386923
            ],
            [
              88.2097893,
              25.7680657
            ],
            [
              88.5630494,
              26.4465256
            ],
            [
              89.355094,
              26.0144073
            ],
            [
              89.8324809,
              25.9650821
            ],
            [
              89.9206926,
              25.2697499
            ],
            [
              90.8722107,
              25.1326006
            ],
            [
              91.799596,
              25.1474317
            ],
            [
              92.3762016,
              24.9766928
            ],
            [
              91.9150928,
              24.1304137
            ],
            [
              91.4677299,
              24.0726395
            ],
            [
              91.1589633,
              23.5035269
            ],
            [
              91.7064751,
              22.985264
            ],
            [
              91.8699276,
              23.6243464
            ],
            [
              92.1460348,
              23.6274987
            ],
            [
              92.672721,
              22.0412389
            ],
            [
              93.1661276,
              22.2784596
            ],
            [
              93.0602942,
              22.7031107
            ],
            [
              93.2863269,
              23.0436584
            ],
            [
              93.3251876,
              24.0785564
            ],
            [
              94.106742,
              23.8507409
            ],
            [
              94.5526579,
              24.6752383
            ],
            [
              94.6032491,
              25.1624954
            ],
            [
              95.1551534,
              26.0013073
            ],
            [
              95.1247677,
              26.5735721
            ],
            [
              96.4193657,
              27.2645893
            ],
            [
              97.1339991,
              27.0837735
            ],
            [
              97.0519886,
              27.6990589
            ],
            [
              97.4025615,
              27.8825361
            ],
            [
              97.3271139,
              28.2615827
            ]
          ]
        ]
      }
    }
  ]
}