{
  "type": "FeatureCollection",
  "name": "IO",
  "features": [
    {
      "type": "Feature",
      "geometry": {
        "type": "MultiPolygon",
        "coordinates": [
          [
            [
              [
                72.49199218750002,
                -7.37744140625
              ],
              [
                72.46875,
                -7.417187500000011
              ],
              [
                72.42910156250002,
                -7.435351562500003
              ],
              [
                72.40761718750002,
                -7.33447265625
              ],
              [
                72.34970703125,
                -7.263378906250011
              ],
              [
                72.37285156250002,
                -7.263378906250011
              ],
              [
                72.42744140625001,
                -7.2998046875
              ],
              [
                72.447265625,
                -7.395703125000011
              ],
              [
                72.46718750000002,
                -7.367578125
              ],
              [
                72.46220703125002,
                -7.337792968750009
              ],
              [
                72.47373046875,
                -7.309667968750006
              ],
              [
                72.4654296875,
                -7.278222656250009
              ],
              [
                72.43574218750001,
                -7.230273437500003
              ],
              [
                72.44560546875002,
                -7.220410156250011
              ],
              [
                72.49355468750002,
                -7.26171875
              ],
              [
                72.49853515625,
                -7.294824218750009
              ],
              [
                72.49199218750002,
                -7.37744140625
              ]
            ]
          ]
        ]
      }
    }
  ]
}