{
  "type": "FeatureCollection",
  "features": [
    {
      "type": "Feature",
      "geometry": {
        "type": "Polygon",
        "coordinates": [
          [
            [
              39.1954684,
              32.1610088
            ],
            [
              40.3999943,
              31.8899918
            ],
            [
              41.8899809,
              31.1900087
            ],
            [
              44.7094987,
              29.1788911
            ],
            [
              46.5687134,
              29.0990252
            ],
            [
              47.3026221,
              30.0590699
            ],
            [
              47.9745191,
              29.9758192
            ],
            [
              48.5679712,
              29.9267783
            ],
            [
              48.0145683,
              30.4524568
            ],
            [
              48.0046981,
              30.9851374
            ],
            [
              47.6852861,
              30.9848532
            ],
            [
              47.8492037,
              31.7091759
            ],
            [
              47.3346615,
              32.4691554
            ],
            [
              46.1093616,
              33.0172873
            ],
            [
              45.4166907,
              33.9677978
            ],
            [
              45.6484595,
              34.7481377
            ],
            [
              46.151788,
              35.0932588
            ],
            [
              46.0763404,
              35.6773833
            ],
            [
              45.4206181,
              35.9775459
            ],
            [
              44.7726771,
              37.1704369
            ],
            [
              44.2934518,
              37.0015144
            ],
            [
              43.9422587,
              37.2562275
            ],
            [
              42.7791256,
              37.3852636
            ],
            [
              42.3495911,
              37.2298725
            ],
            [
              41.8370642,
              36.6058538
            ],
            [
              41.2897075,
              36.3588146
            ],
            [
              41.3839653,
              35.6283166
            ],
            [
              41.0061589,
              34.4193723
            ],
            [
              38.7923405,
              33.3786864
            ],
            [
              39.1954684,
              32.1610088
            ]
          ]
        ]
      }
    }
  ]
}