{
  "type": "FeatureCollection",
  "features": [
    {
      "type": "Feature",
      "geometry": {
        "type": "Polygon",
        "coordinates": [
          [
            [
              48.5679712,
              29.9267783
            ],
            [
              48.9413334,
              30.3170904
            ],
            [
              49.5768502,
              29.9857152
            ],
            [
              50.1150086,
              30.1477725
            ],
            [
              50.852948,
              28.8145206
            ],
            [
              51.5207626,
              27.8656896
            ],
            [
              52.4835979,
              27.5808491
            ],
            [
              53.493097,
              26.8123689
            ],
            [
              54.7150896,
              26.4806579
            ],
            [
              55.7237102,
              26.9646335
            ],
            [
              56.4921387,
              27.1433048
            ],
            [
              56.9707658,
              26.9661063
            ],
            [
              57.3972514,
              25.739902
            ],
            [
              58.5257613,
              25.6099617
            ],
            [
              59.6161341,
              25.3801566
            ],
            [
              61.4973629,
              25.078237
            ],
            [
              61.8741875,
              26.2399749
            ],
            [
              63.3166317,
              26.7565325
            ],
            [
              63.2338977,
              27.217047
            ],
            [
              62.7554257,
              27.3789234
            ],
            [
              62.7278304,
              28.2596449
            ],
            [
              61.7718681,
              28.6993338
            ],
            [
              61.3693087,
              29.3032763
            ],
            [
              60.8742485,
              29.829239
            ],
            [
              61.7812216,
              30.7358503
            ],
            [
              61.6993144,
              31.3795061
            ],
            [
              60.9419446,
              31.5480747
            ],
            [
              60.8636548,
              32.1829196
            ],
            [
              60.5360779,
              32.9812688
            ],
            [
              60.9637004,
              33.5288323
            ],
            [
              60.5284298,
              33.676446
            ],
            [
              60.8031934,
              34.4041019
            ],
            [
              61.2108171,
              35.6500723
            ],
            [
              61.1230705,
              36.4915972
            ],
            [
              60.377638,
              36.5273831
            ],
            [
              59.234762,
              37.412988
            ],
            [
              58.4361544,
              37.5223095
            ],
            [
              57.3304338,
              38.0292294
            ],
            [
              56.6193661,
              38.1213944
            ],
            [
              56.1803748,
              37.9351267
            ],
            [
              55.5115784,
              37.9641171
            ],
            [
              54.800304,
              37.3924208
            ],
            [
              53.9215979,
              37.1989184
            ],
            [
              53.8257898,
              36.9650308
            ],
            [
              52.2640247,
              36.7004217
            ],
            [
              50.8423544,
              36.8728142
            ],
            [
              50.1477714,
              37.3745666
            ],
            [
              49.1996123,
              37.5828743
            ],
            [
              48.8832491,
              38.3202453
            ],
            [
              48.6343754,
              38.2703775
            ],
            [
              48.0107443,
              38.7940148
            ],
            [
              48.3555294,
              39.288765
            ],
            [
              48.0600952,
              39.5822354
            ],
            [
              47.6850794,
              39.508364
            ],
            [
              46.5057198,
              38.7706054
            ],
            [
              46.1436231,
              38.7412015
            ],
            [
              45.4577218,
              38.8741391
            ],
            [
              44.952688,
              39.3357647
            ],
            [
              44.7939897,
              39.7130026
            ],
            [
              44.1092253,
              39.4281363
            ],
            [
              44.4214026,
              38.2812812
            ],
            [
              44.2257556,
              37.9715844
            ],
            [
              44.77267,
              37.17045
            ],
            [
              44.7726771,
              37.1704369
            ],
            [
              45.4206181,
              35.9775459
            ],
            [
              46.0763404,
              35.6773833
            ],
            [
              46.151788,
              35.0932588
            ],
            [
              45.6484595,
              34.7481377
            ],
            [
              45.4166907,
              33.9677978
            ],
            [
              46.1093616,
              33.0172873
            ],
            [
              47.3346615,
              32.4691554
            ],
            [
              47.8492037,
              31.7091759
            ],
            [
              47.6852861,
              30.9848532
            ],
            [
              48.0046981,
              30.9851374
            ],
            [
              48.0145683,
              30.4524568
            ],
            [
              48.5679712,
              29.9267783
            ]
          ]
        ]
      }
    }
  ]
}