{
  "type": "FeatureCollection",
  "features": [
    {
      "type": "Feature",
      "geometry": {
        "type": "Polygon",
        "coordinates": [
          [
            [
              -14.5086954,
              66.4558922
            ],
            [
              -16.167819,
              66.5267923
            ],
            [
              -17.7986238,
              65.9938533
            ],
            [
              -19.0568416,
              66.2766009
            ],
            [
              -20.5762837,
              65.7321121
            ],
            [
              -22.1349225,
              66.4104687
            ],
            [
              -23.6505147,
              66.262519
            ],
            [
              -24.326184,
              65.6111893
            ],
            [
              -22.2274233,
              65.3785937
            ],
            [
              -22.1844026,
              65.0849682
            ],
            [
              -23.9550439,
              64.8911299
            ],
            [
              -21.7784843,
              64.4021158
            ],
            [
              -22.762972,
              63.9601789
            ],
            [
              -19.9727547,
              63.643635
            ],
            [
              -18.6562459,
              63.496383
            ],
            [
              -17.794438,
              63.6787491
            ],
            [
              -14.9098337,
              64.3640819
            ],
            [
              -13.6097322,
              65.126671
            ],
            [
              -14.7396374,
              65.8087483
            ],
            [
              -14.5086954,
              66.4558922
            ]
          ]
        ]
      }
    }
  ]
}