{
  "type": "FeatureCollection",
  "features": [
    {
      "type": "Feature",
      "geometry": {
        "type": "MultiPolygon",
        "coordinates": [
          [
            [
              [
                10.4427015,
                46.8935463
              ],
              [
                10.3633781,
                46.4835713
              ],
              [
                9.9228365,
                46.3148994
              ],
              [
                9.1828817,
                46.4402147
              ],
              [
                8.9663058,
                46.0369319
              ],
              [
                8.4899524,
                46.0051509
              ],
              [
                8.3166297,
                46.1636425
              ],
              [
                7.7559921,
                45.8244901
              ],
              [
                7.2738509,
                45.7769477
              ],
              [
                6.843593,
                45.9911466
              ],
              [
                6.8023552,
                45.7085798
              ],
              [
                7.0966525,
                45.3330989
              ],
              [
                6.7499553,
                45.028518
              ],
              [
                7.0075623,
                44.2547668
              ],
              [
                7.5495964,
                44.1279011
              ],
              [
                7.4351848,
                43.6938449
              ],
              [
                7.8507666,
                43.7671479
              ],
              [
                8.4285608,
                44.2312281
              ],
              [
                8.8889462,
                44.3663362
              ],
              [
                9.7024882,
                44.0362788
              ],
              [
                10.2000289,
                43.9200068
              ],
              [
                10.5119479,
                42.9314625
              ],
              [
                11.1919064,
                42.3554253
              ],
              [
                12.1066826,
                41.7045348
              ],
              [
                12.8880819,
                41.2530895
              ],
              [
                13.6279851,
                41.1882873
              ],
              [
                14.0606718,
                40.786348
              ],
              [
                14.7032683,
                40.6045503
              ],
              [
                14.9984957,
                40.1729487
              ],
              [
                15.4136125,
                40.0483568
              ],
              [
                15.7188135,
                39.5440724
              ],
              [
                16.1093323,
                38.964547
              ],
              [
                15.8919812,
                38.7509425
              ],
              [
                15.6879627,
                38.2145928
              ],
              [
                15.6840869,
                37.9088492
              ],
              [
                16.1009607,
                37.9858987
              ],
              [
                16.6350883,
                38.8435725
              ],
              [
                17.0528406,
                38.9028712
              ],
              [
                17.1714897,
                39.4246998
              ],
              [
                16.4487431,
                39.7954007
              ],
              [
                16.869596,
                40.4422346
              ],
              [
                17.7383802,
                40.277671
              ],
              [
                18.293385,
                39.8107744
              ],
              [
                18.480247,
                40.1688663
              ],
              [
                18.3766875,
                40.3556249
              ],
              [
                17.5191687,
                40.8771435
              ],
              [
                16.7850017,
                41.1796056
              ],
              [
                15.8893457,
                41.5410823
              ],
              [
                16.1698971,
                41.7402949
              ],
              [
                15.926191,
                41.961315
              ],
              [
                15.1425696,
                41.9551397
              ],
              [
                14.029821,
                42.7610078
              ],
              [
                13.526906,
                43.5877274
              ],
              [
                12.5892371,
                44.0913659
              ],
              [
                12.2614535,
                44.6004821
              ],
              [
                12.383875,
                44.8853743
              ],
              [
                12.3285812,
                45.3817781
              ],
              [
                13.1416065,
                45.7366918
              ],
              [
                13.9376302,
                45.5910159
              ],
              [
                13.69811,
                46.0167781
              ],
              [
                13.8064755,
                46.5093061
              ],
              [
                12.3764852,
                46.7675591
              ],
              [
                12.153088,
                47.1153932
              ],
              [
                11.1648279,
                46.9415795
              ],
              [
                11.0485559,
                46.7513585
              ],
              [
                10.4427015,
                46.8935463
              ]
            ]
          ],
          [
            [
              [
                14.7612492,
                38.1438736
              ],
              [
                13.7411564,
                38.0349655
              ],
              [
                12.5709436,
                38.1263811
              ],
              [
                12.4310039,
                37.6129499
              ],
              [
                13.8267326,
                37.1045314
              ],
              [
                14.3352287,
                36.996631
              ],
              [
                15.0999882,
                36.6199873
              ],
              [
                15.3098979,
                37.1342195
              ],
              [
                15.160243,
                37.4440455
              ],
              [
                15.520376,
                38.2311551
              ],
              [
                14.7612492,
                38.1438736
              ]
            ]
          ],
          [
            [
              [
                8.7099907,
                40.8999844
              ],
              [
                8.1599984,
                40.9500072
              ],
              [
                8.3882532,
                40.3783109
              ],
              [
                8.4283024,
                39.171847
              ],
              [
                8.8069357,
                38.9066177
              ],
              [
                9.2148177,
                39.2404733
              ],
              [
                9.6695187,
                39.1773764
              ],
              [
                9.8099752,
                40.5000089
              ],
              [
                9.2100118,
                41.2099914
              ],
              [
                8.7099907,
                40.8999844
              ]
            ]
          ]
        ]
      }
    }
  ]
}