{
  "type": "FeatureCollection",
  "name": "JE",
  "features": [
    {
      "type": "Feature",
      "geometry": {
        "type": "MultiPolygon",
        "coordinates": [
          [
            [
              [
                -2.018652343749977,
                49.23125
              ],
              [
                -2.009912109374994,
                49.180810546874994
              ],
              [
                -2.053759765624989,
                49.169824218749994
              ],
              [
                -2.091015624999983,
                49.187402343749994
              ],
              [
                -2.165673828124994,
                49.187402343749994
              ],
              [
                -2.23583984375,
                49.1763671875
              ],
              [
                -2.220507812499989,
                49.266357421875
              ],
              [
                -2.082226562499983,
                49.25537109375
              ],
              [
                -2.018652343749977,
                49.23125
              ]
            ]
          ]
        ]
      }
    }
  ]
}