{
  "type": "FeatureCollection",
  "features": [
    {
      "type": "Feature",
      "geometry": {
        "type": "Polygon",
        "coordinates": [
          [
            [
              70.9623149,
              42.2661543
            ],
            [
              71.2592477,
              42.1677107
            ],
            [
              70.4200224,
              41.5199983
            ],
            [
              71.1578585,
              41.1435871
            ],
            [
              71.8701148,
              41.3929001
            ],
            [
              73.0554171,
              40.866033
            ],
            [
              71.7748751,
              40.1458444
            ],
            [
              71.014198,
              40.2443655
            ],
            [
              70.6480188,
              39.9357539
            ],
            [
              69.5596098,
              40.1032114
            ],
            [
              69.4648869,
              39.5266833
            ],
            [
              70.5491618,
              39.6041979
            ],
            [
              71.7846936,
              39.2794632
            ],
            [
              73.6753793,
              39.4312369
            ],
            [
              73.9600131,
              39.6600084
            ],
            [
              73.8222437,
              39.8939735
            ],
            [
              74.7768624,
              40.3664253
            ],
            [
              75.467828,
              40.5620723
            ],
            [
              76.526368,
              40.4279461
            ],
            [
              76.9044845,
              41.0664859
            ],
            [
              78.1871969,
              41.1853159
            ],
            [
              78.5436609,
              41.5822425
            ],
            [
              80.1194304,
              42.1239407
            ],
            [
              80.2599903,
              42.3499993
            ],
            [
              79.6436455,
              42.4966828
            ],
            [
              79.1421774,
              42.8560924
            ],
            [
              77.658392,
              42.9606855
            ],
            [
              76.0003536,
              42.9880224
            ],
            [
              75.636965,
              42.8778999
            ],
            [
              74.2128658,
              43.2983393
            ],
            [
              73.6453036,
              43.0912719
            ],
            [
              73.4897575,
              42.5008945
            ],
            [
              71.8446383,
              42.8453954
            ],
            [
              71.1862806,
              42.7042929
            ],
            [
              70.9623149,
              42.2661543
            ]
          ]
        ]
      }
    }
  ]
}