{
  "type": "FeatureCollection",
  "features": [
    {
      "type": "Feature",
      "geometry": {
        "type": "Polygon",
        "coordinates": [
          [
            [
              102.5849325,
              12.186595
            ],
            [
              103.0906897,
              11.1536606
            ],
            [
              103.4972799,
              10.6325554
            ],
            [
              104.3343348,
              10.4865437
            ],
            [
              105.199915,
              10.8893098
            ],
            [
              106.24967,
              10.9618118
            ],
            [
              105.8105237,
              11.5676147
            ],
            [
              107.491403,
              12.3372059
            ],
            [
              107.614548,
              13.5355307
            ],
            [
              107.3827275,
              14.2024409
            ],
            [
              106.4963733,
              14.5705838
            ],
            [
              106.0439462,
              13.881091
            ],
            [
              105.2187769,
              14.2732118
            ],
            [
              104.2814181,
              14.4167431
            ],
            [
              102.9884221,
              14.2257211
            ],
            [
              102.3480994,
              13.3942473
            ],
            [
              102.5849325,
              12.186595
            ]
          ]
        ]
      }
    }
  ]
}