{
  "type": "FeatureCollection",
  "name": "KI",
  "features": [
    {
      "type": "Feature",
      "geometry": {
        "type": "MultiPolygon",
        "coordinates": [
          [
            [
              [
                -157.19098873599992,
                1.763902085000041
              ],
              [
                -157.17939205599993,
                1.753892320000091
              ],
              [
                -157.17463131399992,
                1.733791408000059
              ],
              [
                -157.17878170499992,
                1.718491929000038
              ],
              [
                -157.1940811839999,
                1.72296784100007
              ],
              [
                -157.20307369699992,
                1.717474677000041
              ],
              [
                -157.2132462229999,
                1.712795315000051
              ],
              [
                -157.2241104809999,
                1.70970286700009
              ],
              [
                -157.23505611899992,
                1.70929596600007
              ],
              [
                -157.24640865799992,
                1.713324286000045
              ],
              [
                -157.2546280589999,
                1.720282294000071
              ],
              [
                -157.2608536449999,
                1.72687409100007
              ],
              [
                -157.27118893099993,
                1.732977606000077
              ],
              [
                -157.28156490799992,
                1.747056382000039
              ],
              [
                -157.28685462099992,
                1.750230210000041
              ],
              [
                -157.30927486899992,
                1.751898505000042
              ],
              [
                -157.41059322799993,
                1.781927802000041
              ],
              [
                -157.44896399599992,
                1.80023834800005
              ],
              [
                -157.4826554029999,
                1.825384833000044
              ],
              [
                -157.50861568899992,
                1.849595445000091
              ],
              [
                -157.52826900899993,
                1.862494208000044
              ],
              [
                -157.53730221299992,
                1.856675523000092
              ],
              [
                -157.54682369699992,
                1.856431382000039
              ],
              [
                -157.56602942599991,
                1.863755601000094
              ],
              [
                -157.5811661449999,
                1.88031647300005
              ],
              [
                -157.57823645699992,
                1.907945054000038
              ],
              [
                -157.57233639199993,
                1.912787177000041
              ],
              [
                -157.54352779899992,
                1.929022528000075
              ],
              [
                -157.53014075399992,
                1.930568752000056
              ],
              [
                -157.52122962099992,
                1.927679755000042
              ],
              [
                -157.5175675119999,
                1.923651434000078
              ],
              [
                -157.5198868479999,
                1.921576239000046
              ],
              [
                -157.53282630099991,
                1.916083075000074
              ],
              [
                -157.54535885299993,
                1.902329820000091
              ],
              [
                -157.54950924399992,
                1.884466864000046
              ],
              [
                -157.53730221299992,
                1.866359768000052
              ],
              [
                -157.52692623599992,
                1.864813544000071
              ],
              [
                -157.5130509109999,
                1.866603908000059
              ],
              [
                -157.50092525899993,
                1.86587148600006
              ],
              [
                -157.49571692599991,
                1.856675523000092
              ],
              [
                -157.49067135299993,
                1.850165106000077
              ],
              [
                -157.47883053299992,
                1.84796784100007
              ],
              [
                -157.45478268099993,
                1.847072658000059
              ],
              [
                -157.4346817699999,
                1.83852773600006
              ],
              [
                -157.42853756399992,
                1.838568427000041
              ],
              [
                -157.4373673169999,
                1.850165106000077
              ],
              [
                -157.44794674399992,
                1.857489325000074
              ],
              [
                -157.45860755099991,
                1.862127997000073
              ],
              [
                -157.46808834499993,
                1.868353583000044
              ],
              [
                -157.4752091139999,
                1.880601304000038
              ],
              [
                -157.46235104099992,
                1.876288153000075
              ],
              [
                -157.45164954299992,
                1.87641022300005
              ],
              [
                -157.44579016799992,
                1.883734442000048
              ],
              [
                -157.44733639199993,
                1.90110911700009
              ],
              [
                -157.43659420499992,
                1.893866278000075
              ],
              [
                -157.43248450399992,
                1.883734442000048
              ],
              [
                -157.43000240799992,
                1.872788804000038
              ],
              [
                -157.4236954419999,
                1.863226630000042
              ],
              [
                -157.4119766919999,
                1.858465887000079
              ],
              [
                -157.40794837099992,
                1.866156317000048
              ],
              [
                -157.4100235669999,
                1.879380601000094
              ],
              [
                -157.4244278639999,
                1.901841539000088
              ],
              [
                -157.4263809889999,
                1.912054755000042
              ],
              [
                -157.42438717399992,
                1.921210028000075
              ],
              [
                -157.41999264199993,
                1.929022528000075
              ],
              [
                -157.40831458199992,
                1.921454169000071
              ],
              [
                -157.40314693899992,
                1.924221096000053
              ],
              [
                -157.40632076699993,
                1.942694403000075
              ],
              [
                -157.39472408799992,
                1.935736395000049
              ],
              [
                -157.39399166599992,
                1.926743882000039
              ],
              [
                -157.3958634109999,
                1.916978257000039
              ],
              [
                -157.3920792309999,
                1.907945054000038
              ],
              [
                -157.38206946499992,
                1.902167059000078
              ],
              [
                -157.3771866529999,
                1.905259507000039
              ],
              [
                -157.37397213399993,
                1.911363023000092
              ],
              [
                -157.36384029899992,
                1.917385158000059
              ],
              [
                -157.35846920499992,
                1.923895575000074
              ],
              [
                -157.3541153639999,
                1.931830145000049
              ],
              [
                -157.35236568899992,
                1.938950914000088
              ],
              [
                -157.35505123599992,
                1.947658596000053
              ],
              [
                -157.3616837229999,
                1.95148346600007
              ],
              [
                -157.3796280589999,
                1.95571523600006
              ],
              [
                -157.40888424399992,
                1.969305731000077
              ],
              [
                -157.4453018869999,
                1.994370835000041
              ],
              [
                -157.4510391919999,
                1.997300523000092
              ],
              [
                -157.45539303299992,
                2.002997137000079
              ],
              [
                -157.4662979809999,
                2.013332424000055
              ],
              [
                -157.4775284499999,
                2.018133856000077
              ],
              [
                -157.4826554029999,
                2.007228908000059
              ],
              [
                -157.48790442599991,
                2.000555731000077
              ],
              [
                -157.49889075399992,
                2.002183335000041
              ],
              [
                -157.5084122389999,
                2.010687567000048
              ],
              [
                -157.50938880099991,
                2.024603583000044
              ],
              [
                -157.49628658799992,
                2.034409898000092
              ],
              [
                -157.4745987619999,
                2.033351955000057
              ],
              [
                -157.4238175119999,
                2.020453192000048
              ],
              [
                -157.3858536449999,
                1.990464585000041
              ],
              [
                -157.32184811099992,
                1.97211334800005
              ],
              [
                -157.31012936099992,
                1.973089911000045
              ],
              [
                -157.31139075399992,
                1.962591864000046
              ],
              [
                -157.3150528639999,
                1.952785549000055
              ],
              [
                -157.3206680979999,
                1.945502020000049
              ],
              [
                -157.3361710279999,
                1.939113674000055
              ],
              [
                -157.3404434889999,
                1.930243231000077
              ],
              [
                -157.34491939999992,
                1.907945054000038
              ],
              [
                -157.34772701699993,
                1.86078522300005
              ],
              [
                -157.32542883999992,
                1.835842190000051
              ],
              [
                -157.2897843089999,
                1.818752346000053
              ],
              [
                -157.25243079299992,
                1.795314846000053
              ],
              [
                -157.23839270699992,
                1.783636786000045
              ],
              [
                -157.22297115799992,
                1.773586330000057
              ],
              [
                -157.2068985669999,
                1.766546942000048
              ],
              [
                -157.19098873599992,
                1.763902085000041
              ]
            ]
          ],
          [
            [
              [
                173.28972415500004,
                2.03384023600006
              ],
              [
                173.2871199880001,
                2.038560289000088
              ],
              [
                173.28467858200008,
                2.040269273000092
              ],
              [
                173.281586134,
                2.041815497000073
              ],
              [
                173.27702884200005,
                2.04437897300005
              ],
              [
                173.2705184250001,
                2.04555898600006
              ],
              [
                173.2661238940001,
                2.043850002000056
              ],
              [
                173.2646590500001,
                2.036769924000055
              ],
              [
                173.266937696,
                2.020412502000056
              ],
              [
                173.2685653000001,
                2.011419989000046
              ],
              [
                173.26677493600005,
                2.004299221000053
              ],
              [
                173.2627059250001,
                1.997463283000059
              ],
              [
                173.2578231130001,
                1.997015692000048
              ],
              [
                173.25806725400003,
                1.997626044000071
              ],
              [
                173.25928795700008,
                2.000881252000056
              ],
              [
                173.2602645190001,
                2.007228908000059
              ],
              [
                173.26050866000003,
                2.012844143000052
              ],
              [
                173.26002037900003,
                2.018784898000092
              ],
              [
                173.25749759200005,
                2.028469143000052
              ],
              [
                173.25806725400003,
                2.034002997000073
              ],
              [
                173.25961347700002,
                2.043402411000045
              ],
              [
                173.262054884,
                2.049872137000079
              ],
              [
                173.2646590500001,
                2.055161851000094
              ],
              [
                173.2685653000001,
                2.05931224200009
              ],
              [
                173.27361087300005,
                2.059556382000039
              ],
              [
                173.27800540500004,
                2.058661200000074
              ],
              [
                173.28288821700005,
                2.056341864000046
              ],
              [
                173.2890731130001,
                2.050360419000071
              ],
              [
                173.2934676440001,
                2.043443101000094
              ],
              [
                173.29371178500003,
                2.042303778000075
              ],
              [
                173.2959090500001,
                2.033636786000045
              ],
              [
                173.29835045700008,
                2.01398346600007
              ],
              [
                173.30543053500003,
                1.993312893000052
              ],
              [
                173.309418165,
                1.984320380000042
              ],
              [
                173.3125106130001,
                1.982082424000055
              ],
              [
                173.31568444100003,
                1.979966539000088
              ],
              [
                173.3183699880001,
                1.976996161000045
              ],
              [
                173.31804446700005,
                1.974025783000059
              ],
              [
                173.31788170700008,
                1.970770575000074
              ],
              [
                173.31592858200008,
                1.967759507000039
              ],
              [
                173.3129988940001,
                1.965521552000041
              ],
              [
                173.31072024800005,
                1.964178778000075
              ],
              [
                173.30884850400003,
                1.963120835000041
              ],
              [
                173.30445397200003,
                1.96157461100006
              ],
              [
                173.2973738940001,
                1.96157461100006
              ],
              [
                173.28484134200005,
                1.963771877000056
              ],
              [
                173.26921634200005,
                1.967718817000048
              ],
              [
                173.2602645190001,
                1.971136786000045
              ],
              [
                173.25749759200005,
                1.974595445000091
              ],
              [
                173.2558699880001,
                1.985663153000075
              ],
              [
                173.256195509,
                1.989976304000038
              ],
              [
                173.25847415500004,
                1.99282461100006
              ],
              [
                173.26148522200003,
                1.993231512000079
              ],
              [
                173.263031446,
                1.991400458000044
              ],
              [
                173.26392662900003,
                1.988470770000049
              ],
              [
                173.26351972700002,
                1.983587958000044
              ],
              [
                173.26392662900003,
                1.978013414000088
              ],
              [
                173.27165774800005,
                1.974839585000041
              ],
              [
                173.28931725400003,
                1.970038153000075
              ],
              [
                173.29371178500003,
                1.969142971000053
              ],
              [
                173.30152428500003,
                1.968695380000042
              ],
              [
                173.3046981130001,
                1.969549872000073
              ],
              [
                173.30591881600003,
                1.969875393000052
              ],
              [
                173.30787194100003,
                1.97329336100006
              ],
              [
                173.30681399800005,
                1.976467190000051
              ],
              [
                173.30591881600003,
                1.980698960000041
              ],
              [
                173.3007918630001,
                1.985663153000075
              ],
              [
                173.2973738940001,
                1.989894924000055
              ],
              [
                173.29761803500003,
                1.991441148000092
              ],
              [
                173.29672285200002,
                1.993719794000071
              ],
              [
                173.29615319100003,
                1.997015692000048
              ],
              [
                173.29371178500003,
                2.005438544000071
              ],
              [
                173.2915145190001,
                2.015122789000088
              ],
              [
                173.29184004,
                2.019476630000042
              ],
              [
                173.2915145190001,
                2.026678778000075
              ],
              [
                173.28972415500004,
                2.03384023600006
              ]
            ]
          ],
          [
            [
              [
                -159.2845352859999,
                3.874823309000078
              ],
              [
                -159.27790279899992,
                3.866441148000092
              ],
              [
                -159.26642818899992,
                3.845363674000055
              ],
              [
                -159.2532852859999,
                3.828680731000077
              ],
              [
                -159.2499893869999,
                3.81976959800005
              ],
              [
                -159.25263424399992,
                3.810044664000088
              ],
              [
                -159.26341712099992,
                3.79913971600007
              ],
              [
                -159.28376217399992,
                3.790187893000052
              ],
              [
                -159.30870520699992,
                3.784654039000088
              ],
              [
                -159.33344479099992,
                3.786444403000075
              ],
              [
                -159.35285396999993,
                3.79913971600007
              ],
              [
                -159.36078854099992,
                3.819403387000079
              ],
              [
                -159.3427628249999,
                3.819566148000092
              ],
              [
                -159.2947891919999,
                3.805975653000075
              ],
              [
                -159.28522701699993,
                3.811428127000056
              ],
              [
                -159.28388424399992,
                3.823919989000046
              ],
              [
                -159.28718014199993,
                3.837836005000042
              ],
              [
                -159.2913712229999,
                3.847601630000042
              ],
              [
                -159.29967200399992,
                3.854641018000052
              ],
              [
                -159.32514400899993,
                3.865301825000074
              ],
              [
                -159.3354386059999,
                3.871486721000053
              ],
              [
                -159.3420304029999,
                3.88149648600006
              ],
              [
                -159.34784908799992,
                3.902777411000045
              ],
              [
                -159.35285396999993,
                3.909002997000073
              ],
              [
                -159.36615963399993,
                3.911444403000075
              ],
              [
                -159.37824459499993,
                3.907171942000048
              ],
              [
                -159.38788814999992,
                3.89874909100007
              ],
              [
                -159.39378821499992,
                3.888576565000051
              ],
              [
                -159.36713619699992,
                3.84015534100007
              ],
              [
                -159.4100235669999,
                3.86204661700009
              ],
              [
                -159.40632076699993,
                3.902573960000041
              ],
              [
                -159.3768204419999,
                3.933294989000046
              ],
              [
                -159.34227454299992,
                3.925767320000091
              ],
              [
                -159.33136959499993,
                3.910711981000077
              ],
              [
                -159.3267716139999,
                3.901190497000073
              ],
              [
                -159.32489986899992,
                3.891669012000079
              ],
              [
                -159.31989498599992,
                3.879095770000049
              ],
              [
                -159.3080948559999,
                3.876450914000088
              ],
              [
                -159.29466712099992,
                3.87726471600007
              ],
              [
                -159.2845352859999,
                3.874823309000078
              ]
            ]
          ],
          [
            [
              [
                -171.67780514199993,
                -2.833184502999927
              ],
              [
                -171.70787512899992,
                -2.825127862999921
              ],
              [
                -171.71210689999992,
                -2.823011976999908
              ],
              [
                -171.71271725199992,
                -2.822198174999926
              ],
              [
                -171.69318600199992,
                -2.828301690999922
              ],
              [
                -171.66401119699992,
                -2.835381768999923
              ],
              [
                -171.6580704419999,
                -2.838555596999925
              ],
              [
                -171.65282141799992,
                -2.843194268999923
              ],
              [
                -171.65160071499992,
                -2.844577731999948
              ],
              [
                -171.63324947799993,
                -2.862074476999908
              ],
              [
                -171.63312740799992,
                -2.862074476999908
              ],
              [
                -171.63080807199992,
                -2.858575127999927
              ],
              [
                -171.62975012899992,
                -2.857598565999922
              ],
              [
                -171.62848873599992,
                -2.857028903999947
              ],
              [
                -171.6269425119999,
                -2.855726820999962
              ],
              [
                -171.6273087229999,
                -2.851901950999945
              ],
              [
                -171.65387936099992,
                -2.80592213299991
              ],
              [
                -171.66669674399992,
                -2.793145440999922
              ],
              [
                -171.6787003249999,
                -2.784926039999959
              ],
              [
                -171.69745846299992,
                -2.775323174999926
              ],
              [
                -171.71458899599992,
                -2.772881768999923
              ],
              [
                -171.72191321499992,
                -2.786309502999927
              ],
              [
                -171.72785396999993,
                -2.778415622999944
              ],
              [
                -171.72760982999992,
                -2.771905205999929
              ],
              [
                -171.72276770699992,
                -2.765801690999922
              ],
              [
                -171.7150772779999,
                -2.75904713299991
              ],
              [
                -171.6802872389999,
                -2.775811455999929
              ],
              [
                -171.64985104099992,
                -2.797295830999929
              ],
              [
                -171.6296280589999,
                -2.827243747999944
              ],
              [
                -171.62568111899992,
                -2.847181898999906
              ],
              [
                -171.62446041599992,
                -2.856133721999925
              ],
              [
                -171.6257218089999,
                -2.868910414999959
              ],
              [
                -171.63935299399992,
                -2.862074476999908
              ],
              [
                -171.6484268869999,
                -2.849786065999922
              ],
              [
                -171.66010494699992,
                -2.840508721999925
              ],
              [
                -171.67414303299992,
                -2.834161065999922
              ],
              [
                -171.67780514199993,
                -2.833184502999927
              ]
            ]
          ],
          [
            [
              [
                169.53891035200002,
                -0.874607028999947
              ],
              [
                169.535492384,
                -0.872002862999921
              ],
              [
                169.5337020190001,
                -0.871514580999929
              ],
              [
                169.5302840500001,
                -0.871514580999929
              ],
              [
                169.52759850400003,
                -0.872491143999923
              ],
              [
                169.52507571700005,
                -0.870863539999959
              ],
              [
                169.52320397200003,
                -0.868259372999944
              ],
              [
                169.52214603000004,
                -0.865004164999959
              ],
              [
                169.52263431100005,
                -0.860528252999927
              ],
              [
                169.52295983200008,
                -0.859307549999926
              ],
              [
                169.523773634,
                -0.856622002999927
              ],
              [
                169.524750196,
                -0.854668877999927
              ],
              [
                169.52507571700005,
                -0.853773695999962
              ],
              [
                169.52759850400003,
                -0.85084400799991
              ],
              [
                169.53248131600003,
                -0.849541924999926
              ],
              [
                169.53638756600003,
                -0.847914320999962
              ],
              [
                169.54070071700005,
                -0.847914320999962
              ],
              [
                169.54517662900003,
                -0.847914320999962
              ],
              [
                169.54908287900003,
                -0.851820570999962
              ],
              [
                169.55225670700008,
                -0.854180596999925
              ],
              [
                169.55445397200003,
                -0.856052341999941
              ],
              [
                169.55591881600003,
                -0.859144789999959
              ],
              [
                169.55591881600003,
                -0.859795830999929
              ],
              [
                169.5556746750001,
                -0.860772393999923
              ],
              [
                169.55534915500004,
                -0.863376559999949
              ],
              [
                169.55534915500004,
                -0.866143487999921
              ],
              [
                169.55445397200003,
                -0.869317315999922
              ],
              [
                169.55347741000003,
                -0.872247002999927
              ],
              [
                169.55250084700003,
                -0.873793226999908
              ],
              [
                169.55054772200003,
                -0.875583591999941
              ],
              [
                169.54810631600003,
                -0.876885674999926
              ],
              [
                169.545258009,
                -0.877211195999962
              ],
              [
                169.54314212300005,
                -0.878024997999944
              ],
              [
                169.54127037900003,
                -0.877618096999925
              ],
              [
                169.5400496750001,
                -0.87664153399993
              ],
              [
                169.53891035200002,
                -0.874607028999947
              ]
            ]
          ],
          [
            [
              [
                173.07593834700003,
                0.965887762000079
              ],
              [
                173.07992597700002,
                0.96039459800005
              ],
              [
                173.07927493600005,
                0.945217190000051
              ],
              [
                173.06120853000004,
                0.914211330000057
              ],
              [
                173.0498153000001,
                0.904201565000051
              ],
              [
                173.01124108200008,
                0.85415273600006
              ],
              [
                172.99097741000003,
                0.834418036000045
              ],
              [
                172.9965926440001,
                0.845038153000075
              ],
              [
                173.0136824880001,
                0.860337632000039
              ],
              [
                173.02271569100003,
                0.882717190000051
              ],
              [
                173.04664147200003,
                0.901516018000052
              ],
              [
                173.05591881600003,
                0.927720445000091
              ],
              [
                173.06413821700005,
                0.938299872000073
              ],
              [
                173.0712996750001,
                0.949896552000041
              ],
              [
                173.07178795700008,
                0.962591864000046
              ],
              [
                173.06226647200003,
                0.975165106000077
              ],
              [
                173.0449324880001,
                0.987779039000088
              ],
              [
                173.02556399800005,
                0.998032945000091
              ],
              [
                173.0097762380001,
                1.003607489000046
              ],
              [
                173.00953209700003,
                1.000230210000041
              ],
              [
                173.0097762380001,
                0.989935614000046
              ],
              [
                173.00367272200003,
                0.989935614000046
              ],
              [
                173.00342858200008,
                1.00141022300005
              ],
              [
                173.0004988940001,
                1.010646877000056
              ],
              [
                172.99561608200008,
                1.018052476000094
              ],
              [
                172.99000084700003,
                1.02407461100006
              ],
              [
                173.00367272200003,
                1.02407461100006
              ],
              [
                173.0146590500001,
                1.008856512000079
              ],
              [
                173.0649520190001,
                0.976263739000046
              ],
              [
                173.07593834700003,
                0.965887762000079
              ]
            ]
          ],
          [
            [
              [
                175.05876712300005,
                -1.436293226999908
              ],
              [
                175.06666100400003,
                -1.461032809999949
              ],
              [
                175.06861412900003,
                -1.497002862999921
              ],
              [
                175.0605574880001,
                -1.531670830999929
              ],
              [
                175.03825931100005,
                -1.55242278399993
              ],
              [
                175.012543165,
                -1.549248955999929
              ],
              [
                175.00847415500004,
                -1.526788018999923
              ],
              [
                175.020843946,
                -1.499932549999926
              ],
              [
                175.04509524800005,
                -1.484144789999959
              ],
              [
                175.04509524800005,
                -1.490980726999908
              ],
              [
                175.0361434250001,
                -1.497165622999944
              ],
              [
                175.0258895190001,
                -1.507256768999923
              ],
              [
                175.0185653000001,
                -1.519626559999949
              ],
              [
                175.01832116000003,
                -1.531914971999925
              ],
              [
                175.02800540500004,
                -1.541192315999922
              ],
              [
                175.03785241000003,
                -1.535251559999949
              ],
              [
                175.04566491000003,
                -1.524183851999908
              ],
              [
                175.0488387380001,
                -1.518243096999925
              ],
              [
                175.05827884200005,
                -1.506768487999921
              ],
              [
                175.05884850400003,
                -1.480564059999949
              ],
              [
                175.0517684250001,
                -1.452732028999947
              ],
              [
                175.03825931100005,
                -1.436293226999908
              ],
              [
                175.04509524800005,
                -1.428887627999927
              ],
              [
                175.04810631600003,
                -1.432793877999927
              ],
              [
                175.051117384,
                -1.434502862999921
              ],
              [
                175.05876712300005,
                -1.436293226999908
              ]
            ]
          ],
          [
            [
              [
                176.00928795700008,
                -1.334242445999962
              ],
              [
                176.0234481130001,
                -1.362888278999947
              ],
              [
                176.01832116000003,
                -1.387872002999927
              ],
              [
                176.01197350400003,
                -1.381280205999929
              ],
              [
                176.00277754,
                -1.375583591999941
              ],
              [
                175.98357181100005,
                -1.367445570999962
              ],
              [
                175.98357181100005,
                -1.36060963299991
              ],
              [
                175.9931746750001,
                -1.36256275799991
              ],
              [
                176.01832116000003,
                -1.37428150799991
              ],
              [
                176.01490319100003,
                -1.356540622999944
              ],
              [
                176.0063582690001,
                -1.342705987999921
              ],
              [
                175.98357181100005,
                -1.31959400799991
              ],
              [
                175.9658309250001,
                -1.295179945999962
              ],
              [
                175.95590254,
                -1.286553643999923
              ],
              [
                175.94312584700003,
                -1.28484465899993
              ],
              [
                175.9443465500001,
                -1.289320570999962
              ],
              [
                175.94556725400003,
                -1.292168877999927
              ],
              [
                175.94939212300005,
                -1.29851653399993
              ],
              [
                175.93702233200008,
                -1.293064059999949
              ],
              [
                175.94214928500003,
                -1.28484465899993
              ],
              [
                175.9580184250001,
                -1.280205987999921
              ],
              [
                175.97730553500003,
                -1.28484465899993
              ],
              [
                175.9892684250001,
                -1.306817315999922
              ],
              [
                176.00928795700008,
                -1.334242445999962
              ]
            ]
          ],
          [
            [
              [
                174.4765731130001,
                -0.709567966999941
              ],
              [
                174.47934004,
                -0.72039153399993
              ],
              [
                174.4907332690001,
                -0.747165622999944
              ],
              [
                174.498383009,
                -0.789157809999949
              ],
              [
                174.497976108,
                -0.795830987999921
              ],
              [
                174.49789472700002,
                -0.796482028999947
              ],
              [
                174.49732506600003,
                -0.805108330999929
              ],
              [
                174.4834090500001,
                -0.819431247999944
              ],
              [
                174.47388756600003,
                -0.812758070999962
              ],
              [
                174.4697371750001,
                -0.806735934999949
              ],
              [
                174.47234134200005,
                -0.801853122999944
              ],
              [
                174.4834090500001,
                -0.798923434999949
              ],
              [
                174.48113040500004,
                -0.804620049999926
              ],
              [
                174.480804884,
                -0.805759372999944
              ],
              [
                174.48194420700008,
                -0.806817315999922
              ],
              [
                174.4834090500001,
                -0.812595309999949
              ],
              [
                174.49756920700008,
                -0.796888929999909
              ],
              [
                174.49773196700005,
                -0.796319268999923
              ],
              [
                174.49773196700005,
                -0.794773044999943
              ],
              [
                174.49390709700003,
                -0.775485934999949
              ],
              [
                174.4765731130001,
                -0.740329684999949
              ],
              [
                174.4629012380001,
                -0.64812590899993
              ],
              [
                174.4765731130001,
                -0.669122002999927
              ],
              [
                174.4765731130001,
                -0.709567966999941
              ]
            ]
          ],
          [
            [
              [
                173.03825931100005,
                1.341050523000092
              ],
              [
                173.0244246750001,
                1.336615302000041
              ],
              [
                173.0180770190001,
                1.335923570000091
              ],
              [
                173.01124108200008,
                1.33734772300005
              ],
              [
                173.0595809250001,
                1.359767971000053
              ],
              [
                173.08472741000003,
                1.366685289000088
              ],
              [
                173.15154056100005,
                1.37181224200009
              ],
              [
                173.1606551440001,
                1.374945380000042
              ],
              [
                173.14332116000003,
                1.38031647300005
              ],
              [
                173.153168165,
                1.386542059000078
              ],
              [
                173.16431725400003,
                1.383246161000045
              ],
              [
                173.17172285200002,
                1.374172268000052
              ],
              [
                173.17139733200008,
                1.362372137000079
              ],
              [
                173.16293379,
                1.356512762000079
              ],
              [
                173.15064537900003,
                1.356431382000039
              ],
              [
                173.12647545700008,
                1.361070054000038
              ],
              [
                173.1045028000001,
                1.36196523600006
              ],
              [
                173.0786238940001,
                1.36001211100006
              ],
              [
                173.05445397200003,
                1.353583075000074
              ],
              [
                173.03825931100005,
                1.341050523000092
              ]
            ]
          ],
          [
            [
              [
                172.750336134,
                3.03196849200009
              ],
              [
                172.7714949880001,
                3.023871161000045
              ],
              [
                172.78825931100005,
                3.029038804000038
              ],
              [
                172.80225670700008,
                3.041693427000041
              ],
              [
                172.81462649800005,
                3.056219794000071
              ],
              [
                172.8291121750001,
                3.064276434000078
              ],
              [
                172.868011915,
                3.067775783000059
              ],
              [
                172.88697350400003,
                3.072943427000041
              ],
              [
                172.88689212300005,
                3.066392320000091
              ],
              [
                172.8857528000001,
                3.061916408000059
              ],
              [
                172.88013756600003,
                3.052476304000038
              ],
              [
                172.84441165500004,
                3.059800523000092
              ],
              [
                172.81226647200003,
                3.04047272300005
              ],
              [
                172.786468946,
                3.016913153000075
              ],
              [
                172.77027428500003,
                3.011460679000038
              ],
              [
                172.76335696700005,
                3.014593817000048
              ],
              [
                172.75757897200003,
                3.019029039000088
              ],
              [
                172.75342858200008,
                3.024807033000059
              ],
              [
                172.750336134,
                3.03196849200009
              ]
            ]
          ],
          [
            [
              [
                173.0361434250001,
                1.777167059000078
              ],
              [
                173.03834069100003,
                1.742377020000049
              ],
              [
                173.0293074880001,
                1.716294664000088
              ],
              [
                173.00367272200003,
                1.70929596600007
              ],
              [
                172.99634850400003,
                1.710679429000038
              ],
              [
                172.9931746750001,
                1.712062893000052
              ],
              [
                172.99000084700003,
                1.715521552000041
              ],
              [
                173.023773634,
                1.721096096000053
              ],
              [
                173.035492384,
                1.743557033000059
              ],
              [
                173.03337649800005,
                1.774318752000056
              ],
              [
                173.02466881600003,
                1.804877020000049
              ],
              [
                173.0258895190001,
                1.806138414000088
              ],
              [
                173.02662194100003,
                1.807521877000056
              ],
              [
                173.02711022200003,
                1.80890534100007
              ],
              [
                173.0273543630001,
                1.810451565000051
              ],
              [
                173.0361434250001,
                1.777167059000078
              ]
            ]
          ],
          [
            [
              [
                -155.0117081369999,
                -4.047051690999922
              ],
              [
                -154.9622696609999,
                -4.032159112999921
              ],
              [
                -154.94029700399992,
                -4.031996351999908
              ],
              [
                -154.94660396999993,
                -4.053155205999929
              ],
              [
                -154.95360266799992,
                -4.060723565999922
              ],
              [
                -154.95856686099992,
                -4.071221612999921
              ],
              [
                -154.9592179029999,
                -4.083184502999927
              ],
              [
                -154.9533585279999,
                -4.094821872999944
              ],
              [
                -154.96479244699992,
                -4.09498463299991
              ],
              [
                -154.9775284499999,
                -4.078708591999941
              ],
              [
                -154.99091549399992,
                -4.074314059999949
              ],
              [
                -154.99848385299993,
                -4.07000090899993
              ],
              [
                -155.01081295499992,
                -4.060642184999949
              ],
              [
                -155.01842200399992,
                -4.051202080999929
              ],
              [
                -155.0117081369999,
                -4.047051690999922
              ]
            ]
          ],
          [
            [
              [
                176.40935306100005,
                -1.332696221999925
              ],
              [
                176.42644290500004,
                -1.347100518999923
              ],
              [
                176.44483483200008,
                -1.373793226999908
              ],
              [
                176.459320509,
                -1.405857028999947
              ],
              [
                176.46404056100005,
                -1.436293226999908
              ],
              [
                176.44988040500004,
                -1.425388278999947
              ],
              [
                176.44214928500003,
                -1.408786716999941
              ],
              [
                176.43677819100003,
                -1.390394789999959
              ],
              [
                176.42986087300005,
                -1.37428150799991
              ],
              [
                176.41032962300005,
                -1.350355726999908
              ],
              [
                176.40113366000003,
                -1.336358330999929
              ],
              [
                176.39568118600005,
                -1.31959400799991
              ],
              [
                176.4023543630001,
                -1.320489190999922
              ],
              [
                176.40544681100005,
                -1.32350025799991
              ],
              [
                176.40935306100005,
                -1.332696221999925
              ]
            ]
          ],
          [
            [
              [
                173.62061608200008,
                0.133368231000077
              ],
              [
                173.6098738940001,
                0.143052476000094
              ],
              [
                173.61451256600003,
                0.155096747000073
              ],
              [
                173.634125196,
                0.174017645000049
              ],
              [
                173.63835696700005,
                0.195217190000051
              ],
              [
                173.6337996750001,
                0.200873114000046
              ],
              [
                173.62330162900003,
                0.207993882000039
              ],
              [
                173.60621178500003,
                0.215969143000052
              ],
              [
                173.62867272200003,
                0.219142971000053
              ],
              [
                173.63648522200003,
                0.216742255000042
              ],
              [
                173.6411238940001,
                0.20844147300005
              ],
              [
                173.64136803500003,
                0.200018622000073
              ],
              [
                173.64079837300005,
                0.19212474200009
              ],
              [
                173.637543165,
                0.17649974200009
              ],
              [
                173.62061608200008,
                0.133368231000077
              ]
            ]
          ],
          [
            [
              [
                174.76514733200008,
                -1.202894789999959
              ],
              [
                174.77271569100003,
                -1.24773528399993
              ],
              [
                174.77881920700008,
                -1.264418226999908
              ],
              [
                174.7558699880001,
                -1.25750090899993
              ],
              [
                174.74830162900003,
                -1.237481377999927
              ],
              [
                174.75074303500003,
                -1.199476820999962
              ],
              [
                174.74675540500004,
                -1.185967705999929
              ],
              [
                174.71664472700002,
                -1.134698174999926
              ],
              [
                174.72535241000003,
                -1.135511976999908
              ],
              [
                174.73161868600005,
                -1.13795338299991
              ],
              [
                174.73747806100005,
                -1.14226653399993
              ],
              [
                174.74398847700002,
                -1.148370049999926
              ],
              [
                174.74756920700008,
                -1.166110934999949
              ],
              [
                174.76514733200008,
                -1.202894789999959
              ]
            ]
          ],
          [
            [
              [
                172.98031660200002,
                1.882025458000044
              ],
              [
                173.02027428500003,
                1.828070380000042
              ],
              [
                173.0234481130001,
                1.821437893000052
              ],
              [
                172.97575931100005,
                1.87376536700009
              ],
              [
                172.9614363940001,
                1.899644273000092
              ],
              [
                172.9550887380001,
                1.907945054000038
              ],
              [
                172.9384871750001,
                1.923163153000075
              ],
              [
                172.9336043630001,
                1.931463934000078
              ],
              [
                172.93474368600005,
                1.942694403000075
              ],
              [
                172.941742384,
                1.926947333000044
              ],
              [
                172.96941165500004,
                1.907049872000073
              ],
              [
                172.97575931100005,
                1.897650458000044
              ],
              [
                172.98031660200002,
                1.882025458000044
              ]
            ]
          ],
          [
            [
              [
                -172.22276770699992,
                -4.506280205999929
              ],
              [
                -172.2147110669999,
                -4.517347914999959
              ],
              [
                -172.20201575399992,
                -4.520684502999927
              ],
              [
                -172.18769283799992,
                -4.518487237999921
              ],
              [
                -172.17438717399992,
                -4.513116143999923
              ],
              [
                -172.20343990799992,
                -4.532159112999921
              ],
              [
                -172.2271622389999,
                -4.518731377999927
              ],
              [
                -172.2296036449999,
                -4.49732838299991
              ],
              [
                -172.2004695299999,
                -4.49342213299991
              ],
              [
                -172.20160885299993,
                -4.496270440999922
              ],
              [
                -172.2010391919999,
                -4.500095309999949
              ],
              [
                -172.20685787699992,
                -4.501071872999944
              ],
              [
                -172.22276770699992,
                -4.506280205999929
              ]
            ]
          ],
          [
            [
              [
                -155.8993220689999,
                -5.616794528999947
              ],
              [
                -155.8796280589999,
                -5.609470309999949
              ],
              [
                -155.86506100199992,
                -5.615166924999926
              ],
              [
                -155.85981197799993,
                -5.625095309999949
              ],
              [
                -155.86799068899992,
                -5.630303643999923
              ],
              [
                -155.90644283799992,
                -5.635349216999941
              ],
              [
                -155.9224747389999,
                -5.629978122999944
              ],
              [
                -155.9334610669999,
                -5.609144789999959
              ],
              [
                -155.92389889199993,
                -5.608086846999925
              ],
              [
                -155.91498775899993,
                -5.60906340899993
              ],
              [
                -155.90680904899992,
                -5.611993096999925
              ],
              [
                -155.8993220689999,
                -5.616794528999947
              ]
            ]
          ],
          [
            [
              [
                174.43873131600003,
                -0.627618096999925
              ],
              [
                174.44711347700002,
                -0.630791924999926
              ],
              [
                174.45866946700005,
                -0.637872002999927
              ],
              [
                174.46363366000003,
                -0.644789320999962
              ],
              [
                174.45264733200008,
                -0.64812590899993
              ],
              [
                174.43718509200005,
                -0.640801690999922
              ],
              [
                174.3916121750001,
                -0.605645440999922
              ],
              [
                174.3808699880001,
                -0.592868747999944
              ],
              [
                174.393890821,
                -0.592868747999944
              ],
              [
                174.40259850400003,
                -0.602227471999925
              ],
              [
                174.42994225400003,
                -0.623467705999929
              ],
              [
                174.43873131600003,
                -0.627618096999925
              ]
            ]
          ],
          [
            [
              [
                173.83228600400003,
                0.44867584800005
              ],
              [
                173.89087975400003,
                0.418402411000045
              ],
              [
                173.91724694100003,
                0.399481512000079
              ],
              [
                173.92164147200003,
                0.379787502000056
              ],
              [
                173.8676863940001,
                0.419582424000055
              ],
              [
                173.8320418630001,
                0.436346747000073
              ],
              [
                173.80494225400003,
                0.434393622000073
              ],
              [
                173.80876712300005,
                0.441595770000049
              ],
              [
                173.81324303500003,
                0.446926174000055
              ],
              [
                173.81861412900003,
                0.451320705000057
              ],
              [
                173.82545006600003,
                0.455511786000045
              ],
              [
                173.83228600400003,
                0.44867584800005
              ]
            ]
          ],
          [
            [
              [
                175.98170006600003,
                -2.505954684999949
              ],
              [
                175.97681725400003,
                -2.497816664999959
              ],
              [
                175.9731551440001,
                -2.489678643999923
              ],
              [
                175.97999108200008,
                -2.493584893999923
              ],
              [
                175.98511803500003,
                -2.498304945999962
              ],
              [
                175.9892684250001,
                -2.503838799999926
              ],
              [
                175.9931746750001,
                -2.510349216999941
              ],
              [
                175.98943118600005,
                -2.510918877999927
              ],
              [
                175.98698978000004,
                -2.509860934999949
              ],
              [
                175.984711134,
                -2.507907809999949
              ],
              [
                175.98170006600003,
                -2.505954684999949
              ]
            ]
          ],
          [
            [
              [
                172.98316491000003,
                1.531195380000042
              ],
              [
                172.97828209700003,
                1.531195380000042
              ],
              [
                172.97535241000003,
                1.532945054000038
              ],
              [
                172.972992384,
                1.535589911000045
              ],
              [
                172.96941165500004,
                1.537990627000056
              ],
              [
                172.96314537900003,
                1.560248114000046
              ],
              [
                172.95915774800005,
                1.60968659100007
              ],
              [
                172.94898522200003,
                1.627346096000053
              ],
              [
                172.9629012380001,
                1.620591539000088
              ],
              [
                172.97234134200005,
                1.590236721000053
              ],
              [
                172.98316491000003,
                1.531195380000042
              ]
            ]
          ],
          [
            [
              [
                176.7861434250001,
                -2.608168226999908
              ],
              [
                176.81316165500004,
                -2.614434502999927
              ],
              [
                176.838226759,
                -2.633884372999944
              ],
              [
                176.850922071,
                -2.654066664999959
              ],
              [
                176.840668165,
                -2.662774346999925
              ],
              [
                176.82732181100005,
                -2.656182549999926
              ],
              [
                176.77230879,
                -2.608168226999908
              ],
              [
                176.77898196700005,
                -2.60515715899993
              ],
              [
                176.7822371750001,
                -2.604913018999923
              ],
              [
                176.7861434250001,
                -2.608168226999908
              ]
            ]
          ],
          [
            [
              [
                175.59148196700005,
                -1.874200127999927
              ],
              [
                175.599945509,
                -1.895114841999941
              ],
              [
                175.586273634,
                -1.922458591999941
              ],
              [
                175.58326256600003,
                -1.911065362999921
              ],
              [
                175.586273634,
                -1.87078215899993
              ],
              [
                175.5761824880001,
                -1.856052341999941
              ],
              [
                175.5590926440001,
                -1.832289320999962
              ],
              [
                175.55225670700008,
                -1.819268487999921
              ],
              [
                175.5595809250001,
                -1.826104424999926
              ],
              [
                175.59148196700005,
                -1.874200127999927
              ]
            ]
          ],
          [
            [
              [
                -151.8077286449999,
                -11.385918877999927
              ],
              [
                -151.79792232999992,
                -11.401462497999944
              ],
              [
                -151.78449459499993,
                -11.42937590899993
              ],
              [
                -151.78095455599993,
                -11.454685153999947
              ],
              [
                -151.80089270699992,
                -11.461114190999922
              ],
              [
                -151.8124893869999,
                -11.443536065999922
              ],
              [
                -151.81952877499992,
                -11.420993747999944
              ],
              [
                -151.81891842399992,
                -11.39967213299991
              ],
              [
                -151.8077286449999,
                -11.385918877999927
              ]
            ]
          ],
          [
            [
              [
                172.98715254,
                0.83234284100007
              ],
              [
                172.98894290500004,
                0.833197333000044
              ],
              [
                172.9902449880001,
                0.833970445000091
              ],
              [
                172.99000084700003,
                0.830267645000049
              ],
              [
                172.98975670700008,
                0.828029690000051
              ],
              [
                172.99000084700003,
                0.825425523000092
              ],
              [
                172.9863387380001,
                0.829169012000079
              ],
              [
                172.9834090500001,
                0.831284898000092
              ],
              [
                172.98715254,
                0.83234284100007
              ]
            ]
          ],
          [
            [
              [
                172.97779381600003,
                0.836330471000053
              ],
              [
                172.9795028000001,
                0.834214585000041
              ],
              [
                172.9824324880001,
                0.83116282800006
              ],
              [
                172.97934004,
                0.830755927000041
              ],
              [
                172.97535241000003,
                0.831691799000055
              ],
              [
                172.97217858200008,
                0.834540106000077
              ],
              [
                172.96941165500004,
                0.839667059000078
              ],
              [
                172.97575931100005,
                0.839667059000078
              ],
              [
                172.97779381600003,
                0.836330471000053
              ]
            ]
          ],
          [
            [
              [
                172.96208743600005,
                3.141831773000092
              ],
              [
                172.96705162900003,
                3.13540273600006
              ],
              [
                172.96827233200008,
                3.132391669000071
              ],
              [
                172.96941165500004,
                3.128159898000092
              ],
              [
                172.94703209700003,
                3.123032945000091
              ],
              [
                172.899750196,
                3.10024648600006
              ],
              [
                172.88697350400003,
                3.10024648600006
              ],
              [
                172.94418379,
                3.127386786000045
              ],
              [
                172.96208743600005,
                3.141831773000092
              ]
            ]
          ],
          [
            [
              [
                -174.50084387899992,
                -4.69109465899993
              ],
              [
                -174.51398678299992,
                -4.676202080999929
              ],
              [
                -174.5282690089999,
                -4.667413018999923
              ],
              [
                -174.5380753249999,
                -4.665215752999927
              ],
              [
                -174.54340572799993,
                -4.660251559999949
              ],
              [
                -174.53840084499993,
                -4.656508070999905
              ],
              [
                -174.5244034499999,
                -4.664483330999929
              ],
              [
                -174.50153561099992,
                -4.687676690999922
              ],
              [
                -174.50084387899992,
                -4.69109465899993
              ]
            ]
          ],
          [
            [
              [
                -171.25995846299992,
                -4.444105726999908
              ],
              [
                -171.24498450399992,
                -4.441338799999926
              ],
              [
                -171.2338761059999,
                -4.448988539999959
              ],
              [
                -171.23005123599992,
                -4.460544528999947
              ],
              [
                -171.23652096299992,
                -4.468519789999959
              ],
              [
                -171.24958248599992,
                -4.469821872999944
              ],
              [
                -171.2596329419999,
                -4.465264580999929
              ],
              [
                -171.2640274729999,
                -4.45631275799991
              ],
              [
                -171.25995846299992,
                -4.444105726999908
              ]
            ]
          ],
          [
            [
              [
                -160.4103897779999,
                4.709173895000049
              ],
              [
                -160.4166153639999,
                4.71710846600007
              ],
              [
                -160.41181393099993,
                4.721625067000048
              ],
              [
                -160.40119381399992,
                4.723089911000045
              ],
              [
                -160.3900040359999,
                4.72101471600007
              ],
              [
                -160.3788956369999,
                4.713283596000053
              ],
              [
                -160.38276119699992,
                4.706976630000042
              ],
              [
                -160.39537512899992,
                4.704779364000046
              ],
              [
                -160.4103897779999,
                4.709173895000049
              ]
            ]
          ],
          [
            [
              [
                -174.5292862619999,
                -4.682712497999944
              ],
              [
                -174.52790279899992,
                -4.683526299999926
              ],
              [
                -174.52765865799992,
                -4.683851820999905
              ],
              [
                -174.53388424399992,
                -4.680759372999944
              ],
              [
                -174.5417374339999,
                -4.672784112999921
              ],
              [
                -174.54010982999992,
                -4.672051690999922
              ],
              [
                -174.5358780589999,
                -4.677504164999959
              ],
              [
                -174.5292862619999,
                -4.682712497999944
              ]
            ]
          ],
          [
            [
              [
                -174.50641842399992,
                -4.68914153399993
              ],
              [
                -174.50068111899992,
                -4.694268487999921
              ],
              [
                -174.50153561099992,
                -4.697360934999949
              ],
              [
                -174.51215572799993,
                -4.691989841999941
              ],
              [
                -174.52155514199993,
                -4.683851820999905
              ],
              [
                -174.5167130199999,
                -4.684258721999925
              ],
              [
                -174.50641842399992,
                -4.68914153399993
              ]
            ]
          ],
          [
            [
              [
                -171.09357662699992,
                -3.131442966999941
              ],
              [
                -171.09003658799992,
                -3.120863539999959
              ],
              [
                -171.0854386059999,
                -3.111260674999926
              ],
              [
                -171.0831192699999,
                -3.129978122999944
              ],
              [
                -171.0872696609999,
                -3.143161716999941
              ],
              [
                -171.09247799399992,
                -3.145440362999921
              ],
              [
                -171.09357662699992,
                -3.131442966999941
              ]
            ]
          ]
        ]
      }
    }
  ]
}