{
  "type": "FeatureCollection",
  "name": "KM",
  "features": [
    {
      "type": "Feature",
      "geometry": {
        "type": "MultiPolygon",
        "coordinates": [
          [
            [
              [
                43.46656334700003,
                -11.821709893999923
              ],
              [
                43.469086134000065,
                -11.83171965899993
              ],
              [
                43.475352410000085,
                -11.84303150799991
              ],
              [
                43.498789910000085,
                -11.873630466999941
              ],
              [
                43.49830162900008,
                -11.882012627999927
              ],
              [
                43.486989780000044,
                -11.899834893999923
              ],
              [
                43.48373457100007,
                -11.90992603999996
              ],
              [
                43.48259524800005,
                -11.917168877999927
              ],
              [
                43.47999108200008,
                -11.92278411299992
              ],
              [
                43.472666863000086,
                -11.927911065999922
              ],
              [
                43.46314537900008,
                -11.93092213299991
              ],
              [
                43.449554884000065,
                -11.93287525799991
              ],
              [
                43.43767337300005,
                -11.931573174999926
              ],
              [
                43.432383660000085,
                -11.924086195999905
              ],
              [
                43.42595462300005,
                -11.911553643999923
              ],
              [
                43.36996504000007,
                -11.86060963299991
              ],
              [
                43.35515384200005,
                -11.854587497999944
              ],
              [
                43.31226647200003,
                -11.852146091999941
              ],
              [
                43.301768425000034,
                -11.849541924999926
              ],
              [
                43.29029381600009,
                -11.843357028999947
              ],
              [
                43.27100670700008,
                -11.82822030999995
              ],
              [
                43.26286868600005,
                -11.81804778399993
              ],
              [
                43.260101759000065,
                -11.809177341999941
              ],
              [
                43.258799675000034,
                -11.80046965899993
              ],
              [
                43.254242384000065,
                -11.79070403399993
              ],
              [
                43.22877037900008,
                -11.766289971999925
              ],
              [
                43.217784050000034,
                -11.750258070999905
              ],
              [
                43.213226759000065,
                -11.725762627999927
              ],
              [
                43.21599368600005,
                -11.715997002999927
              ],
              [
                43.22250410200007,
                -11.703871351999908
              ],
              [
                43.244151238000086,
                -11.672946872999944
              ],
              [
                43.24439537900008,
                -11.662286065999922
              ],
              [
                43.24154707100007,
                -11.651543877999927
              ],
              [
                43.240570509000065,
                -11.639825127999927
              ],
              [
                43.25440514400009,
                -11.463067315999922
              ],
              [
                43.252289259000065,
                -11.451348565999922
              ],
              [
                43.246836785000085,
                -11.440606377999927
              ],
              [
                43.256602410000085,
                -11.423272393999923
              ],
              [
                43.26612389400009,
                -11.398695570999905
              ],
              [
                43.27654056100005,
                -11.379571221999925
              ],
              [
                43.28834069100009,
                -11.379164320999905
              ],
              [
                43.330821160000085,
                -11.36500416499996
              ],
              [
                43.35572350400008,
                -11.361260674999926
              ],
              [
                43.374034050000034,
                -11.368584893999923
              ],
              [
                43.38599694100009,
                -11.38404713299991
              ],
              [
                43.394867384000065,
                -11.40016041499996
              ],
              [
                43.399424675000034,
                -11.418389580999929
              ],
              [
                43.37712649800005,
                -11.605075778999947
              ],
              [
                43.38607832100007,
                -11.645603122999944
              ],
              [
                43.43051191500007,
                -11.708184502999927
              ],
              [
                43.44662519600007,
                -11.749118747999944
              ],
              [
                43.44711347700007,
                -11.759372653999947
              ],
              [
                43.44556725400008,
                -11.78053150799991
              ],
              [
                43.44662519600007,
                -11.79070403399993
              ],
              [
                43.451182488000086,
                -11.798028252999927
              ],
              [
                43.457774285000085,
                -11.80437590899993
              ],
              [
                43.463877800000034,
                -11.811618747999944
              ],
              [
                43.46656334700003,
                -11.821709893999923
              ]
            ]
          ],
          [
            [
              [
                44.52906334700003,
                -12.232842705999929
              ],
              [
                44.52849368600005,
                -12.35475025799991
              ],
              [
                44.52295983200008,
                -12.37281666499996
              ],
              [
                44.51148522200003,
                -12.380303643999923
              ],
              [
                44.502696160000085,
                -12.37672291499996
              ],
              [
                44.49244225400008,
                -12.368259372999944
              ],
              [
                44.48414147200003,
                -12.358005466999941
              ],
              [
                44.48072350400008,
                -12.34929778399993
              ],
              [
                44.47877037900008,
                -12.33684661299992
              ],
              [
                44.473317905000044,
                -12.32976653399993
              ],
              [
                44.39958743600005,
                -12.279961846999925
              ],
              [
                44.391368035000085,
                -12.267022393999923
              ],
              [
                44.38526451900009,
                -12.25172291499996
              ],
              [
                44.370127800000034,
                -12.244317315999922
              ],
              [
                44.33057701900009,
                -12.236260674999926
              ],
              [
                44.26840254000007,
                -12.205010674999926
              ],
              [
                44.26002037900008,
                -12.198418877999927
              ],
              [
                44.21989993600005,
                -12.174981377999927
              ],
              [
                44.20639082100007,
                -12.160577080999929
              ],
              [
                44.22250410200007,
                -12.160088799999926
              ],
              [
                44.23585045700008,
                -12.16334400799991
              ],
              [
                44.26156660200007,
                -12.174248955999929
              ],
              [
                44.27898196700005,
                -12.17864348799992
              ],
              [
                44.311289910000085,
                -12.18328215899993
              ],
              [
                44.32309004000007,
                -12.187920830999929
              ],
              [
                44.32837975400008,
                -12.183770440999922
              ],
              [
                44.33838951900009,
                -12.17864348799992
              ],
              [
                44.34351647200003,
                -12.174248955999929
              ],
              [
                44.37354576900009,
                -12.180352471999925
              ],
              [
                44.40007571700005,
                -12.156508070999905
              ],
              [
                44.41529381600009,
                -12.119317315999922
              ],
              [
                44.41179446700005,
                -12.085544528999947
              ],
              [
                44.42156009200005,
                -12.082696221999925
              ],
              [
                44.43531334700003,
                -12.074802341999941
              ],
              [
                44.446055535000085,
                -12.071872653999947
              ],
              [
                44.45101972700007,
                -12.069756768999923
              ],
              [
                44.45533287900008,
                -12.066582940999922
              ],
              [
                44.46013431100005,
                -12.06414153399993
              ],
              [
                44.46705162900008,
                -12.064385674999926
              ],
              [
                44.47282962300005,
                -12.068536065999922
              ],
              [
                44.48072350400008,
                -12.082452080999929
              ],
              [
                44.48414147200003,
                -12.085544528999947
              ],
              [
                44.526377800000034,
                -12.21884530999995
              ],
              [
                44.52906334700003,
                -12.232842705999929
              ]
            ]
          ],
          [
            [
              [
                43.78874759200005,
                -12.308038018999923
              ],
              [
                43.79704837300005,
                -12.311618747999944
              ],
              [
                43.85010826900009,
                -12.346123955999929
              ],
              [
                43.86158287900008,
                -12.36337655999995
              ],
              [
                43.858164910000085,
                -12.371351820999905
              ],
              [
                43.84294681100005,
                -12.373467705999929
              ],
              [
                43.819346550000034,
                -12.373467705999929
              ],
              [
                43.75147545700008,
                -12.359958591999941
              ],
              [
                43.68140709700003,
                -12.358086846999925
              ],
              [
                43.66521243600005,
                -12.35247161299992
              ],
              [
                43.660817905000044,
                -12.34498463299991
              ],
              [
                43.66179446700005,
                -12.327732028999947
              ],
              [
                43.658946160000085,
                -12.318291924999926
              ],
              [
                43.65023847700007,
                -12.31023528399993
              ],
              [
                43.64112389400009,
                -12.30641041499996
              ],
              [
                43.63396243600005,
                -12.301039320999905
              ],
              [
                43.63103274800005,
                -12.287774346999925
              ],
              [
                43.629893425000034,
                -12.25172291499996
              ],
              [
                43.635752800000034,
                -12.236911716999941
              ],
              [
                43.65211022200003,
                -12.242608330999929
              ],
              [
                43.666351759000065,
                -12.25009530999995
              ],
              [
                43.70834394600007,
                -12.25790780999995
              ],
              [
                43.727224155000044,
                -12.263604424999926
              ],
              [
                43.779307488000086,
                -12.297621351999908
              ],
              [
                43.78874759200005,
                -12.308038018999923
              ]
            ]
          ]
        ]
      }
    }
  ]
}