{
  "type": "FeatureCollection",
  "name": "KN",
  "features": [
    {
      "type": "Feature",
      "geometry": {
        "type": "MultiPolygon",
        "coordinates": [
          [
            [
              [
                -62.650461391999954,
                17.26561107000009
              ],
              [
                -62.636830206999946,
                17.258205471000053
              ],
              [
                -62.62482662699995,
                17.241848049000055
              ],
              [
                -62.62474524599992,
                17.22528717700004
              ],
              [
                -62.647043423999946,
                17.217189846000053
              ],
              [
                -62.65973873599995,
                17.225490627000056
              ],
              [
                -62.670480923999946,
                17.26316966400009
              ],
              [
                -62.690297003999945,
                17.27496979400007
              ],
              [
                -62.70335852799991,
                17.289129950000074
              ],
              [
                -62.712554490999935,
                17.292303778000075
              ],
              [
                -62.74404863199993,
                17.29059479400007
              ],
              [
                -62.75694739499994,
                17.292303778000075
              ],
              [
                -62.788726365999935,
                17.30467357000009
              ],
              [
                -62.83161373599995,
                17.330145575000074
              ],
              [
                -62.86107337099992,
                17.36229075700004
              ],
              [
                -62.85313880099994,
                17.39472077000005
              ],
              [
                -62.84923255099994,
                17.398138739000046
              ],
              [
                -62.846547003999945,
                17.39996979400007
              ],
              [
                -62.84357662699995,
                17.40106842700004
              ],
              [
                -62.83885657499991,
                17.402167059000078
              ],
              [
                -62.82664954299992,
                17.407171942000048
              ],
              [
                -62.822336391999954,
                17.410101630000042
              ],
              [
                -62.819569464999915,
                17.415838934000078
              ],
              [
                -62.719960089999915,
                17.358547268000052
              ],
              [
                -62.69546464799993,
                17.333238023000092
              ],
              [
                -62.67813066299993,
                17.292222398000092
              ],
              [
                -62.666859503999945,
                17.273504950000074
              ],
              [
                -62.650461391999954,
                17.26561107000009
              ]
            ]
          ],
          [
            [
              [
                -62.59923255099994,
                17.202948309000078
              ],
              [
                -62.57843990799995,
                17.20254140800006
              ],
              [
                -62.56037350199995,
                17.19672272300005
              ],
              [
                -62.54649817599994,
                17.18378327000005
              ],
              [
                -62.53844153599994,
                17.161932684000078
              ],
              [
                -62.53726152299993,
                17.152899481000077
              ],
              [
                -62.536773240999935,
                17.129706122000073
              ],
              [
                -62.53844153599994,
                17.12099844000005
              ],
              [
                -62.54356848899994,
                17.10887278900009
              ],
              [
                -62.54759680899991,
                17.104641018000052
              ],
              [
                -62.5657445949999,
                17.100531317000048
              ],
              [
                -62.612172003999945,
                17.10415273600006
              ],
              [
                -62.62637285099993,
                17.140692450000074
              ],
              [
                -62.61864173099991,
                17.182806708000044
              ],
              [
                -62.59923255099994,
                17.202948309000078
              ]
            ]
          ]
        ]
      }
    }
  ]
}