{
  "type": "FeatureCollection",
  "features": [
    {
      "type": "Feature",
      "geometry": {
        "type": "MultiPolygon",
        "coordinates": [
          [
            [
              [
                130.6399997,
                42.3950243
              ],
              [
                129.9942672,
                42.9853869
              ],
              [
                129.5966687,
                42.4249818
              ],
              [
                128.0522152,
                41.9942846
              ],
              [
                128.2084331,
                41.4667716
              ],
              [
                127.343783,
                41.5031518
              ],
              [
                126.8690833,
                41.8165693
              ],
              [
                126.1820451,
                41.1073361
              ],
              [
                125.0799418,
                40.5698237
              ],
              [
                124.2656246,
                39.9284934
              ],
              [
                124.7374821,
                39.6603443
              ],
              [
                125.3211158,
                39.5513846
              ],
              [
                125.3865898,
                39.3879579
              ],
              [
                125.1328585,
                38.8485593
              ],
              [
                125.2219487,
                38.6658572
              ],
              [
                124.9859941,
                38.5484742
              ],
              [
                124.7121607,
                38.1083461
              ],
              [
                124.9810332,
                37.9488209
              ],
              [
                125.2400871,
                37.8572244
              ],
              [
                125.2753304,
                37.6690705
              ],
              [
                125.5684392,
                37.7520887
              ],
              [
                125.6891036,
                37.9400101
              ],
              [
                126.1747587,
                37.7496858
              ],
              [
                126.2373389,
                37.8403779
              ],
              [
                126.6837199,
                37.8047729
              ],
              [
                127.0733085,
                38.2561148
              ],
              [
                127.7800354,
                38.3045356
              ],
              [
                128.2057459,
                38.3703972
              ],
              [
                128.3497164,
                38.6122429
              ],
              [
                127.7833427,
                39.0508983
              ],
              [
                127.3854342,
                39.2134724
              ],
              [
                127.5021196,
                39.3239308
              ],
              [
                127.5334355,
                39.7568501
              ],
              [
                127.9674142,
                40.0254125
              ],
              [
                128.6333684,
                40.1898469
              ],
              [
                129.0103996,
                40.4854361
              ],
              [
                129.1881149,
                40.6618078
              ],
              [
                129.7051892,
                40.8828279
              ],
              [
                129.6673621,
                41.6011044
              ],
              [
                129.9659485,
                41.9413679
              ],
              [
                130.4000306,
                42.2800036
              ],
              [
                130.7799923,
                42.2200096
              ],
              [
                130.64,
                42.395
              ],
              [
                130.6399997,
                42.3950243
              ]
            ]
          ],
          [
            [
              [
                130.7800037,
                42.2200078
              ],
              [
                130.7800074,
                42.2200072
              ],
              [
                130.7800049,
                42.2200104
              ],
              [
                130.7800037,
                42.2200078
              ]
            ]
          ]
        ]
      }
    }
  ]
}