{
  "type": "FeatureCollection",
  "features": [
    {
      "type": "Feature",
      "geometry": {
        "type": "Polygon",
        "coordinates": [
          [
            [
              47.9745191,
              29.9758192
            ],
            [
              47.3026221,
              30.0590699
            ],
            [
              46.5687134,
              29.0990252
            ],
            [
              47.4598218,
              29.0025194
            ],
            [
              47.7088505,
              28.5260627
            ],
            [
              48.4160942,
              28.5520043
            ],
            [
              48.0939433,
              29.3062993
            ],
            [
              48.1831885,
              29.5344766
            ],
            [
              47.9745191,
              29.9758192
            ]
          ]
        ]
      }
    }
  ]
}