{
  "type": "FeatureCollection",
  "name": "KY",
  "features": [
    {
      "type": "Feature",
      "geometry": {
        "type": "MultiPolygon",
        "coordinates": [
          [
            [
              [
                -81.36953125,
                19.348876953125
              ],
              [
                -81.33725585937499,
                19.329492187499994
              ],
              [
                -81.296484375,
                19.341357421875003
              ],
              [
                -81.284814453125,
                19.362548828125
              ],
              [
                -81.13046875,
                19.34677734374999
              ],
              [
                -81.10712890625,
                19.30517578125
              ],
              [
                -81.224609375,
                19.304101562499994
              ],
              [
                -81.277294921875,
                19.277392578125003
              ],
              [
                -81.3037109375,
                19.271875
              ],
              [
                -81.40478515625,
                19.27841796874999
              ],
              [
                -81.419091796875,
                19.374755859375
              ],
              [
                -81.391015625,
                19.384912109374994
              ],
              [
                -81.36953125,
                19.348876953125
              ]
            ]
          ],
          [
            [
              [
                -79.97900390625,
                19.708203125
              ],
              [
                -79.98876953125,
                19.702539062499994
              ],
              [
                -80.020751953125,
                19.706835937500003
              ],
              [
                -80.094189453125,
                19.665917968749994
              ],
              [
                -80.12587890625,
                19.668359375
              ],
              [
                -80.11611328125,
                19.682666015625003
              ],
              [
                -80.10092773437499,
                19.69609375
              ],
              [
                -80.083642578125,
                19.706103515625003
              ],
              [
                -80.067578125,
                19.7099609375
              ],
              [
                -80.01621093749999,
                19.71826171875
              ],
              [
                -79.991845703125,
                19.719287109375003
              ],
              [
                -79.97509765625,
                19.7099609375
              ],
              [
                -79.97900390625,
                19.708203125
              ]
            ]
          ],
          [
            [
              [
                -79.823388671875,
                19.7119140625
              ],
              [
                -79.870068359375,
                19.696679687499994
              ],
              [
                -79.906201171875,
                19.702539062499994
              ],
              [
                -79.82421875,
                19.744091796874997
              ],
              [
                -79.803125,
                19.758105468750003
              ],
              [
                -79.78515625,
                19.765625
              ],
              [
                -79.766357421875,
                19.76572265624999
              ],
              [
                -79.74228515624999,
                19.757128906250003
              ],
              [
                -79.74228515624999,
                19.750878906249994
              ],
              [
                -79.823388671875,
                19.7119140625
              ]
            ]
          ]
        ]
      }
    }
  ]
}