{
  "type": "FeatureCollection",
  "features": [
    {
      "type": "Feature",
      "geometry": {
        "type": "Polygon",
        "coordinates": [
          [
            [
              87.3599703,
              49.2149808
            ],
            [
              86.8293567,
              49.8266747
            ],
            [
              85.54127,
              49.6928586
            ],
            [
              85.1155595,
              50.117303
            ],
            [
              84.4163774,
              50.3113996
            ],
            [
              83.9351148,
              50.8892455
            ],
            [
              83.3830038,
              51.0691828
            ],
            [
              81.9459855,
              50.8121959
            ],
            [
              80.5684469,
              51.3883365
            ],
            [
              80.0355595,
              50.8647509
            ],
            [
              77.8009156,
              53.404415
            ],
            [
              76.5251795,
              54.1770035
            ],
            [
              76.8911003,
              54.4905244
            ],
            [
              74.38482,
              53.54685
            ],
            [
              73.4256787,
              53.4898103
            ],
            [
              73.5085161,
              54.0356168
            ],
            [
              72.22415,
              54.3766554
            ],
            [
              71.1801311,
              54.1332852
            ],
            [
              70.8652666,
              55.1697336
            ],
            [
              69.0681669,
              55.3852501
            ],
            [
              68.1691004,
              54.9703918
            ],
            [
              65.66687,
              54.60125
            ],
            [
              65.1785336,
              54.3542278
            ],
            [
              61.4366,
              54.00625
            ],
            [
              60.9780664,
              53.6649934
            ],
            [
              61.6999862,
              52.9799964
            ],
            [
              60.7399931,
              52.7199865
            ],
            [
              60.9272685,
              52.4475483
            ],
            [
              59.9675338,
              51.9604204
            ],
            [
              61.5880034,
              51.2726588
            ],
            [
              61.3374244,
              50.7990701
            ],
            [
              59.9328072,
              50.8421941
            ],
            [
              59.6422823,
              50.5454422
            ],
            [
              58.36332,
              51.06364
            ],
            [
              56.77798,
              51.04355
            ],
            [
              55.71694,
              50.62171
            ],
            [
              54.5328785,
              51.0262397
            ],
            [
              52.3287236,
              51.7186522
            ],
            [
              50.7666484,
              51.6927624
            ],
            [
              48.7023816,
              50.6051285
            ],
            [
              48.5778414,
              49.8747596
            ],
            [
              47.5494804,
              50.4546984
            ],
            [
              46.7515963,
              49.3560058
            ],
            [
              47.0436715,
              49.1520389
            ],
            [
              46.4664458,
              48.3941523
            ],
            [
              47.31524,
              47.71585
            ],
            [
              48.05725,
              47.74377
            ],
            [
              48.6947335,
              47.0756282
            ],
            [
              48.59325,
              46.56104
            ],
            [
              49.10116,
              46.39933
            ],
            [
              50.0340833,
              46.60899
            ],
            [
              51.1919454,
              47.0487047
            ],
            [
              52.0420227,
              46.8046369
            ],
            [
              53.0427369,
              46.8530061
            ],
            [
              53.2208655,
              46.2346459
            ],
            [
              53.0408765,
              45.2590465
            ],
            [
              52.1673898,
              45.4083914
            ],
            [
              51.316899,
              45.2459982
            ],
            [
              51.2785035,
              44.5148542
            ],
            [
              50.3056429,
              44.6098355
            ],
            [
              50.3391293,
              44.2840156
            ],
            [
              50.8912919,
              44.0310336
            ],
            [
              51.3424272,
              43.1329748
            ],
            [
              52.5014262,
              42.7922979
            ],
            [
              52.6921123,
              42.4438954
            ],
            [
              52.4463391,
              42.0271508
            ],
            [
              52.5024598,
              41.7833155
            ],
            [
              52.9442932,
              42.1160342
            ],
            [
              54.0794178,
              42.3241094
            ],
            [
              54.7553455,
              42.0439715
            ],
            [
              55.4552511,
              41.2598591
            ],
            [
              55.9681914,
              41.3086417
            ],
            [
              55.9289173,
              44.9958585
            ],
            [
              58.5031271,
              45.5868043
            ],
            [
              58.689989,
              45.5000137
            ],
            [
              60.239972,
              44.7840368
            ],
            [
              61.0583199,
              44.405817
            ],
            [
              62.0133004,
              43.5044766
            ],
            [
              63.185787,
              43.650075
            ],
            [
              64.9008244,
              43.7280806
            ],
            [
              66.0980123,
              42.99766
            ],
            [
              66.0233916,
              41.9946463
            ],
            [
              66.5106486,
              41.9876442
            ],
            [
              66.7140471,
              41.1684435
            ],
            [
              67.9858557,
              41.1359907
            ],
            [
              68.2598959,
              40.6623245
            ],
            [
              68.6324829,
              40.6686807
            ],
            [
              69.0700273,
              41.3842443
            ],
            [
              70.3889649,
              42.0813077
            ],
            [
              70.9623149,
              42.2661543
            ],
            [
              71.1862806,
              42.7042929
            ],
            [
              71.8446383,
              42.8453954
            ],
            [
              73.4897575,
              42.5008945
            ],
            [
              73.6453036,
              43.0912719
            ],
            [
              74.2128658,
              43.2983393
            ],
            [
              75.636965,
              42.8778999
            ],
            [
              76.0003536,
              42.9880224
            ],
            [
              77.658392,
              42.9606855
            ],
            [
              79.1421774,
              42.8560924
            ],
            [
              79.6436455,
              42.4966828
            ],
            [
              80.2599903,
              42.3499993
            ],
            [
              80.1801502,
              42.9200679
            ],
            [
              80.8662065,
              43.180362
            ],
            [
              79.9661064,
              44.917517
            ],
            [
              81.9470708,
              45.3170275
            ],
            [
              82.4589258,
              45.5396496
            ],
            [
              83.1804838,
              47.3300312
            ],
            [
              85.1642904,
              47.0009557
            ],
            [
              85.7204838,
              47.4529695
            ],
            [
              85.7682329,
              48.4557506
            ],
            [
              86.5987765,
              48.5491816
            ],
            [
              87.3599703,
              49.2149808
            ]
          ]
        ]
      }
    }
  ]
}