{
  "type": "FeatureCollection",
  "features": [
    {
      "type": "Feature",
      "geometry": {
        "type": "Polygon",
        "coordinates": [
          [
            [
              107.3827275,
              14.2024409
            ],
            [
              107.5645252,
              15.2021732
            ],
            [
              107.3127059,
              15.9085383
            ],
            [
              106.5560079,
              16.604284
            ],
            [
              105.9257622,
              17.4853155
            ],
            [
              105.0945984,
              18.6669746
            ],
            [
              103.896532,
              19.265181
            ],
            [
              104.1833879,
              19.6246681
            ],
            [
              104.8225737,
              19.8866418
            ],
            [
              104.4350004,
              20.7587332
            ],
            [
              103.2038611,
              20.7665622
            ],
            [
              102.7548963,
              21.6751372
            ],
            [
              102.1704358,
              22.4647531
            ],
            [
              101.6520179,
              22.3181988
            ],
            [
              101.8031197,
              21.1743668
            ],
            [
              101.2700257,
              21.2016519
            ],
            [
              101.1800053,
              21.436573
            ],
            [
              100.3291012,
              20.7861217
            ],
            [
              100.1159876,
              20.4178496
            ],
            [
              100.5488811,
              20.109238
            ],
            [
              100.6062936,
              19.5083444
            ],
            [
              101.2820146,
              19.4625849
            ],
            [
              101.0359314,
              18.4089283
            ],
            [
              101.0595476,
              17.5124973
            ],
            [
              102.1135918,
              18.1091017
            ],
            [
              102.413005,
              17.9327817
            ],
            [
              102.9987057,
              17.9616946
            ],
            [
              103.2001921,
              18.3096321
            ],
            [
              103.9564767,
              18.2409541
            ],
            [
              104.7169471,
              17.428859
            ],
            [
              104.7793205,
              16.4418649
            ],
            [
              105.5890385,
              15.5703161
            ],
            [
              105.5443384,
              14.7239336
            ],
            [
              105.2187769,
              14.2732118
            ],
            [
              106.0439462,
              13.881091
            ],
            [
              106.4963733,
              14.5705838
            ],
            [
              107.3827275,
              14.2024409
            ]
          ]
        ]
      }
    }
  ]
}