{
  "type": "FeatureCollection",
  "features": [
    {
      "type": "Feature",
      "geometry": {
        "type": "Polygon",
        "coordinates": [
          [
            [
              35.8211007,
              33.2774265
            ],
            [
              36.0664604,
              33.8249124
            ],
            [
              36.6117501,
              34.2017886
            ],
            [
              36.4481942,
              34.5939352
            ],
            [
              35.9984025,
              34.644914
            ],
            [
              35.9795923,
              34.6100583
            ],
            [
              35.4822067,
              33.9054501
            ],
            [
              35.1260527,
              33.0909004
            ],
            [
              35.4607093,
              33.08904
            ],
            [
              35.5527967,
              33.2642748
            ],
            [
              35.8211007,
              33.2774265
            ]
          ]
        ]
      }
    }
  ]
}