{
  "type": "FeatureCollection",
  "name": "LC",
  "features": [
    {
      "type": "Feature",
      "geometry": {
        "type": "MultiPolygon",
        "coordinates": [
          [
            [
              [
                -60.886789516999954,
                14.01007721600007
              ],
              [
                -60.88296464799993,
                13.980617580000057
              ],
              [
                -60.88304602799991,
                13.954413153000075
              ],
              [
                -60.895090298999946,
                13.877346096000053
              ],
              [
                -60.89220130099994,
                13.833197333000044
              ],
              [
                -60.90461178299995,
                13.78424713700008
              ],
              [
                -60.90729732999995,
                13.77732982000009
              ],
              [
                -60.91030839799993,
                13.77610911700009
              ],
              [
                -60.92284094999991,
                13.772691148000092
              ],
              [
                -60.92711341099994,
                13.769924221000053
              ],
              [
                -60.931752081999946,
                13.760321356000077
              ],
              [
                -60.94078528599994,
                13.72211334800005
              ],
              [
                -60.94701087099992,
                13.716294664000088
              ],
              [
                -60.950103318999936,
                13.714667059000078
              ],
              [
                -60.955067511999914,
                13.714667059000078
              ],
              [
                -60.97337805899991,
                13.73899974200009
              ],
              [
                -61.0481664699999,
                13.767320054000038
              ],
              [
                -61.06493079299992,
                13.786932684000078
              ],
              [
                -61.06810462099992,
                13.792181708000044
              ],
              [
                -61.074208136999914,
                13.79873281500005
              ],
              [
                -61.078114386999914,
                13.806301174000055
              ],
              [
                -61.071156378999945,
                13.821966864000046
              ],
              [
                -61.07005774599992,
                13.832098700000074
              ],
              [
                -61.071156378999945,
                13.85179271000004
              ],
              [
                -61.07274329299992,
                13.858221747000073
              ],
              [
                -61.07559160099993,
                13.86326732000009
              ],
              [
                -61.078114386999914,
                13.869614976000037
              ],
              [
                -61.07852128799993,
                13.879787502000056
              ],
              [
                -61.07591712099992,
                13.890366929000038
              ],
              [
                -61.06688391799992,
                13.909002997000073
              ],
              [
                -61.06493079299992,
                13.917303778000075
              ],
              [
                -61.059478318999936,
                13.931219794000071
              ],
              [
                -61.03555253799993,
                13.964911200000074
              ],
              [
                -61.026600714999915,
                13.98737213700008
              ],
              [
                -61.00226803299995,
                14.023138739000046
              ],
              [
                -60.99705969999991,
                14.027167059000078
              ],
              [
                -60.98729407499991,
                14.032538153000075
              ],
              [
                -60.98232988199993,
                14.03733958500004
              ],
              [
                -60.97996985599991,
                14.043524481000077
              ],
              [
                -60.97606360599991,
                14.06118398600006
              ],
              [
                -60.97207597599993,
                14.068101304000038
              ],
              [
                -60.94762122299994,
                14.10228099200009
              ],
              [
                -60.93346106699994,
                14.111883856000077
              ],
              [
                -60.914133266999954,
                14.10569896000004
              ],
              [
                -60.91860917899993,
                14.088446356000077
              ],
              [
                -60.91193600199995,
                14.079494533000059
              ],
              [
                -60.90103105399993,
                14.073391018000052
              ],
              [
                -60.89297441299993,
                14.06468333500004
              ],
              [
                -60.89020748599995,
                14.052232164000088
              ],
              [
                -60.886789516999954,
                14.01007721600007
              ]
            ]
          ]
        ]
      }
    }
  ]
}