{
  "type": "FeatureCollection",
  "name": "LI",
  "features": [
    {
      "type": "Feature",
      "geometry": {
        "type": "MultiPolygon",
        "coordinates": [
          [
            [
              [
                9.52115482500011,
                47.2628010050001
              ],
              [
                9.530249878000092,
                47.253654277000024
              ],
              [
                9.547096395000068,
                47.24303477000002
              ],
              [
                9.540378458000134,
                47.22910797200005
              ],
              [
                9.544822632000148,
                47.220322978000056
              ],
              [
                9.554331095000123,
                47.211615499000104
              ],
              [
                9.562909383000061,
                47.19774037700002
              ],
              [
                9.561875854000078,
                47.19060902900007
              ],
              [
                9.551953979000103,
                47.175571188
              ],
              [
                9.552057332000118,
                47.16688954700005
              ],
              [
                9.5818229570001,
                47.154900615000074
              ],
              [
                9.605594116000077,
                47.13226633700005
              ],
              [
                9.615722697000109,
                47.10676401800002
              ],
              [
                9.608798055000136,
                47.080770773000054
              ],
              [
                9.581202840000032,
                47.05687042300006
              ],
              [
                9.560635620000141,
                47.05240041200004
              ],
              [
                9.499554077000141,
                47.05935089100002
              ],
              [
                9.477023153000118,
                47.06389841700006
              ],
              [
                9.475886271000121,
                47.0732260140001
              ],
              [
                9.487565145000104,
                47.083948874
              ],
              [
                9.50286136800014,
                47.09469757200013
              ],
              [
                9.512369832000047,
                47.10803009100006
              ],
              [
                9.511853068000107,
                47.12937245700006
              ],
              [
                9.503481486000112,
                47.14539215100011
              ],
              [
                9.492629435000083,
                47.15980987600001
              ],
              [
                9.484981323000085,
                47.176346334000115
              ],
              [
                9.487358439000047,
                47.21001352900005
              ],
              [
                9.504618368000138,
                47.24373240200002
              ],
              [
                9.52115482500011,
                47.2628010050001
              ]
            ]
          ]
        ]
      }
    }
  ]
}