{
  "type": "FeatureCollection",
  "features": [
    {
      "type": "Feature",
      "geometry": {
        "type": "Polygon",
        "coordinates": [
          [
            [
              81.787959,
              7.5230553
            ],
            [
              81.3043193,
              8.5642062
            ],
            [
              80.838818,
              9.2684268
            ],
            [
              80.1478007,
              9.8240777
            ],
            [
              79.6951669,
              8.2008434
            ],
            [
              79.8724687,
              6.7634634
            ],
            [
              80.348357,
              5.9683699
            ],
            [
              81.2180196,
              6.1971414
            ],
            [
              81.6373222,
              6.4817752
            ],
            [
              81.787959,
              7.5230553
            ]
          ]
        ]
      }
    }
  ]
}