{
  "type": "FeatureCollection",
  "features": [
    {
      "type": "Feature",
      "geometry": {
        "type": "Polygon",
        "coordinates": [
          [
            [
              -8.4392985,
              7.6860428
            ],
            [
              -8.7221236,
              7.7116743
            ],
            [
              -8.9260646,
              7.3090374
            ],
            [
              -9.2087864,
              7.3139208
            ],
            [
              -9.4033482,
              7.5269052
            ],
            [
              -9.3372798,
              7.9285345
            ],
            [
              -9.7553422,
              8.5410552
            ],
            [
              -10.0165665,
              8.4285039
            ],
            [
              -10.2300936,
              8.4062056
            ],
            [
              -10.6955949,
              7.939464
            ],
            [
              -11.1467043,
              7.3967064
            ],
            [
              -11.1998018,
              7.1058456
            ],
            [
              -11.4387795,
              6.7859169
            ],
            [
              -10.7653839,
              6.1407108
            ],
            [
              -9.9134204,
              5.5935607
            ],
            [
              -9.0047937,
              4.8324185
            ],
            [
              -7.9741072,
              4.3557551
            ],
            [
              -7.7121594,
              4.3645659
            ],
            [
              -7.6353682,
              5.1881591
            ],
            [
              -7.5397151,
              5.3133452
            ],
            [
              -7.5701526,
              5.7073522
            ],
            [
              -7.9936926,
              6.1261897
            ],
            [
              -8.3113476,
              6.1930331
            ],
            [
              -8.6028802,
              6.4675642
            ],
            [
              -8.3854516,
              6.9118006
            ],
            [
              -8.4854455,
              7.3952078
            ],
            [
              -8.4392985,
              7.6860428
            ]
          ]
        ]
      }
    }
  ]
}