{
  "type": "FeatureCollection",
  "features": [
    {
      "type": "Feature",
      "geometry": {
        "type": "Polygon",
        "coordinates": [
          [
            [
              28.9782626,
              -28.9555966
            ],
            [
              28.5417001,
              -28.6475017
            ],
            [
              28.0743384,
              -28.8514686
            ],
            [
              27.532511,
              -29.2427109
            ],
            [
              26.9992619,
              -29.8759539
            ],
            [
              27.749397,
              -30.6451059
            ],
            [
              28.1072046,
              -30.5457321
            ],
            [
              28.2910694,
              -30.2262167
            ],
            [
              28.8483997,
              -30.0700506
            ],
            [
              29.0184152,
              -29.7437656
            ],
            [
              29.3251665,
              -29.257387
            ],
            [
              28.9782626,
              -28.9555966
            ]
          ]
        ]
      }
    }
  ]
}