{
  "type": "FeatureCollection",
  "features": [
    {
      "type": "Feature",
      "geometry": {
        "type": "Polygon",
        "coordinates": [
          [
            [
              26.4943315,
              55.6151069
            ],
            [
              25.5330465,
              56.1002969
            ],
            [
              25.0009343,
              56.1645307
            ],
            [
              24.8606844,
              56.3725284
            ],
            [
              23.8782638,
              56.2736714
            ],
            [
              22.2011569,
              56.3378018
            ],
            [
              21.0558004,
              56.0310764
            ],
            [
              21.2684489,
              55.1904817
            ],
            [
              22.3157235,
              55.0152986
            ],
            [
              22.7577637,
              54.8565744
            ],
            [
              22.6510519,
              54.582741
            ],
            [
              22.7310987,
              54.3275369
            ],
            [
              23.2439873,
              54.2205667
            ],
            [
              23.4841276,
              53.9124977
            ],
            [
              24.4506836,
              53.9057022
            ],
            [
              25.5363538,
              54.2824234
            ],
            [
              25.7684327,
              54.8469626
            ],
            [
              26.5882792,
              55.1671756
            ],
            [
              26.4943315,
              55.6151069
            ]
          ]
        ]
      }
    }
  ]
}