{
  "type": "FeatureCollection",
  "features": [
    {
      "type": "Feature",
      "geometry": {
        "type": "Polygon",
        "coordinates": [
          [
            [
              6.0430734,
              50.1280517
            ],
            [
              5.7824174,
              50.0903279
            ],
            [
              5.674052,
              49.5294835
            ],
            [
              5.8977592,
              49.4426671
            ],
            [
              6.1863204,
              49.4638028
            ],
            [
              6.2427511,
              49.9022257
            ],
            [
              6.0430734,
              50.1280517
            ]
          ]
        ]
      }
    }
  ]
}