{
  "type": "FeatureCollection",
  "features": [
    {
      "type": "Feature",
      "geometry": {
        "type": "Polygon",
        "coordinates": [
          [
            [
              27.2881848,
              57.4745283
            ],
            [
              26.4635323,
              57.4763887
            ],
            [
              25.6028097,
              57.8475288
            ],
            [
              25.1645935,
              57.970157
            ],
            [
              24.3128626,
              57.7934236
            ],
            [
              24.1207296,
              57.0256927
            ],
            [
              23.318453,
              57.0062365
            ],
            [
              22.5243413,
              57.7533743
            ],
            [
              21.5818665,
              57.4118706
            ],
            [
              21.0904236,
              56.7838728
            ],
            [
              21.0558004,
              56.0310764
            ],
            [
              22.2011569,
              56.3378018
            ],
            [
              23.8782638,
              56.2736714
            ],
            [
              24.8606844,
              56.3725284
            ],
            [
              25.0009343,
              56.1645307
            ],
            [
              25.5330465,
              56.1002969
            ],
            [
              26.4943315,
              55.6151069
            ],
            [
              27.1024598,
              55.7833137
            ],
            [
              28.1767094,
              56.16913
            ],
            [
              27.855282,
              56.7593265
            ],
            [
              27.7700159,
              57.2442581
            ],
            [
              27.2881848,
              57.4745283
            ]
          ]
        ]
      }
    }
  ]
}