{
  "type": "FeatureCollection",
  "features": [
    {
      "type": "Feature",
      "geometry": {
        "type": "Polygon",
        "coordinates": [
          [
            [
              25.0,
              22.0
            ],
            [
              25.0,
              25.6825
            ],
            [
              25.0,
              29.2386545
            ],
            [
              24.70007,
              30.04419
            ],
            [
              24.95762,
              30.6616
            ],
            [
              24.80287,
              31.08929
            ],
            [
              25.16482,
              31.56915
            ],
            [
              24.92114,
              31.89936
            ],
            [
              23.9275,
              32.01667
            ],
            [
              23.60913,
              32.18726
            ],
            [
              23.2368,
              32.19149
            ],
            [
              22.89576,
              32.63858
            ],
            [
              21.54298,
              32.8432
            ],
            [
              20.85452,
              32.7068
            ],
            [
              20.13397,
              32.2382
            ],
            [
              19.82033,
              31.75179
            ],
            [
              20.05335,
              30.98576
            ],
            [
              19.57404,
              30.52582
            ],
            [
              19.08641,
              30.26639
            ],
            [
              18.02109,
              30.76357
            ],
            [
              16.61162,
              31.18218
            ],
            [
              15.71394,
              31.37626
            ],
            [
              15.24563,
              32.26508
            ],
            [
              13.91868,
              32.71196
            ],
            [
              13.08326,
              32.87882
            ],
            [
              12.66331,
              32.79278
            ],
            [
              11.4887875,
              33.1369958
            ],
            [
              11.4322535,
              32.3689031
            ],
            [
              10.9447897,
              32.0818147
            ],
            [
              10.6369015,
              31.7614208
            ],
            [
              9.9502251,
              31.3760696
            ],
            [
              10.0565751,
              30.9618314
            ],
            [
              9.9700171,
              30.5393249
            ],
            [
              9.4821399,
              30.3075561
            ],
            [
              9.8056344,
              29.4246384
            ],
            [
              9.859998,
              28.9599897
            ],
            [
              9.6838847,
              28.1441739
            ],
            [
              9.7561284,
              27.6882586
            ],
            [
              9.629056,
              27.1409535
            ],
            [
              9.7162858,
              26.5122063
            ],
            [
              9.3194108,
              26.0943249
            ],
            [
              9.9106926,
              25.3654546
            ],
            [
              9.9482613,
              24.9369536
            ],
            [
              10.3038469,
              24.3793133
            ],
            [
              10.7713636,
              24.5625321
            ],
            [
              11.5606694,
              24.0979092
            ],
            [
              11.9995056,
              23.4716684
            ],
            [
              13.5814246,
              23.0405061
            ],
            [
              14.1438709,
              22.491289
            ],
            [
              14.8513,
              22.86295
            ],
            [
              15.86085,
              23.40972
            ],
            [
              19.84926,
              21.49509
            ],
            [
              23.83766,
              19.58047
            ],
            [
              23.85,
              20.0
            ],
            [
              25.0,
              20.00304
            ],
            [
              25.0,
              22.0
            ]
          ]
        ]
      }
    }
  ]
}