{
  "type": "FeatureCollection",
  "name": "MC",
  "features": [
    {
      "type": "Feature",
      "geometry": {
        "type": "MultiPolygon",
        "coordinates": [
          [
            [
              [
                7.43745403212602,
                43.74336054083465
              ],
              [
                7.432845087000089,
                43.739852548000044
              ],
              [
                7.417956880000077,
                43.73090382500004
              ],
              [
                7.404319061000081,
                43.71796907700008
              ],
              [
                7.380722515000059,
                43.71927314100009
              ],
              [
                7.365750207000076,
                43.72273028300002
              ],
              [
                7.367262599000071,
                43.73412453300007
              ],
              [
                7.372655477000052,
                43.74583221500002
              ],
              [
                7.387538289000105,
                43.7578986620001
              ],
              [
                7.406968628000072,
                43.76350555400002
              ],
              [
                7.426246111000125,
                43.755464229000026
              ],
              [
                7.43745403212602,
                43.74336054083465
              ]
            ]
          ]
        ]
      }
    }
  ]
}