{
  "type": "FeatureCollection",
  "name": "MF",
  "features": [
    {
      "type": "Feature",
      "geometry": {
        "type": "MultiPolygon",
        "coordinates": [
          [
            [
              [
                -63.011181640625,
                18.06894531249999
              ],
              [
                -63.123046875,
                18.06894531249999
              ],
              [
                -63.114990234375,
                18.090722656249994
              ],
              [
                -63.06308593749999,
                18.11533203124999
              ],
              [
                -63.024804687499994,
                18.113085937500003
              ],
              [
                -63.009423828124994,
                18.104296875
              ],
              [
                -63.011181640625,
                18.06894531249999
              ]
            ]
          ]
        ]
      }
    }
  ]
}