{
  "type": "FeatureCollection",
  "features": [
    {
      "type": "Feature",
      "geometry": {
        "type": "Polygon",
        "coordinates": [
          [
            [
              49.5435189,
              -12.4698329
            ],
            [
              49.1946513,
              -12.0405567
            ],
            [
              48.8635087,
              -12.4878679
            ],
            [
              48.8450603,
              -13.0891749
            ],
            [
              48.2938278,
              -13.7840679
            ],
            [
              47.8690475,
              -13.6638685
            ],
            [
              48.0052149,
              -14.0912326
            ],
            [
              47.7051298,
              -14.5943027
            ],
            [
              46.8821827,
              -15.2101824
            ],
            [
              46.3122433,
              -15.7800184
            ],
            [
              45.8729936,
              -15.7934543
            ],
            [
              45.502732,
              -15.9743735
            ],
            [
              44.9449366,
              -16.1793739
            ],
            [
              44.4465174,
              -16.2162192
            ],
            [
              44.3124687,
              -16.8504957
            ],
            [
              43.9630843,
              -17.4099448
            ],
            [
              44.0429761,
              -18.3313872
            ],
            [
              44.2324219,
              -18.9619947
            ],
            [
              44.4643974,
              -19.4354542
            ],
            [
              44.3743254,
              -20.0723662
            ],
            [
              43.8963701,
              -20.8304595
            ],
            [
              43.8936829,
              -21.1633074
            ],
            [
              43.4332976,
              -21.3364751
            ],
            [
              43.254187,
              -22.057413
            ],
            [
              43.3456543,
              -22.776904
            ],
            [
              43.6977775,
              -23.5741163
            ],
            [
              43.7637683,
              -24.4606772
            ],
            [
              44.0397205,
              -24.9883452
            ],
            [
              44.8335738,
              -25.3461012
            ],
            [
              45.4095077,
              -25.6014344
            ],
            [
              46.2824777,
              -25.1784628
            ],
            [
              47.0957613,
              -24.9416297
            ],
            [
              47.5477234,
              -23.7819589
            ],
            [
              47.9307491,
              -22.3915012
            ],
            [
              48.5485409,
              -20.4968881
            ],
            [
              49.0417924,
              -19.118781
            ],
            [
              49.4356185,
              -17.9530641
            ],
            [
              49.4986121,
              -17.1060357
            ],
            [
              49.7745642,
              -16.875042
            ],
            [
              49.8633444,
              -16.4510369
            ],
            [
              49.6726066,
              -15.7102035
            ],
            [
              49.8606055,
              -15.4142526
            ],
            [
              50.2002747,
              -16.0002634
            ],
            [
              50.3771114,
              -15.7060694
            ],
            [
              50.4765369,
              -15.2265121
            ],
            [
              50.2174313,
              -14.7587888
            ],
            [
              50.0565109,
              -13.5557614
            ],
            [
              49.8089807,
              -12.8952849
            ],
            [
              49.5435189,
              -12.4698329
            ]
          ]
        ]
      }
    }
  ]
}