{
  "type": "FeatureCollection",
  "name": "MH",
  "features": [
    {
      "type": "Feature",
      "geometry": {
        "type": "MultiPolygon",
        "coordinates": [
          [
            [
              [
                169.5903426440001,
                5.800930080000057
              ],
              [
                169.61011803500003,
                5.811916408000059
              ],
              [
                169.617523634,
                5.818264065000051
              ],
              [
                169.6235457690001,
                5.827297268000052
              ],
              [
                169.62964928500003,
                5.84015534100007
              ],
              [
                169.6386824880001,
                5.870347398000092
              ],
              [
                169.64519290500004,
                5.917141018000052
              ],
              [
                169.65552819100003,
                5.942857164000088
              ],
              [
                169.67603600400003,
                5.961004950000074
              ],
              [
                169.7002059250001,
                5.97601959800005
              ],
              [
                169.71859785200002,
                5.993109442000048
              ],
              [
                169.73454837300005,
                6.01312897300005
              ],
              [
                169.72144616000003,
                5.976629950000074
              ],
              [
                169.66521243600005,
                5.938788153000075
              ],
              [
                169.65251712300005,
                5.89984772300005
              ],
              [
                169.647797071,
                5.870021877000056
              ],
              [
                169.63502037900003,
                5.829046942000048
              ],
              [
                169.6152449880001,
                5.798773505000042
              ],
              [
                169.5903426440001,
                5.800930080000057
              ]
            ]
          ],
          [
            [
              [
                171.3935653000001,
                7.109930731000077
              ],
              [
                171.36687259200005,
                7.09446849200009
              ],
              [
                171.2934676440001,
                7.083685614000046
              ],
              [
                171.26319420700008,
                7.067694403000075
              ],
              [
                171.235199415,
                7.067694403000075
              ],
              [
                171.2021590500001,
                7.072455145000049
              ],
              [
                171.060883009,
                7.13540273600006
              ],
              [
                171.0356551440001,
                7.155096747000073
              ],
              [
                171.05030358200008,
                7.170721747000073
              ],
              [
                171.05054772200003,
                7.161037502000056
              ],
              [
                171.05225670700008,
                7.154852606000077
              ],
              [
                171.0571395190001,
                7.143459377000056
              ],
              [
                171.22641035200002,
                7.075751044000071
              ],
              [
                171.23747806100005,
                7.075913804000038
              ],
              [
                171.26335696700005,
                7.08079661700009
              ],
              [
                171.28484134200005,
                7.088324286000045
              ],
              [
                171.3935653000001,
                7.109930731000077
              ]
            ]
          ],
          [
            [
              [
                168.96558678500003,
                7.574652411000045
              ],
              [
                168.96762129,
                7.580633856000077
              ],
              [
                168.968109571,
                7.584499416000085
              ],
              [
                168.96208743600005,
                7.591701565000051
              ],
              [
                168.95134524800005,
                7.595689195000091
              ],
              [
                168.9384871750001,
                7.596380927000041
              ],
              [
                168.94410241000003,
                7.598089911000045
              ],
              [
                168.95183353000004,
                7.599188544000071
              ],
              [
                168.95964603000004,
                7.598578192000048
              ],
              [
                168.96558678500003,
                7.595363674000055
              ],
              [
                168.9692488940001,
                7.586737372000073
              ],
              [
                168.9697371750001,
                7.583889065000051
              ],
              [
                168.9692488940001,
                7.578680731000077
              ],
              [
                168.96859785200002,
                7.571234442000048
              ],
              [
                168.96558678500003,
                7.574652411000045
              ]
            ]
          ],
          [
            [
              [
                171.75668379,
                6.97211334800005
              ],
              [
                171.73031660200002,
                6.975572007000039
              ],
              [
                171.68873131600003,
                7.00657786700009
              ],
              [
                171.66041100400003,
                7.013088283000059
              ],
              [
                171.61394290500004,
                7.006089585000041
              ],
              [
                171.59262129,
                7.015285549000055
              ],
              [
                171.57732181100005,
                7.04718659100007
              ],
              [
                171.587250196,
                7.034084377000056
              ],
              [
                171.597992384,
                7.024725653000075
              ],
              [
                171.61117597700002,
                7.019924221000053
              ],
              [
                171.676117384,
                7.022853908000059
              ],
              [
                171.6894637380001,
                7.019924221000053
              ],
              [
                171.73406009200005,
                6.98468659100007
              ],
              [
                171.75668379,
                6.97211334800005
              ]
            ]
          ],
          [
            [
              [
                168.10108483200008,
                5.599310614000046
              ],
              [
                168.10132897200003,
                5.599595445000091
              ],
              [
                168.10726972700002,
                5.597235419000071
              ],
              [
                168.1152449880001,
                5.595404364000046
              ],
              [
                168.1211043630001,
                5.597357489000046
              ],
              [
                168.12566165500004,
                5.605698960000041
              ],
              [
                168.12761478000004,
                5.614243882000039
              ],
              [
                168.127289259,
                5.622788804000038
              ],
              [
                168.12452233200008,
                5.631048895000049
              ],
              [
                168.13200931100005,
                5.618557033000059
              ],
              [
                168.1279403000001,
                5.601629950000074
              ],
              [
                168.1162215500001,
                5.591376044000071
              ],
              [
                168.10108483200008,
                5.599310614000046
              ]
            ]
          ],
          [
            [
              [
                171.90967858200008,
                7.098781643000052
              ],
              [
                171.91773522200003,
                7.105129299000055
              ],
              [
                171.9218856130001,
                7.111761786000045
              ],
              [
                171.921234571,
                7.118475653000075
              ],
              [
                171.915375196,
                7.125148830000057
              ],
              [
                171.92888431100005,
                7.118312893000052
              ],
              [
                171.9238387380001,
                7.104396877000056
              ],
              [
                171.90894616000003,
                7.092271226000094
              ],
              [
                171.89210045700008,
                7.090806382000039
              ],
              [
                171.89600670700008,
                7.093898830000057
              ],
              [
                171.90023847700002,
                7.095770575000074
              ],
              [
                171.90967858200008,
                7.098781643000052
              ]
            ]
          ],
          [
            [
              [
                168.7578231130001,
                7.307928778000075
              ],
              [
                168.8300887380001,
                7.307928778000075
              ],
              [
                168.81527754,
                7.292466539000088
              ],
              [
                168.7915145190001,
                7.293402411000045
              ],
              [
                168.7461043630001,
                7.304185289000088
              ],
              [
                168.6958113940001,
                7.313381252000056
              ],
              [
                168.67505944100003,
                7.320868231000077
              ],
              [
                168.67920983200008,
                7.335191148000092
              ],
              [
                168.69402103000004,
                7.321763414000088
              ],
              [
                168.71631920700008,
                7.315375067000048
              ],
              [
                168.7382918630001,
                7.309068101000094
              ],
              [
                168.7578231130001,
                7.307928778000075
              ]
            ]
          ],
          [
            [
              [
                171.79224694100003,
                7.05499909100007
              ],
              [
                171.79444420700008,
                7.057766018000052
              ],
              [
                171.7959090500001,
                7.060207424000055
              ],
              [
                171.7978621750001,
                7.061916408000059
              ],
              [
                171.80095462300005,
                7.062689520000049
              ],
              [
                171.79444420700008,
                7.049750067000048
              ],
              [
                171.785980665,
                7.038234768000052
              ],
              [
                171.7758895190001,
                7.028143622000073
              ],
              [
                171.7641707690001,
                7.019517320000091
              ],
              [
                171.77019290500004,
                7.028876044000071
              ],
              [
                171.79224694100003,
                7.05499909100007
              ]
            ]
          ],
          [
            [
              [
                170.85173587300005,
                8.897772528000075
              ],
              [
                170.8447371750001,
                8.886501369000086
              ],
              [
                170.83912194100003,
                8.888169664000088
              ],
              [
                170.83855228000004,
                8.888373114000046
              ],
              [
                170.8379012380001,
                8.88865794500009
              ],
              [
                170.83741295700008,
                8.889064846000053
              ],
              [
                170.83716881600003,
                8.889593817000048
              ],
              [
                170.84131920700008,
                8.898586330000057
              ],
              [
                170.844574415,
                8.900783596000053
              ],
              [
                170.8501082690001,
                8.90143463700008
              ],
              [
                170.85173587300005,
                8.897772528000075
              ]
            ]
          ],
          [
            [
              [
                171.7246199880001,
                6.101711330000057
              ],
              [
                171.7285262380001,
                6.097642320000091
              ],
              [
                171.7324324880001,
                6.09210846600007
              ],
              [
                171.7431746750001,
                6.083197333000044
              ],
              [
                171.7451278000001,
                6.079128322000088
              ],
              [
                171.73845462300005,
                6.079169012000079
              ],
              [
                171.72820071700005,
                6.079291083000044
              ],
              [
                171.72282962300005,
                6.08344147300005
              ],
              [
                171.7216903000001,
                6.090969143000052
              ],
              [
                171.7246199880001,
                6.101711330000057
              ]
            ]
          ],
          [
            [
              [
                172.0297957690001,
                6.05414459800005
              ],
              [
                172.0083113940001,
                6.056219794000071
              ],
              [
                171.98414147200003,
                6.051703192000048
              ],
              [
                171.96241295700008,
                6.051825262000079
              ],
              [
                171.94841556100005,
                6.067775783000059
              ],
              [
                171.950531446,
                6.066595770000049
              ],
              [
                171.95679772200003,
                6.064154364000046
              ],
              [
                171.96648196700005,
                6.061997789000088
              ],
              [
                171.9961043630001,
                6.060980536000045
              ],
              [
                172.0297957690001,
                6.05414459800005
              ]
            ]
          ],
          [
            [
              [
                168.68539472700002,
                4.573797919000071
              ],
              [
                168.73503665500004,
                4.590521552000041
              ],
              [
                168.74431399800005,
                4.598618882000039
              ],
              [
                168.7680770190001,
                4.629055080000057
              ],
              [
                168.75847415500004,
                4.604641018000052
              ],
              [
                168.74138431100005,
                4.585842190000051
              ],
              [
                168.7168074880001,
                4.574774481000077
              ],
              [
                168.68539472700002,
                4.573797919000071
              ]
            ]
          ],
          [
            [
              [
                168.57683353000004,
                7.404120184000078
              ],
              [
                168.56397545700008,
                7.41274648600006
              ],
              [
                168.5551863940001,
                7.43032461100006
              ],
              [
                168.5537215500001,
                7.44985586100006
              ],
              [
                168.5625106130001,
                7.464341539000088
              ],
              [
                168.5664168630001,
                7.450995184000078
              ],
              [
                168.57252037900003,
                7.417792059000078
              ],
              [
                168.57683353000004,
                7.404120184000078
              ]
            ]
          ],
          [
            [
              [
                167.73161868600005,
                8.72459544500009
              ],
              [
                167.73072350400003,
                8.73037344000005
              ],
              [
                167.73031660200002,
                8.735256252000056
              ],
              [
                167.73308353000004,
                8.73969147300005
              ],
              [
                167.7402449880001,
                8.743841864000046
              ],
              [
                167.741547071,
                8.737697658000059
              ],
              [
                167.74000084700003,
                8.733221747000073
              ],
              [
                167.73161868600005,
                8.72459544500009
              ]
            ]
          ],
          [
            [
              [
                166.90414472700002,
                11.17291901200008
              ],
              [
                166.89421634200005,
                11.155178127000056
              ],
              [
                166.87525475400003,
                11.144964911000045
              ],
              [
                166.85336347700002,
                11.145412502000056
              ],
              [
                166.83578535200002,
                11.15924713700008
              ],
              [
                166.87183678500003,
                11.162298895000049
              ],
              [
                166.90414472700002,
                11.17291901200008
              ]
            ]
          ],
          [
            [
              [
                169.0107528000001,
                14.610174872000073
              ],
              [
                169.0136824880001,
                14.610500393000052
              ],
              [
                169.00733483200008,
                14.602769273000092
              ],
              [
                168.996918165,
                14.593085028000075
              ],
              [
                168.9873153000001,
                14.586859442000048
              ],
              [
                168.99830162900003,
                14.599025783000059
              ],
              [
                169.0107528000001,
                14.610174872000073
              ]
            ]
          ],
          [
            [
              [
                165.54021243600005,
                11.63377513200004
              ],
              [
                165.54281660200002,
                11.633002020000049
              ],
              [
                165.5468856130001,
                11.631008205000057
              ],
              [
                165.55062910200002,
                11.62693919500009
              ],
              [
                165.5537215500001,
                11.619818427000041
              ],
              [
                165.54021243600005,
                11.63377513200004
              ]
            ]
          ],
          [
            [
              [
                170.2402449880001,
                9.449774481000077
              ],
              [
                170.2387801440001,
                9.46670156500005
              ],
              [
                170.24390709700003,
                9.466376044000071
              ],
              [
                170.2470809250001,
                9.45774974200009
              ],
              [
                170.2402449880001,
                9.449774481000077
              ]
            ]
          ],
          [
            [
              [
                170.87468509200005,
                10.274603583000044
              ],
              [
                170.87452233200008,
                10.286607164000088
              ],
              [
                170.87859134200005,
                10.287176825000074
              ],
              [
                170.87875410200002,
                10.275091864000046
              ],
              [
                170.87468509200005,
                10.274603583000044
              ]
            ]
          ],
          [
            [
              [
                165.2822371750001,
                11.695786851000037
              ],
              [
                165.2822371750001,
                11.70844147300005
              ],
              [
                165.28679446700005,
                11.710882880000042
              ],
              [
                165.28891035200002,
                11.705959377000056
              ],
              [
                165.2822371750001,
                11.695786851000037
              ]
            ]
          ],
          [
            [
              [
                169.11451256600003,
                5.63812897300005
              ],
              [
                169.11646569100003,
                5.649237372000073
              ],
              [
                169.12061608200008,
                5.647406317000048
              ],
              [
                169.11451256600003,
                5.63812897300005
              ]
            ]
          ],
          [
            [
              [
                167.401703321,
                8.31781647300005
              ],
              [
                167.40772545700008,
                8.30727773600006
              ],
              [
                167.39966881600003,
                8.31077708500004
              ],
              [
                167.401703321,
                8.31781647300005
              ]
            ]
          ]
        ]
      }
    }
  ]
}