{
  "type": "FeatureCollection",
  "features": [
    {
      "type": "Feature",
      "geometry": {
        "type": "Polygon",
        "coordinates": [
          [
            [
              22.3805258,
              42.3202595
            ],
            [
              21.91708,
              42.30364
            ],
            [
              21.576636,
              42.2452244
            ],
            [
              21.3527,
              42.2068
            ],
            [
              20.76216,
              42.05186
            ],
            [
              20.71731,
              41.84711
            ],
            [
              20.5902465,
              41.8554089
            ],
            [
              20.5902474,
              41.8554042
            ],
            [
              20.4631751,
              41.515089
            ],
            [
              20.6051819,
              41.0862263
            ],
            [
              21.0200403,
              40.842727
            ],
            [
              21.6741606,
              40.9312745
            ],
            [
              22.0553776,
              41.1498658
            ],
            [
              22.5973084,
              41.1304872
            ],
            [
              22.76177,
              41.3048
            ],
            [
              22.9523772,
              41.3379939
            ],
            [
              22.8813737,
              41.9992972
            ],
            [
              22.3805258,
              42.3202595
            ]
          ]
        ]
      }
    }
  ]
}