{
  "type": "FeatureCollection",
  "features": [
    {
      "type": "Feature",
      "geometry": {
        "type": "Polygon",
        "coordinates": [
          [
            [
              87.7512643,
              49.297198
            ],
            [
              88.0138322,
              48.5994628
            ],
            [
              88.8542977,
              48.0690817
            ],
            [
              90.2808256,
              47.6935491
            ],
            [
              90.9708094,
              46.8881461
            ],
            [
              90.5857683,
              45.7197161
            ],
            [
              90.9455396,
              45.2860733
            ],
            [
              92.1338908,
              45.115076
            ],
            [
              93.4807337,
              44.9754721
            ],
            [
              94.6889287,
              44.3523319
            ],
            [
              95.3068754,
              44.2413309
            ],
            [
              95.7624549,
              43.3194492
            ],
            [
              96.3493958,
              42.7256353
            ],
            [
              97.4517574,
              42.7488897
            ],
            [
              99.5158175,
              42.5246915
            ],
            [
              100.8458655,
              42.6638044
            ],
            [
              101.8330404,
              42.514873
            ],
            [
              103.3122783,
              41.9074682
            ],
            [
              104.5222819,
              41.9083467
            ],
            [
              104.9649939,
              41.5974096
            ],
            [
              106.1293156,
              42.1343277
            ],
            [
              107.7447726,
              42.4815158
            ],
            [
              109.2435958,
              42.5194463
            ],
            [
              110.4121033,
              42.8712336
            ],
            [
              111.1296822,
              43.406834
            ],
            [
              111.8295878,
              43.7431184
            ],
            [
              111.6677373,
              44.0731758
            ],
            [
              111.3483769,
              44.4574417
            ],
            [
              111.8733061,
              45.1020794
            ],
            [
              112.4360625,
              45.0116456
            ],
            [
              113.4639067,
              44.8088931
            ],
            [
              114.4603317,
              45.3398168
            ],
            [
              115.9850965,
              45.727235
            ],
            [
              116.7178683,
              46.3882024
            ],
            [
              117.4217013,
              46.6727329
            ],
            [
              118.8743258,
              46.8054121
            ],
            [
              119.6632699,
              46.69268
            ],
            [
              119.7728239,
              47.0480588
            ],
            [
              118.8665743,
              47.74706
            ],
            [
              118.0641427,
              48.0667305
            ],
            [
              117.2955074,
              47.6977091
            ],
            [
              116.3089527,
              47.8534101
            ],
            [
              115.7428374,
              47.7265445
            ],
            [
              115.485282,
              48.1353826
            ],
            [
              116.1918022,
              49.1345981
            ],
            [
              116.6788009,
              49.8885314
            ],
            [
              115.4856954,
              49.8051773
            ],
            [
              114.9621098,
              50.1402473
            ],
            [
              114.3624565,
              50.2483027
            ],
            [
              112.8977397,
              49.5435654
            ],
            [
              111.5812309,
              49.3779682
            ],
            [
              110.6620105,
              49.1301281
            ],
            [
              109.4024492,
              49.2929605
            ],
            [
              108.4751673,
              49.2825477
            ],
            [
              107.8681759,
              49.7937051
            ],
            [
              106.8888042,
              50.274296
            ],
            [
              105.8865914,
              50.4060192
            ],
            [
              104.62158,
              50.27532
            ],
            [
              103.6765454,
              50.0899661
            ],
            [
              102.25589,
              50.51056
            ],
            [
              102.06521,
              51.25991
            ],
            [
              100.8894804,
              51.5168558
            ],
            [
              99.9817322,
              51.6340063
            ],
            [
              98.8614905,
              52.047366
            ],
            [
              97.8257398,
              51.0109952
            ],
            [
              98.2317615,
              50.4224006
            ],
            [
              97.25976,
              49.72605
            ],
            [
              95.81402,
              49.97746
            ],
            [
              94.8159493,
              50.0134333
            ],
            [
              94.1475664,
              50.4805366
            ],
            [
              93.10421,
              50.49529
            ],
            [
              92.2347115,
              50.8021707
            ],
            [
              90.7136674,
              50.3318118
            ],
            [
              88.8055668,
              49.4705207
            ],
            [
              87.7512643,
              49.297198
            ]
          ]
        ]
      }
    }
  ]
}