{
  "type": "FeatureCollection",
  "name": "MO",
  "features": [
    {
      "type": "Feature",
      "geometry": {
        "type": "MultiPolygon",
        "coordinates": [
          [
            [
              [
                113.47890625000002,
                22.195556640625
              ],
              [
                113.48105468750003,
                22.217480468749997
              ],
              [
                113.494140625,
                22.24155273437499
              ],
              [
                113.52705078125001,
                22.24594726562499
              ],
              [
                113.54814453124999,
                22.222607421874997
              ],
              [
                113.54550781250003,
                22.221484375
              ],
              [
                113.49882812499999,
                22.20166015625
              ],
              [
                113.48417968749999,
                22.19775390625
              ],
              [
                113.47890625000002,
                22.195556640625
              ]
            ]
          ]
        ]
      }
    }
  ]
}