{
  "type": "FeatureCollection",
  "name": "MP",
  "features": [
    {
      "type": "Feature",
      "geometry": {
        "type": "MultiPolygon",
        "coordinates": [
          [
            [
              [
                145.751953125,
                15.133154296874991
              ],
              [
                145.74921875,
                15.107226562500003
              ],
              [
                145.6982421875,
                15.113525390625
              ],
              [
                145.68427734375,
                15.125097656249991
              ],
              [
                145.71318359375005,
                15.215283203124997
              ],
              [
                145.786328125,
                15.256884765625003
              ],
              [
                145.821875,
                15.265380859375
              ],
              [
                145.78857421875,
                15.22265625
              ],
              [
                145.78232421875003,
                15.174609375
              ],
              [
                145.751953125,
                15.133154296874991
              ]
            ]
          ],
          [
            [
              [
                145.712109375,
                16.339111328125
              ],
              [
                145.69023437500005,
                16.33212890624999
              ],
              [
                145.65830078125003,
                16.33579101562499
              ],
              [
                145.63603515625005,
                16.351513671874997
              ],
              [
                145.6310546875,
                16.377978515625003
              ],
              [
                145.6955078125,
                16.379638671875
              ],
              [
                145.71953125000005,
                16.359765625
              ],
              [
                145.712109375,
                16.339111328125
              ]
            ]
          ],
          [
            [
              [
                145.26484375,
                14.158105468749994
              ],
              [
                145.21533203125,
                14.111328125
              ],
              [
                145.17958984375002,
                14.120996093749994
              ],
              [
                145.157421875,
                14.136914062499997
              ],
              [
                145.15214843750005,
                14.163623046875003
              ],
              [
                145.232421875,
                14.189453125
              ],
              [
                145.26542968750005,
                14.180224609375003
              ],
              [
                145.26484375,
                14.158105468749994
              ]
            ]
          ],
          [
            [
              [
                145.70839843750002,
                18.7625
              ],
              [
                145.678125,
                18.725244140624994
              ],
              [
                145.6525390625,
                18.752636718749997
              ],
              [
                145.6455078125,
                18.806787109374994
              ],
              [
                145.69013671875,
                18.80161132812499
              ],
              [
                145.70664062500003,
                18.790478515624997
              ],
              [
                145.70839843750002,
                18.7625
              ]
            ]
          ],
          [
            [
              [
                145.6623046875,
                14.970507812500003
              ],
              [
                145.62099609375002,
                14.91953125
              ],
              [
                145.59160156250005,
                14.998828125
              ],
              [
                145.58671875000005,
                15.030810546875003
              ],
              [
                145.62480468750005,
                15.06015625
              ],
              [
                145.64736328125002,
                15.059472656249994
              ],
              [
                145.6623046875,
                14.970507812500003
              ]
            ]
          ],
          [
            [
              [
                145.7775390625,
                18.07895507812499
              ],
              [
                145.72910156250003,
                18.056933593750003
              ],
              [
                145.7892578125,
                18.155419921874994
              ],
              [
                145.80742187500005,
                18.17265625
              ],
              [
                145.83544921875,
                18.136767578125003
              ],
              [
                145.7775390625,
                18.07895507812499
              ]
            ]
          ]
        ]
      }
    }
  ]
}