{
  "type": "FeatureCollection",
  "features": [
    {
      "type": "Feature",
      "geometry": {
        "type": "Polygon",
        "coordinates": [
          [
            [
              -17.0634232,
              20.9997521
            ],
            [
              -16.5363236,
              20.5678663
            ],
            [
              -16.2778381,
              20.0925207
            ],
            [
              -16.3776511,
              19.5938172
            ],
            [
              -16.2568833,
              19.0967158
            ],
            [
              -16.1463474,
              18.1084816
            ],
            [
              -16.2705517,
              17.1669628
            ],
            [
              -16.5497078,
              16.6738921
            ],
            [
              -16.4630981,
              16.1350361
            ],
            [
              -16.1206901,
              16.4556625
            ],
            [
              -15.6236661,
              16.3693371
            ],
            [
              -15.1357373,
              16.5872824
            ],
            [
              -14.5773476,
              16.5982637
            ],
            [
              -14.0995215,
              16.3043023
            ],
            [
              -13.4357377,
              16.039383
            ],
            [
              -12.8306583,
              15.3036915
            ],
            [
              -12.1707503,
              14.6168342
            ],
            [
              -11.8342075,
              14.799097
            ],
            [
              -11.6660783,
              15.3882083
            ],
            [
              -11.349095,
              15.411256
            ],
            [
              -10.6507914,
              15.1327459
            ],
            [
              -10.0868465,
              15.3304857
            ],
            [
              -9.7002551,
              15.2641074
            ],
            [
              -9.5502384,
              15.4864969
            ],
            [
              -5.5377443,
              15.5016898
            ],
            [
              -5.3152773,
              16.2018537
            ],
            [
              -5.4885225,
              16.325102
            ],
            [
              -5.9711287,
              20.6408334
            ],
            [
              -6.4537866,
              24.9565907
            ],
            [
              -4.9233374,
              24.9745741
            ],
            [
              -8.6843998,
              27.3957441
            ],
            [
              -8.6872937,
              25.8810562
            ],
            [
              -11.9694189,
              25.9333528
            ],
            [
              -11.9372245,
              23.3745942
            ],
            [
              -12.8742216,
              23.2848323
            ],
            [
              -13.1187544,
              22.7712202
            ],
            [
              -12.9291019,
              21.3270706
            ],
            [
              -16.8451937,
              21.3333235
            ],
            [
              -17.0634232,
              20.9997521
            ]
          ]
        ]
      }
    }
  ]
}