{
  "type": "FeatureCollection",
  "name": "MT",
  "features": [
    {
      "type": "Feature",
      "geometry": {
        "type": "MultiPolygon",
        "coordinates": [
          [
            [
              [
                14.548024936000047,
                35.89004140800006
              ],
              [
                14.563161655000044,
                35.870021877000056
              ],
              [
                14.567149285000085,
                35.84560781500005
              ],
              [
                14.561778191000087,
                35.82982005400004
              ],
              [
                14.548024936000047,
                35.836004950000074
              ],
              [
                14.532481316000087,
                35.821966864000046
              ],
              [
                14.527517123000052,
                35.81354401200008
              ],
              [
                14.527517123000052,
                35.801214911000045
              ],
              [
                14.51148522200009,
                35.80646393400008
              ],
              [
                14.507090691000087,
                35.808661200000074
              ],
              [
                14.472666863000086,
                35.811428127000056
              ],
              [
                14.424489780000044,
                35.82367584800005
              ],
              [
                14.381521030000044,
                35.842962958000044
              ],
              [
                14.36304772200009,
                35.86668528900009
              ],
              [
                14.359873894000089,
                35.86969635600008
              ],
              [
                14.345713738000086,
                35.87592194200005
              ],
              [
                14.342621290000068,
                35.88068268400008
              ],
              [
                14.342621290000068,
                35.91168854400007
              ],
              [
                14.338226759000065,
                35.946966864000046
              ],
              [
                14.332530144000089,
                35.96283600500004
              ],
              [
                14.32203209700009,
                35.97313060100004
              ],
              [
                14.334727410000085,
                35.98236725500004
              ],
              [
                14.347504102000073,
                35.988714911000045
              ],
              [
                14.361501498000052,
                35.99241771000004
              ],
              [
                14.377289259000065,
                35.99363841400009
              ],
              [
                14.377289259000065,
                35.98623281500005
              ],
              [
                14.368174675000091,
                35.98484935100004
              ],
              [
                14.362315300000091,
                35.982407945000034
              ],
              [
                14.34937584700009,
                35.97313060100004
              ],
              [
                14.428477410000085,
                35.965725002000056
              ],
              [
                14.44507897200009,
                35.96035390800006
              ],
              [
                14.478688998000052,
                35.93695709800005
              ],
              [
                14.507823113000086,
                35.92853424700007
              ],
              [
                14.512868686000047,
                35.920803127000056
              ],
              [
                14.514008009000065,
                35.91083405200004
              ],
              [
                14.513926629000082,
                35.900824286000045
              ],
              [
                14.51929772200009,
                35.89996979400007
              ],
              [
                14.548024936000047,
                35.89004140800006
              ]
            ]
          ],
          [
            [
              [
                14.256602410000085,
                36.07558828300006
              ],
              [
                14.28256269600007,
                36.06785716400009
              ],
              [
                14.314789259000065,
                36.05109284100007
              ],
              [
                14.334239129000082,
                36.034369208000044
              ],
              [
                14.32203209700009,
                36.02716705900008
              ],
              [
                14.30445397200009,
                36.026597398000035
              ],
              [
                14.277598504000082,
                36.01666901200008
              ],
              [
                14.260020379000082,
                36.01349518400008
              ],
              [
                14.241465691000087,
                36.01463450700004
              ],
              [
                14.220876498000052,
                36.019191799000055
              ],
              [
                14.201182488000086,
                36.02606842700004
              ],
              [
                14.18490644600007,
                36.03461334800005
              ],
              [
                14.187998894000089,
                36.04539622600004
              ],
              [
                14.184336785000085,
                36.056301174000055
              ],
              [
                14.183604363000086,
                36.06476471600007
              ],
              [
                14.195485873000052,
                36.06810130400004
              ],
              [
                14.256602410000085,
                36.07558828300006
              ]
            ]
          ]
        ]
      }
    }
  ]
}