{
  "type": "FeatureCollection",
  "name": "MU",
  "features": [
    {
      "type": "Feature",
      "geometry": {
        "type": "MultiPolygon",
        "coordinates": [
          [
            [
              [
                57.79574629000007,
                -20.22275155999995
              ],
              [
                57.793955925000034,
                -20.246758721999925
              ],
              [
                57.78891035200007,
                -20.274183851999908
              ],
              [
                57.77816816500007,
                -20.30478280999995
              ],
              [
                57.77588951900003,
                -20.32040780999995
              ],
              [
                57.78150475400008,
                -20.33570728999996
              ],
              [
                57.75709069100009,
                -20.343357028999947
              ],
              [
                57.729258660000085,
                -20.363946221999925
              ],
              [
                57.71225019600007,
                -20.387465101999908
              ],
              [
                57.71998131600009,
                -20.40398528399993
              ],
              [
                57.720713738000086,
                -20.41106536299992
              ],
              [
                57.72608483200008,
                -20.41961028399993
              ],
              [
                57.72681725400008,
                -20.42506275799991
              ],
              [
                57.723317905000044,
                -20.434258721999925
              ],
              [
                57.71762129000007,
                -20.43613046699994
              ],
              [
                57.711273634000065,
                -20.435804945999905
              ],
              [
                57.705821160000085,
                -20.43873463299991
              ],
              [
                57.692393425000034,
                -20.46152109199994
              ],
              [
                57.68474368600005,
                -20.47161223799992
              ],
              [
                57.672211134000065,
                -20.479668877999927
              ],
              [
                57.58838951900003,
                -20.50481536299992
              ],
              [
                57.50359134200005,
                -20.51734791499996
              ],
              [
                57.473643425000034,
                -20.515069268999923
              ],
              [
                57.42693118600005,
                -20.50090911299992
              ],
              [
                57.39926191500007,
                -20.497979424999926
              ],
              [
                57.37810306100005,
                -20.507012627999927
              ],
              [
                57.32056725400008,
                -20.458184502999927
              ],
              [
                57.30787194100009,
                -20.44426848799992
              ],
              [
                57.303477410000085,
                -20.43092213299991
              ],
              [
                57.319346550000034,
                -20.42506275799991
              ],
              [
                57.344086134000065,
                -20.429864190999922
              ],
              [
                57.357758009000065,
                -20.42742278399993
              ],
              [
                57.36378014400003,
                -20.41448333099993
              ],
              [
                57.36898847700007,
                -20.38640715899993
              ],
              [
                57.367849155000044,
                -20.376153252999927
              ],
              [
                57.35694420700008,
                -20.37037525799991
              ],
              [
                57.36500084700003,
                -20.345961195999905
              ],
              [
                57.365977410000085,
                -20.29078541499996
              ],
              [
                57.37061608200008,
                -20.260511976999908
              ],
              [
                57.37745201900003,
                -20.24309661299992
              ],
              [
                57.40015709700003,
                -20.200616143999923
              ],
              [
                57.40845787900008,
                -20.19231536299992
              ],
              [
                57.410492384000065,
                -20.18922291499996
              ],
              [
                57.432627800000034,
                -20.171807549999926
              ],
              [
                57.44223066500007,
                -20.167413018999923
              ],
              [
                57.463877800000034,
                -20.161553643999923
              ],
              [
                57.473643425000034,
                -20.15748463299991
              ],
              [
                57.49073326900003,
                -20.140801690999922
              ],
              [
                57.49382571700005,
                -20.12232838299991
              ],
              [
                57.494476759000065,
                -20.103692315999922
              ],
              [
                57.50961347700007,
                -20.07740650799991
              ],
              [
                57.52198326900003,
                -20.04159921699994
              ],
              [
                57.528086785000085,
                -20.030857028999947
              ],
              [
                57.53248131600009,
                -20.024834893999923
              ],
              [
                57.56006920700008,
                -20.003838799999926
              ],
              [
                57.56690514400003,
                -20.00090911299992
              ],
              [
                57.58033287900008,
                -19.999932549999926
              ],
              [
                57.58611087300005,
                -19.996758721999925
              ],
              [
                57.590505405000044,
                -19.989678643999923
              ],
              [
                57.59652754000007,
                -19.982598565999922
              ],
              [
                57.60710696700005,
                -19.97942473799992
              ],
              [
                57.62289472700007,
                -19.98170338299991
              ],
              [
                57.66773522200003,
                -19.994073174999926
              ],
              [
                57.679698113000086,
                -19.999932549999926
              ],
              [
                57.68482506600009,
                -20.01100025799991
              ],
              [
                57.67920983200008,
                -20.02825286299992
              ],
              [
                57.68311608200008,
                -20.037774346999925
              ],
              [
                57.690196160000085,
                -20.04729583099993
              ],
              [
                57.69776451900003,
                -20.064060153999947
              ],
              [
                57.70622806100005,
                -20.078383070999905
              ],
              [
                57.70883222700007,
                -20.08993905999995
              ],
              [
                57.713877800000034,
                -20.09612395599993
              ],
              [
                57.71794681100005,
                -20.09693775799991
              ],
              [
                57.72974694100009,
                -20.095147393999923
              ],
              [
                57.73365319100009,
                -20.09612395599993
              ],
              [
                57.744802280000044,
                -20.105075778999947
              ],
              [
                57.74773196700005,
                -20.111504815999922
              ],
              [
                57.744476759000065,
                -20.14381275799991
              ],
              [
                57.75220787900008,
                -20.154229424999926
              ],
              [
                57.76254316500007,
                -20.162041924999926
              ],
              [
                57.772146030000044,
                -20.190524997999944
              ],
              [
                57.791351759000065,
                -20.21217213299991
              ],
              [
                57.79574629000007,
                -20.22275155999995
              ]
            ]
          ],
          [
            [
              [
                63.47624759200005,
                -19.67782968499995
              ],
              [
                63.49390709700003,
                -19.681898695999905
              ],
              [
                63.48959394600007,
                -19.701429945999905
              ],
              [
                63.469411655000044,
                -19.722914320999905
              ],
              [
                63.43873131600003,
                -19.73300546699994
              ],
              [
                63.41651451900003,
                -19.73642343499995
              ],
              [
                63.40064537900008,
                -19.744886976999908
              ],
              [
                63.38559004000007,
                -19.756036065999922
              ],
              [
                63.36638431100005,
                -19.767185153999947
              ],
              [
                63.33773847700007,
                -19.738457940999922
              ],
              [
                63.33228600400008,
                -19.73642343499995
              ],
              [
                63.33521569100003,
                -19.717868747999944
              ],
              [
                63.34327233200008,
                -19.709730726999908
              ],
              [
                63.35523522200003,
                -19.704685153999947
              ],
              [
                63.38917076900003,
                -19.684747002999927
              ],
              [
                63.42115319100003,
                -19.67441171699994
              ],
              [
                63.45427493600005,
                -19.669854424999926
              ],
              [
                63.47624759200005,
                -19.67782968499995
              ]
            ]
          ],
          [
            [
              [
                56.524180535000085,
                -10.330010674999926
              ],
              [
                56.52556399800005,
                -10.327325127999927
              ],
              [
                56.527679884000065,
                -10.325372002999927
              ],
              [
                56.53101647200003,
                -10.324151299999926
              ],
              [
                56.53565514400003,
                -10.32390715899993
              ],
              [
                56.54281660200007,
                -10.346449476999908
              ],
              [
                56.56861412900008,
                -10.38640715899993
              ],
              [
                56.569346550000034,
                -10.406508070999905
              ],
              [
                56.54851321700005,
                -10.382012627999927
              ],
              [
                56.52979576900003,
                -10.352959893999923
              ],
              [
                56.52458743600005,
                -10.340020440999922
              ],
              [
                56.524180535000085,
                -10.330010674999926
              ]
            ]
          ]
        ]
      }
    }
  ]
}