{
  "type": "FeatureCollection",
  "features": [
    {
      "type": "Feature",
      "geometry": {
        "type": "Polygon",
        "coordinates": [
          [
            [
              32.7593754,
              -9.2305991
            ],
            [
              33.231388,
              -9.6767217
            ],
            [
              33.4856877,
              -10.5255588
            ],
            [
              33.3153105,
              -10.79655
            ],
            [
              33.1142892,
              -11.6071982
            ],
            [
              33.3064222,
              -12.4357781
            ],
            [
              32.9917644,
              -12.7838705
            ],
            [
              32.6881653,
              -13.7128578
            ],
            [
              33.2140247,
              -13.97186
            ],
            [
              33.7897001,
              -14.4518307
            ],
            [
              34.0648255,
              -14.35995
            ],
            [
              34.4596334,
              -14.6130095
            ],
            [
              34.517666,
              -15.0137086
            ],
            [
              34.3072913,
              -15.4786415
            ],
            [
              34.3812919,
              -16.1835597
            ],
            [
              35.0338103,
              -16.8012997
            ],
            [
              35.3390629,
              -16.1074403
            ],
            [
              35.7719047,
              -15.8968588
            ],
            [
              35.6868453,
              -14.6110458
            ],
            [
              35.2679562,
              -13.8878342
            ],
            [
              34.9071513,
              -13.5654249
            ],
            [
              34.8494643,
              -13.5678464
            ],
            [
              34.8675672,
              -13.7011272
            ],
            [
              35.0559794,
              -13.7429334
            ],
            [
              35.2602047,
              -14.2774745
            ],
            [
              35.2362268,
              -14.4012912
            ],
            [
              34.8812098,
              -14.0120126
            ],
            [
              34.7065434,
              -14.2620232
            ],
            [
              34.5467599,
              -14.0476694
            ],
            [
              34.5511007,
              -13.6720851
            ],
            [
              34.3209339,
              -13.3793897
            ],
            [
              34.3299772,
              -12.9445842
            ],
            [
              34.0325277,
              -12.2085568
            ],
            [
              34.3226909,
              -11.6529835
            ],
            [
              34.259904,
              -10.447579
            ],
            [
              33.9065922,
              -9.801727
            ],
            [
              33.9387996,
              -9.6908716
            ],
            [
              33.73972,
              -9.41715
            ],
            [
              32.7593754,
              -9.2305991
            ]
          ]
        ]
      }
    }
  ]
}