{
  "type": "FeatureCollection",
  "features": [
    {
      "type": "Feature",
      "geometry": {
        "type": "Polygon",
        "coordinates": [
          [
            [
              -117.12776,
              32.53534
            ],
            [
              -116.7215263,
              31.6357437
            ],
            [
              -116.2583504,
              30.8364643
            ],
            [
              -115.8873653,
              30.1807938
            ],
            [
              -115.5186539,
              29.5563616
            ],
            [
              -114.9318422,
              29.2794793
            ],
            [
              -114.1620184,
              28.566112
            ],
            [
              -114.1993288,
              28.1150025
            ],
            [
              -114.5703656,
              27.7414853
            ],
            [
              -114.9822526,
              27.7982002
            ],
            [
              -115.0551422,
              27.7227268
            ],
            [
              -114.4657466,
              27.1420904
            ],
            [
              -113.8489367,
              26.9000638
            ],
            [
              -113.5967299,
              26.6394595
            ],
            [
              -113.4646708,
              26.7681855
            ],
            [
              -112.7772967,
              26.3219595
            ],
            [
              -112.3007108,
              26.0120043
            ],
            [
              -112.1489888,
              25.4701252
            ],
            [
              -112.1820359,
              24.7384128
            ],
            [
              -111.6705684,
              24.4844231
            ],
            [
              -110.9495013,
              24.0009643
            ],
            [
              -110.295071,
              23.4309732
            ],
            [
              -110.031392,
              22.8230775
            ],
            [
              -109.8542193,
              22.8182716
            ],
            [
              -109.4333923,
              23.1855877
            ],
            [
              -109.4091044,
              23.3646723
            ],
            [
              -109.7718471,
              23.8111826
            ],
            [
              -110.1728562,
              24.2655476
            ],
            [
              -110.655049,
              24.2985947
            ],
            [
              -110.7100069,
              24.8260043
            ],
            [
              -110.9878194,
              25.2946062
            ],
            [
              -111.2846746,
              25.7325898
            ],
            [
              -111.616489,
              26.6628173
            ],
            [
              -112.244952,
              27.1717268
            ],
            [
              -112.4579105,
              27.5258137
            ],
            [
              -112.7615871,
              27.7802168
            ],
            [
              -112.9622983,
              28.4251903
            ],
            [
              -113.1400394,
              28.4112894
            ],
            [
              -113.2719694,
              28.7547826
            ],
            [
              -113.4240531,
              28.8261736
            ],
            [
              -113.5888751,
              29.0616114
            ],
            [
              -114.3309745,
              29.7504324
            ],
            [
              -114.6738993,
              30.1626812
            ],
            [
              -114.7712319,
              30.9136173
            ],
            [
              -114.9366998,
              31.3934846
            ],
            [
              -114.7764512,
              31.7995322
            ],
            [
              -114.2057367,
              31.5240451
            ],
            [
              -113.8718811,
              31.5676083
            ],
            [
              -113.1486694,
              31.1709659
            ],
            [
              -113.1638106,
              30.7868808
            ],
            [
              -112.8095945,
              30.0211136
            ],
            [
              -112.2718237,
              29.2668444
            ],
            [
              -112.2282346,
              28.9544087
            ],
            [
              -111.7596069,
              28.4679526
            ],
            [
              -111.1789188,
              27.9412405
            ],
            [
              -110.6410188,
              27.859876
            ],
            [
              -110.3917317,
              27.162115
            ],
            [
              -109.8014577,
              26.6761756
            ],
            [
              -109.2916438,
              26.4429341
            ],
            [
              -109.4440893,
              25.8248839
            ],
            [
              -109.2601987,
              25.5806094
            ],
            [
              -108.4019049,
              25.172314
            ],
            [
              -107.9154488,
              24.5489153
            ],
            [
              -106.9099804,
              23.7677744
            ],
            [
              -106.0287164,
              22.7737523
            ],
            [
              -105.6934139,
              22.2690803
            ],
            [
              -105.603161,
              21.8711459
            ],
            [
              -105.2658172,
              21.4221036
            ],
            [
              -105.2707523,
              21.0762849
            ],
            [
              -105.5006608,
              20.816895
            ],
            [
              -105.397773,
              20.5317187
            ],
            [
              -105.731396,
              20.4341019
            ],
            [
              -105.4930385,
              19.9467673
            ],
            [
              -104.9920097,
              19.3161339
            ],
            [
              -103.9175274,
              18.7485717
            ],
            [
              -103.5009895,
              18.2922946
            ],
            [
              -102.4781321,
              17.9757506
            ],
            [
              -101.918528,
              17.9160902
            ],
            [
              -101.6660886,
              17.6490264
            ],
            [
              -100.8294989,
              17.1710711
            ],
            [
              -99.6973974,
              16.706164
            ],
            [
              -98.9476757,
              16.5660434
            ],
            [
              -98.01303,
              16.1073117
            ],
            [
              -97.2635925,
              15.9170649
            ],
            [
              -96.557434,
              15.6535151
            ],
            [
              -96.0533821,
              15.7520879
            ],
            [
              -95.250227,
              16.1283182
            ],
            [
              -94.6916565,
              16.2009752
            ],
            [
              -93.8751688,
              15.9401643
            ],
            [
              -93.3594639,
              15.6154296
            ],
            [
              -92.22775,
              14.5388286
            ],
            [
              -92.2032295,
              14.8301029
            ],
            [
              -92.0872159,
              15.0645847
            ],
            [
              -92.2292486,
              15.2514466
            ],
            [
              -91.7479602,
              16.0665648
            ],
            [
              -90.4644726,
              16.0695621
            ],
            [
              -90.438867,
              16.4101098
            ],
            [
              -90.6008467,
              16.4707779
            ],
            [
              -90.7118219,
              16.687483
            ],
            [
              -91.0816701,
              16.9184767
            ],
            [
              -91.4539213,
              17.2521772
            ],
            [
              -91.0022693,
              17.2546577
            ],
            [
              -91.0015199,
              17.8175949
            ],
            [
              -90.0679335,
              17.8193261
            ],
            [
              -89.1430804,
              17.808319
            ],
            [
              -89.1509094,
              17.9554676
            ],
            [
              -89.0298573,
              18.0015113
            ],
            [
              -88.8483439,
              17.8831981
            ],
            [
              -88.4901229,
              18.4868306
            ],
            [
              -88.3000311,
              18.4999822
            ],
            [
              -88.090664,
              18.5166479
            ],
            [
              -87.8371911,
              18.259816
            ],
            [
              -87.5865604,
              19.0401301
            ],
            [
              -87.4367505,
              19.4724035
            ],
            [
              -87.6210545,
              19.646553
            ],
            [
              -87.3832912,
              20.2554048
            ],
            [
              -86.845908,
              20.8498646
            ],
            [
              -86.8119824,
              21.3315148
            ],
            [
              -87.0518902,
              21.5435432
            ],
            [
              -87.6584165,
              21.4588455
            ],
            [
              -88.5438663,
              21.4936754
            ],
            [
              -89.6013212,
              21.2617258
            ],
            [
              -90.2786183,
              20.9998555
            ],
            [
              -90.451476,
              20.7075219
            ],
            [
              -90.5335899,
              19.8674181
            ],
            [
              -90.7718699,
              19.2841204
            ],
            [
              -91.4079034,
              18.8760833
            ],
            [
              -92.0373482,
              18.7045692
            ],
            [
              -92.7861139,
              18.5248386
            ],
            [
              -93.5486513,
              18.423837
            ],
            [
              -94.4257295,
              18.1443708
            ],
            [
              -94.8390635,
              18.5627174
            ],
            [
              -95.900885,
              18.8280242
            ],
            [
              -96.2921272,
              19.3203714
            ],
            [
              -96.5255755,
              19.8909309
            ],
            [
              -97.1893335,
              20.6354333
            ],
            [
              -97.3889595,
              21.411019
            ],
            [
              -97.699044,
              21.8986895
            ],
            [
              -97.8723667,
              22.4442117
            ],
            [
              -97.7760418,
              22.9325799
            ],
            [
              -97.7029455,
              24.272343
            ],
            [
              -97.5280725,
              24.9921441
            ],
            [
              -97.1400083,
              25.8699975
            ],
            [
              -97.53,
              25.84
            ],
            [
              -98.24,
              26.06
            ],
            [
              -99.02,
              26.37
            ],
            [
              -99.3,
              26.84
            ],
            [
              -99.52,
              27.54
            ],
            [
              -100.11,
              28.11
            ],
            [
              -100.45584,
              28.69612
            ],
            [
              -100.9576,
              29.38071
            ],
            [
              -101.6624,
              29.7793
            ],
            [
              -102.48,
              29.76
            ],
            [
              -103.11,
              28.97
            ],
            [
              -103.94,
              29.27
            ],
            [
              -104.45697,
              29.57196
            ],
            [
              -104.70575,
              30.12173
            ],
            [
              -105.03737,
              30.64402
            ],
            [
              -105.63159,
              31.08383
            ],
            [
              -106.1429,
              31.39995
            ],
            [
              -106.50759,
              31.75452
            ],
            [
              -108.24,
              31.7548537
            ],
            [
              -108.24194,
              31.34222
            ],
            [
              -109.035,
              31.34194
            ],
            [
              -111.02361,
              31.33472
            ],
            [
              -113.30498,
              32.03914
            ],
            [
              -114.815,
              32.52528
            ],
            [
              -114.72139,
              32.72083
            ],
            [
              -115.99135,
              32.61239
            ],
            [
              -117.12776,
              32.53534
            ]
          ]
        ]
      }
    }
  ]
}