{
  "type": "FeatureCollection",
  "features": [
    {
      "type": "Feature",
      "geometry": {
        "type": "Polygon",
        "coordinates": [
          [
            [
              34.9328343,
              -11.4799443
            ],
            [
              34.6938827,
              -12.4223939
            ],
            [
              34.8494643,
              -13.5678464
            ],
            [
              34.9071513,
              -13.5654249
            ],
            [
              35.2679562,
              -13.8878342
            ],
            [
              35.6868453,
              -14.6110458
            ],
            [
              35.7719047,
              -15.8968588
            ],
            [
              35.3390629,
              -16.1074403
            ],
            [
              35.0338103,
              -16.8012997
            ],
            [
              34.3812919,
              -16.1835597
            ],
            [
              34.3072913,
              -15.4786415
            ],
            [
              34.517666,
              -15.0137086
            ],
            [
              34.4596334,
              -14.6130095
            ],
            [
              34.0648255,
              -14.35995
            ],
            [
              33.7897001,
              -14.4518307
            ],
            [
              33.2140247,
              -13.97186
            ],
            [
              30.1794812,
              -14.7960991
            ],
            [
              30.2742558,
              -15.507787
            ],
            [
              30.3389547,
              -15.8808391
            ],
            [
              31.173064,
              -15.8609437
            ],
            [
              31.6364982,
              -16.0719902
            ],
            [
              31.8520406,
              -16.319417
            ],
            [
              32.328239,
              -16.3920741
            ],
            [
              32.8476388,
              -16.7133981
            ],
            [
              32.8498609,
              -17.9790573
            ],
            [
              32.6548857,
              -18.6720899
            ],
            [
              32.6119943,
              -19.4193828
            ],
            [
              32.772708,
              -19.7155921
            ],
            [
              32.6597433,
              -20.3042901
            ],
            [
              32.5086931,
              -20.3952923
            ],
            [
              32.2449882,
              -21.1164885
            ],
            [
              31.1914091,
              -22.2515097
            ],
            [
              31.670398,
              -23.658969
            ],
            [
              31.9305888,
              -24.3694166
            ],
            [
              31.7524085,
              -25.4842839
            ],
            [
              31.8377779,
              -25.8433318
            ],
            [
              31.9857792,
              -26.2917799
            ],
            [
              32.0716655,
              -26.7338201
            ],
            [
              32.8301205,
              -26.7421917
            ],
            [
              32.915955,
              -26.2158672
            ],
            [
              32.6603634,
              -26.1485845
            ],
            [
              32.5746322,
              -25.7273182
            ],
            [
              33.0132101,
              -25.3575733
            ],
            [
              34.215824,
              -24.8163144
            ],
            [
              35.0407349,
              -24.4783505
            ],
            [
              35.4587456,
              -24.12261
            ],
            [
              35.6074703,
              -23.706563
            ],
            [
              35.3717741,
              -23.535359
            ],
            [
              35.5339348,
              -23.0707879
            ],
            [
              35.5625455,
              -22.09
            ],
            [
              35.3858483,
              -22.14
            ],
            [
              35.3734278,
              -21.8408371
            ],
            [
              35.1761272,
              -21.2543613
            ],
            [
              34.7018925,
              -20.4970431
            ],
            [
              34.7863835,
              -19.7840117
            ],
            [
              35.1983997,
              -19.5528114
            ],
            [
              35.8964966,
              -18.8422604
            ],
            [
              36.2812793,
              -18.6596876
            ],
            [
              37.4111328,
              -17.5863681
            ],
            [
              38.5383509,
              -17.101023
            ],
            [
              39.4525586,
              -16.7208912
            ],
            [
              40.089264,
              -16.100774
            ],
            [
              40.4772506,
              -15.4062944
            ],
            [
              40.7754753,
              -14.6917644
            ],
            [
              40.5996204,
              -14.2019752
            ],
            [
              40.5608114,
              -12.6391765
            ],
            [
              40.437253,
              -11.7617107
            ],
            [
              40.4783875,
              -10.7654408
            ],
            [
              40.3165886,
              -10.317096
            ],
            [
              40.3165862,
              -10.3170978
            ],
            [
              40.31659,
              -10.3171
            ],
            [
              39.521,
              -10.89688
            ],
            [
              38.4275566,
              -11.2852023
            ],
            [
              37.82764,
              -11.26879
            ],
            [
              37.47129,
              -11.56876
            ],
            [
              36.775151,
              -11.5945374
            ],
            [
              36.5140817,
              -11.720938
            ],
            [
              35.3123979,
              -11.4391464
            ],
            [
              34.9328343,
              -11.4799443
            ]
          ]
        ]
      }
    }
  ]
}