{
  "type": "FeatureCollection",
  "features": [
    {
      "type": "Feature",
      "geometry": {
        "type": "Polygon",
        "coordinates": [
          [
            [
              19.8957679,
              -24.7677902
            ],
            [
              19.8954578,
              -21.849157
            ],
            [
              20.8811341,
              -21.8143271
            ],
            [
              20.9106413,
              -18.2522189
            ],
            [
              21.6550403,
              -18.219146
            ],
            [
              23.1968584,
              -17.8690382
            ],
            [
              23.5790056,
              -18.2812611
            ],
            [
              24.2173645,
              -17.889347
            ],
            [
              24.5207052,
              -17.8871249
            ],
            [
              25.0844434,
              -17.6618157
            ],
            [
              25.0769503,
              -17.5788233
            ],
            [
              24.6823491,
              -17.3534107
            ],
            [
              24.0338615,
              -17.2958432
            ],
            [
              23.2150485,
              -17.5231161
            ],
            [
              21.3771761,
              -17.9306365
            ],
            [
              18.956187,
              -17.7890947
            ],
            [
              18.2633094,
              -17.3099509
            ],
            [
              14.2097067,
              -17.3531007
            ],
            [
              14.0585014,
              -17.4233806
            ],
            [
              13.4623621,
              -16.9712118
            ],
            [
              12.8140813,
              -16.9413429
            ],
            [
              12.2154615,
              -17.1116684
            ],
            [
              11.7341988,
              -17.3018893
            ],
            [
              11.7949187,
              -18.0691293
            ],
            [
              12.6085641,
              -19.0453488
            ],
            [
              12.8268453,
              -19.6731658
            ],
            [
              13.352498,
              -20.8728342
            ],
            [
              13.8686422,
              -21.699037
            ],
            [
              14.2577141,
              -22.1112082
            ],
            [
              14.3857166,
              -22.6566529
            ],
            [
              14.4081442,
              -23.853014
            ],
            [
              14.7432141,
              -25.39292
            ],
            [
              14.9897107,
              -26.1173719
            ],
            [
              15.2104724,
              -27.0909559
            ],
            [
              15.6018181,
              -27.8212472
            ],
            [
              16.3449768,
              -28.576705
            ],
            [
              16.8240174,
              -28.0821616
            ],
            [
              17.2189287,
              -28.3559433
            ],
            [
              17.3874972,
              -28.7835141
            ],
            [
              17.836152,
              -28.8563779
            ],
            [
              18.4648991,
              -29.0454619
            ],
            [
              19.0021273,
              -28.9724431
            ],
            [
              19.8947343,
              -28.4611048
            ],
            [
              19.8957679,
              -24.7677902
            ]
          ]
        ]
      }
    }
  ]
}