{
  "type": "FeatureCollection",
  "features": [
    {
      "type": "Feature",
      "geometry": {
        "type": "Polygon",
        "coordinates": [
          [
            [
              14.8513,
              22.86295
            ],
            [
              14.1438709,
              22.491289
            ],
            [
              13.5814246,
              23.0405061
            ],
            [
              11.9995056,
              23.4716684
            ],
            [
              8.5728931,
              21.5656607
            ],
            [
              5.677566,
              19.601207
            ],
            [
              4.2674195,
              19.1552652
            ],
            [
              4.27021,
              16.8522275
            ],
            [
              3.7234217,
              16.1842838
            ],
            [
              3.6382589,
              15.5681198
            ],
            [
              2.7499927,
              15.4095248
            ],
            [
              1.3855282,
              15.3235611
            ],
            [
              1.0157833,
              14.9681823
            ],
            [
              0.3748922,
              14.9289082
            ],
            [
              0.2956464,
              14.4442349
            ],
            [
              0.4299276,
              13.988733
            ],
            [
              0.9930457,
              13.3357496
            ],
            [
              1.0241032,
              12.8518257
            ],
            [
              2.1771078,
              12.6250178
            ],
            [
              2.1544735,
              11.9401501
            ],
            [
              2.4901636,
              12.2330521
            ],
            [
              2.848643,
              12.2356359
            ],
            [
              3.6111805,
              11.6601671
            ],
            [
              3.6806336,
              12.5529033
            ],
            [
              3.9672827,
              12.9561087
            ],
            [
              4.107946,
              13.5312157
            ],
            [
              4.3683435,
              13.7474816
            ],
            [
              5.4430583,
              13.865924
            ],
            [
              6.4454261,
              13.4927685
            ],
            [
              6.8204419,
              13.1150913
            ],
            [
              7.3307467,
              13.098038
            ],
            [
              7.8046713,
              13.3435269
            ],
            [
              9.0149333,
              12.8266592
            ],
            [
              9.524928,
              12.8511022
            ],
            [
              10.1148145,
              13.2772519
            ],
            [
              10.7010319,
              13.2469178
            ],
            [
              10.9895931,
              13.3873227
            ],
            [
              11.5278032,
              13.32898
            ],
            [
              12.3020712,
              13.037189
            ],
            [
              13.0839873,
              13.5961472
            ],
            [
              13.3187016,
              13.5563563
            ],
            [
              13.9953528,
              12.4615653
            ],
            [
              14.1813363,
              12.4836569
            ],
            [
              14.2135307,
              12.8020354
            ],
            [
              14.4957874,
              12.8593963
            ],
            [
              14.5957813,
              13.3304269
            ],
            [
              13.9544768,
              13.3534488
            ],
            [
              13.9566988,
              13.9966912
            ],
            [
              13.5403935,
              14.3671337
            ],
            [
              13.97217,
              15.68437
            ],
            [
              15.2477312,
              16.6273058
            ],
            [
              15.3004411,
              17.9279499
            ],
            [
              15.6857406,
              19.9571801
            ],
            [
              15.9032467,
              20.3876189
            ],
            [
              15.4871481,
              20.7304145
            ],
            [
              15.47106,
              21.04845
            ],
            [
              15.0968876,
              21.3085188
            ],
            [
              14.8513,
              22.86295
            ]
          ]
        ]
      }
    }
  ]
}