{
  "type": "FeatureCollection",
  "name": "NF",
  "features": [
    {
      "type": "Feature",
      "geometry": {
        "type": "MultiPolygon",
        "coordinates": [
          [
            [
              [
                167.939453125,
                -29.017675781250006
              ],
              [
                167.95976562500005,
                -29.0283203125
              ],
              [
                167.978125,
                -29.034277343750006
              ],
              [
                167.9904296875,
                -29.042089843750006
              ],
              [
                167.98867187500002,
                -29.058984375
              ],
              [
                167.97900390625,
                -29.07568359375
              ],
              [
                167.96767578125002,
                -29.0828125
              ],
              [
                167.96416015625005,
                -29.08535156250001
              ],
              [
                167.9619140625,
                -29.088476562500006
              ],
              [
                167.96064453125,
                -29.0921875
              ],
              [
                167.96074218750005,
                -29.096289062500006
              ],
              [
                167.95468750000003,
                -29.082128906250006
              ],
              [
                167.94443359375003,
                -29.07294921875001
              ],
              [
                167.9337890625,
                -29.07216796875001
              ],
              [
                167.92656250000005,
                -29.0828125
              ],
              [
                167.92041015625,
                -29.0828125
              ],
              [
                167.91826171875005,
                -29.071875
              ],
              [
                167.9142578125,
                -29.06191406250001
              ],
              [
                167.91240234375005,
                -29.052832031250006
              ],
              [
                167.91640625000002,
                -29.04511718750001
              ],
              [
                167.9240234375,
                -29.03583984375001
              ],
              [
                167.92460937500005,
                -29.02851562500001
              ],
              [
                167.91855468750003,
                -29.02509765625001
              ],
              [
                167.90615234375002,
                -29.028125
              ],
              [
                167.92060546875,
                -29.013964843750003
              ],
              [
                167.939453125,
                -29.017675781250006
              ]
            ]
          ]
        ]
      }
    }
  ]
}