{
  "type": "FeatureCollection",
  "features": [
    {
      "type": "Feature",
      "geometry": {
        "type": "Polygon",
        "coordinates": [
          [
            [
              2.6917017,
              6.2588172
            ],
            [
              3.5741801,
              6.2583005
            ],
            [
              4.3256071,
              6.2706511
            ],
            [
              5.0335743,
              5.6118025
            ],
            [
              5.3628048,
              4.8879707
            ],
            [
              5.8981726,
              4.2624533
            ],
            [
              6.6980721,
              4.2405942
            ],
            [
              7.0825965,
              4.464689
            ],
            [
              7.4621082,
              4.4121083
            ],
            [
              8.5002877,
              4.7719829
            ],
            [
              8.757533,
              5.4796658
            ],
            [
              9.2331629,
              6.4444907
            ],
            [
              9.5227059,
              6.4534824
            ],
            [
              10.1182768,
              7.0387696
            ],
            [
              10.4973751,
              7.0553578
            ],
            [
              11.0587879,
              6.6444268
            ],
            [
              11.7457744,
              6.981383
            ],
            [
              11.8393087,
              7.3970423
            ],
            [
              12.0639462,
              7.7998085
            ],
            [
              12.2188721,
              8.3058241
            ],
            [
              12.7536715,
              8.7177628
            ],
            [
              12.955468,
              9.4177717
            ],
            [
              13.1675997,
              9.6406263
            ],
            [
              13.3086764,
              10.160362
            ],
            [
              13.5729497,
              10.798566
            ],
            [
              14.4153789,
              11.5723689
            ],
            [
              14.4681922,
              11.9047517
            ],
            [
              14.5771778,
              12.0853608
            ],
            [
              14.1813363,
              12.4836569
            ],
            [
              13.9953528,
              12.4615653
            ],
            [
              13.3187016,
              13.5563563
            ],
            [
              13.0839873,
              13.5961472
            ],
            [
              12.3020712,
              13.037189
            ],
            [
              11.5278032,
              13.32898
            ],
            [
              10.9895931,
              13.3873227
            ],
            [
              10.7010319,
              13.2469178
            ],
            [
              10.1148145,
              13.2772519
            ],
            [
              9.524928,
              12.8511022
            ],
            [
              9.0149333,
              12.8266592
            ],
            [
              7.8046713,
              13.3435269
            ],
            [
              7.3307467,
              13.098038
            ],
            [
              6.8204419,
              13.1150913
            ],
            [
              6.4454261,
              13.4927685
            ],
            [
              5.4430583,
              13.865924
            ],
            [
              4.3683435,
              13.7474816
            ],
            [
              4.107946,
              13.5312157
            ],
            [
              3.9672827,
              12.9561087
            ],
            [
              3.6806336,
              12.5529033
            ],
            [
              3.6111805,
              11.6601671
            ],
            [
              3.5722164,
              11.3279394
            ],
            [
              3.7971123,
              10.7347456
            ],
            [
              3.60007,
              10.3321862
            ],
            [
              3.7054383,
              10.0632104
            ],
            [
              3.2203516,
              9.4441525
            ],
            [
              2.9123084,
              9.1376079
            ],
            [
              2.7237928,
              8.5068454
            ],
            [
              2.7490625,
              7.8707344
            ],
            [
              2.6917017,
              6.2588172
            ]
          ]
        ]
      }
    }
  ]
}