{
  "type": "FeatureCollection",
  "features": [
    {
      "type": "Feature",
      "geometry": {
        "type": "Polygon",
        "coordinates": [
          [
            [
              -83.6556117,
              10.9387641
            ],
            [
              -83.8089357,
              11.1030435
            ],
            [
              -83.8554703,
              11.3733113
            ],
            [
              -83.6508575,
              11.6290321
            ],
            [
              -83.719613,
              11.8931245
            ],
            [
              -83.6261045,
              12.3208503
            ],
            [
              -83.4733231,
              12.4190872
            ],
            [
              -83.4985154,
              12.8692923
            ],
            [
              -83.5522072,
              13.1270543
            ],
            [
              -83.5198319,
              13.5676993
            ],
            [
              -83.4125,
              13.9700778
            ],
            [
              -83.1821264,
              14.310703
            ],
            [
              -83.2841615,
              14.6766238
            ],
            [
              -83.2332344,
              14.899866
            ],
            [
              -83.147219,
              14.9958292
            ],
            [
              -83.4899888,
              15.0162672
            ],
            [
              -83.628585,
              14.880074
            ],
            [
              -83.9757214,
              14.7494359
            ],
            [
              -84.2283416,
              14.7487641
            ],
            [
              -84.4493359,
              14.6216143
            ],
            [
              -84.6495821,
              14.6668053
            ],
            [
              -84.8200368,
              14.8195867
            ],
            [
              -84.9245007,
              14.7904929
            ],
            [
              -85.0527874,
              14.551541
            ],
            [
              -85.1487506,
              14.5601968
            ],
            [
              -85.1653645,
              14.3543696
            ],
            [
              -85.514413,
              14.0790117
            ],
            [
              -85.6986653,
              13.9600784
            ],
            [
              -85.8012947,
              13.836055
            ],
            [
              -86.0962638,
              14.0381874
            ],
            [
              -86.3121421,
              13.7713561
            ],
            [
              -86.5207082,
              13.7784875
            ],
            [
              -86.7550866,
              13.7548455
            ],
            [
              -86.7338218,
              13.2630926
            ],
            [
              -86.880557,
              13.2542042
            ],
            [
              -87.005769,
              13.0257944
            ],
            [
              -87.3166544,
              12.9846858
            ],
            [
              -87.3923862,
              12.9140183
            ],
            [
              -87.5574666,
              13.0645517
            ],
            [
              -87.6684934,
              12.90991
            ],
            [
              -87.1675162,
              12.458258
            ],
            [
              -86.7459916,
              12.1439619
            ],
            [
              -86.52585,
              11.8068765
            ],
            [
              -86.0584883,
              11.4034386
            ],
            [
              -85.7125405,
              11.0884449
            ],
            [
              -85.561852,
              11.2171192
            ],
            [
              -84.9030033,
              10.9523034
            ],
            [
              -84.673069,
              11.0826572
            ],
            [
              -84.3559308,
              10.9992256
            ],
            [
              -84.1901786,
              10.79345
            ],
            [
              -83.8950545,
              10.7268391
            ],
            [
              -83.6556117,
              10.9387641
            ]
          ]
        ]
      }
    }
  ]
}