{
  "type": "FeatureCollection",
  "name": "NR",
  "features": [
    {
      "type": "Feature",
      "geometry": {
        "type": "MultiPolygon",
        "coordinates": [
          [
            [
              [
                166.938812696,
                -0.490411065999922
              ],
              [
                166.9555770190001,
                -0.497979424999926
              ],
              [
                166.95826256600003,
                -0.517673434999949
              ],
              [
                166.95134524800005,
                -0.539157809999949
              ],
              [
                166.938812696,
                -0.551853122999944
              ],
              [
                166.916351759,
                -0.547539971999925
              ],
              [
                166.90699303500003,
                -0.524834893999923
              ],
              [
                166.913422071,
                -0.500176690999922
              ],
              [
                166.938812696,
                -0.490411065999922
              ]
            ]
          ]
        ]
      }
    }
  ]
}