{
  "type": "FeatureCollection",
  "name": "NU",
  "features": [
    {
      "type": "Feature",
      "geometry": {
        "type": "MultiPolygon",
        "coordinates": [
          [
            [
              [
                -169.80341796875,
                -19.0830078125
              ],
              [
                -169.90380859375,
                -19.13789062500001
              ],
              [
                -169.94833984375,
                -19.072851562500006
              ],
              [
                -169.908740234375,
                -18.990234375
              ],
              [
                -169.861572265625,
                -18.96865234375001
              ],
              [
                -169.834033203125,
                -18.96601562500001
              ],
              [
                -169.793408203125,
                -19.042578125
              ],
              [
                -169.80341796875,
                -19.0830078125
              ]
            ]
          ]
        ]
      }
    }
  ]
}