{
  "type": "FeatureCollection",
  "features": [
    {
      "type": "Feature",
      "geometry": {
        "type": "MultiPolygon",
        "coordinates": [
          [
            [
              [
                176.8858236,
                -40.0659779
              ],
              [
                177.0329464,
                -39.8799427
              ],
              [
                176.9399805,
                -39.4497364
              ],
              [
                177.2069926,
                -39.1457756
              ],
              [
                177.9704602,
                -39.1663429
              ],
              [
                178.2747311,
                -38.5828126
              ],
              [
                178.5170935,
                -37.6953732
              ],
              [
                178.0103544,
                -37.5798247
              ],
              [
                177.4388131,
                -37.9612485
              ],
              [
                176.7631954,
                -37.8812534
              ],
              [
                175.95849,
                -37.5553818
              ],
              [
                175.8088868,
                -36.7989422
              ],
              [
                175.3575965,
                -36.5261939
              ],
              [
                175.3366158,
                -37.209098
              ],
              [
                174.6120089,
                -36.1563974
              ],
              [
                174.3293905,
                -35.2654957
              ],
              [
                173.5512985,
                -35.0061834
              ],
              [
                173.0070423,
                -34.4506617
              ],
              [
                172.6360055,
                -34.5291065
              ],
              [
                173.0541712,
                -35.2371253
              ],
              [
                173.8409965,
                -36.1219809
              ],
              [
                174.3190035,
                -36.5348239
              ],
              [
                174.2920284,
                -36.7110922
              ],
              [
                174.6970166,
                -37.3811288
              ],
              [
                174.7434737,
                -38.0278077
              ],
              [
                174.5748019,
                -38.7976832
              ],
              [
                173.852262,
                -39.1466025
              ],
              [
                173.8240467,
                -39.5088543
              ],
              [
                174.9001567,
                -39.9089332
              ],
              [
                175.2276302,
                -40.4592355
              ],
              [
                174.6509729,
                -41.281821
              ],
              [
                175.0678984,
                -41.4258949
              ],
              [
                175.2395675,
                -41.6883078
              ],
              [
                176.0124402,
                -41.2896241
              ],
              [
                176.5080172,
                -40.604808
              ],
              [
                176.8858236,
                -40.0659779
              ]
            ]
          ],
          [
            [
              [
                169.6678146,
                -43.5553256
              ],
              [
                168.9494088,
                -43.9358192
              ],
              [
                168.3037635,
                -44.1239731
              ],
              [
                167.0464242,
                -45.1109413
              ],
              [
                166.5091443,
                -45.8527048
              ],
              [
                166.676886,
                -46.2199175
              ],
              [
                167.7637447,
                -46.2901974
              ],
              [
                168.4113538,
                -46.6199448
              ],
              [
                169.3323312,
                -46.6412354
              ],
              [
                169.8314222,
                -46.3557748
              ],
              [
                170.6166972,
                -45.9089287
              ],
              [
                171.185138,
                -44.8971042
              ],
              [
                171.4529252,
                -44.2425188
              ],
              [
                172.3085836,
                -43.8656943
              ],
              [
                173.0801127,
                -43.8533436
              ],
              [
                172.7112464,
                -43.3722877
              ],
              [
                173.2227397,
                -42.9700383
              ],
              [
                173.8764466,
                -42.2331841
              ],
              [
                174.2485169,
                -41.7700082
              ],
              [
                174.2475867,
                -41.3491554
              ],
              [
                173.9584054,
                -40.9267005
              ],
              [
                173.2472343,
                -41.3319988
              ],
              [
                173.0203748,
                -40.9190524
              ],
              [
                172.7985795,
                -40.4939621
              ],
              [
                172.097227,
                -40.9561044
              ],
              [
                171.9487089,
                -41.5144166
              ],
              [
                171.569714,
                -41.7674244
              ],
              [
                171.12509,
                -42.5127536
              ],
              [
                170.5249199,
                -43.0316883
              ],
              [
                169.6678146,
                -43.5553256
              ]
            ]
          ]
        ]
      }
    }
  ]
}