{
  "type": "FeatureCollection",
  "features": [
    {
      "type": "Feature",
      "geometry": {
        "type": "Polygon",
        "coordinates": [
          [
            [
              -77.3533608,
              8.6705047
            ],
            [
              -77.7295135,
              8.9468444
            ],
            [
              -78.0559277,
              9.2477304
            ],
            [
              -78.5008876,
              9.4204589
            ],
            [
              -79.0584505,
              9.4545653
            ],
            [
              -79.0211918,
              9.5529314
            ],
            [
              -79.5733028,
              9.61161
            ],
            [
              -79.9145998,
              9.3127652
            ],
            [
              -80.5219012,
              9.1110721
            ],
            [
              -80.9473016,
              8.8585035
            ],
            [
              -81.4392871,
              8.786234
            ],
            [
              -81.714154,
              9.0319555
            ],
            [
              -81.8085669,
              8.9506168
            ],
            [
              -82.2075864,
              8.9955753
            ],
            [
              -82.1871226,
              9.2074486
            ],
            [
              -82.5461963,
              9.5661348
            ],
            [
              -82.932891,
              9.476812
            ],
            [
              -82.9271549,
              9.0743301
            ],
            [
              -82.7191831,
              8.9257087
            ],
            [
              -82.8686572,
              8.8072663
            ],
            [
              -82.8297707,
              8.6262955
            ],
            [
              -82.9131764,
              8.4235172
            ],
            [
              -82.965783,
              8.225028
            ],
            [
              -82.850958,
              8.0738227
            ],
            [
              -82.8200813,
              8.2908638
            ],
            [
              -82.3909344,
              8.2923624
            ],
            [
              -82.1314412,
              8.1753928
            ],
            [
              -81.7213112,
              8.1089627
            ],
            [
              -81.5195147,
              7.70661
            ],
            [
              -81.1897157,
              7.6479056
            ],
            [
              -81.0595428,
              7.817921
            ],
            [
              -80.8864009,
              7.2205415
            ],
            [
              -80.421158,
              7.271572
            ],
            [
              -80.2766707,
              7.4197541
            ],
            [
              -80.0036899,
              7.5475241
            ],
            [
              -80.4806893,
              8.0903075
            ],
            [
              -80.3826591,
              8.2984085
            ],
            [
              -80.1644812,
              8.3333159
            ],
            [
              -79.7605782,
              8.5845151
            ],
            [
              -79.5578774,
              8.932375
            ],
            [
              -79.1203072,
              8.996092
            ],
            [
              -78.6221205,
              8.7181245
            ],
            [
              -78.4354653,
              8.3877054
            ],
            [
              -78.1820957,
              8.3191824
            ],
            [
              -78.4291607,
              8.0520411
            ],
            [
              -78.2149361,
              7.512255
            ],
            [
              -77.8815714,
              7.2237713
            ],
            [
              -77.7534139,
              7.7098398
            ],
            [
              -77.431108,
              7.6380612
            ],
            [
              -77.2425665,
              7.9352782
            ],
            [
              -77.4747229,
              8.5242862
            ],
            [
              -77.3533608,
              8.6705047
            ]
          ]
        ]
      }
    }
  ]
}