{
  "type": "FeatureCollection",
  "features": [
    {
      "type": "Feature",
      "geometry": {
        "type": "Polygon",
        "coordinates": [
          [
            [
              -69.8936352,
              -4.2981869
            ],
            [
              -70.394044,
              -3.7665915
            ],
            [
              -70.6926821,
              -3.742872
            ],
            [
              -70.0477085,
              -2.7251563
            ],
            [
              -70.8134757,
              -2.2568645
            ],
            [
              -71.4136458,
              -2.3428024
            ],
            [
              -71.7747607,
              -2.1697897
            ],
            [
              -72.3257865,
              -2.434218
            ],
            [
              -73.0703922,
              -2.3089544
            ],
            [
              -73.6595035,
              -1.2604912
            ],
            [
              -74.1223952,
              -1.0028325
            ],
            [
              -74.4416005,
              -0.53082
            ],
            [
              -75.1066245,
              -0.0572055
            ],
            [
              -75.3732232,
              -0.1520318
            ],
            [
              -75.2337227,
              -0.9114169
            ],
            [
              -75.5449957,
              -1.5616098
            ],
            [
              -76.6353943,
              -2.6086777
            ],
            [
              -77.8379048,
              -3.0030205
            ],
            [
              -78.450684,
              -3.8730966
            ],
            [
              -78.6398972,
              -4.5477841
            ],
            [
              -79.2052891,
              -4.9591285
            ],
            [
              -79.6249792,
              -4.4541981
            ],
            [
              -80.028908,
              -4.346091
            ],
            [
              -80.442242,
              -4.4257244
            ],
            [
              -80.4692946,
              -4.0592868
            ],
            [
              -80.1840149,
              -3.8211618
            ],
            [
              -80.3025606,
              -3.4048565
            ],
            [
              -81.0996696,
              -4.0363941
            ],
            [
              -81.4109426,
              -4.7367648
            ],
            [
              -80.9263468,
              -5.6905567
            ],
            [
              -81.2499963,
              -6.1368344
            ],
            [
              -80.5374817,
              -6.5416676
            ],
            [
              -79.7605782,
              -7.1943409
            ],
            [
              -79.4459204,
              -7.9308334
            ],
            [
              -79.0369531,
              -8.3865679
            ],
            [
              -78.0921529,
              -10.3777125
            ],
            [
              -77.1061924,
              -12.2227162
            ],
            [
              -76.2592415,
              -13.5350392
            ],
            [
              -76.4234692,
              -13.8231869
            ],
            [
              -76.0092051,
              -14.6492864
            ],
            [
              -75.2378827,
              -15.2656829
            ],
            [
              -73.4445296,
              -16.3593629
            ],
            [
              -71.4620408,
              -17.3634876
            ],
            [
              -71.3752502,
              -17.7737985
            ],
            [
              -70.3725724,
              -18.3479754
            ],
            [
              -69.8584436,
              -18.0926938
            ],
            [
              -69.5904238,
              -17.5800119
            ],
            [
              -68.9596354,
              -16.5006979
            ],
            [
              -69.3897642,
              -15.6601291
            ],
            [
              -69.1603466,
              -15.3239739
            ],
            [
              -69.3395347,
              -14.9531955
            ],
            [
              -68.9488867,
              -14.4536394
            ],
            [
              -68.9292238,
              -13.6026836
            ],
            [
              -68.8800795,
              -12.8997291
            ],
            [
              -68.6650797,
              -12.5613001
            ],
            [
              -69.5296781,
              -10.9517343
            ],
            [
              -70.0937522,
              -11.1239719
            ],
            [
              -70.5486857,
              -11.0091468
            ],
            [
              -70.4818939,
              -9.4901181
            ],
            [
              -71.3024123,
              -10.0794361
            ],
            [
              -72.1848907,
              -10.0535979
            ],
            [
              -72.563033,
              -9.5201938
            ],
            [
              -73.2267134,
              -9.4622128
            ],
            [
              -73.0153827,
              -9.0328333
            ],
            [
              -73.5710593,
              -8.4244467
            ],
            [
              -73.9872355,
              -7.5238298
            ],
            [
              -73.7234015,
              -7.3409986
            ],
            [
              -73.7244867,
              -6.9185955
            ],
            [
              -73.1200274,
              -6.6299309
            ],
            [
              -73.2197113,
              -6.0891887
            ],
            [
              -72.9645072,
              -5.7412513
            ],
            [
              -72.8919277,
              -5.2745615
            ],
            [
              -71.7484057,
              -4.5939828
            ],
            [
              -70.9288433,
              -4.4015915
            ],
            [
              -70.7947688,
              -4.2512647
            ],
            [
              -69.8936352,
              -4.2981869
            ]
          ]
        ]
      }
    }
  ]
}