{
  "type": "FeatureCollection",
  "name": "PF",
  "features": [
    {
      "type": "Feature",
      "geometry": {
        "type": "MultiPolygon",
        "coordinates": [
          [
            [
              [
                -140.809375,
                -17.85664062500001
              ],
              [
                -140.804443359375,
                -17.87568359375001
              ],
              [
                -140.8408203125,
                -17.873144531250006
              ],
              [
                -140.8515625,
                -17.86660156250001
              ],
              [
                -140.850732421875,
                -17.8310546875
              ],
              [
                -140.824267578125,
                -17.78798828125001
              ],
              [
                -140.80361328125,
                -17.75166015625001
              ],
              [
                -140.76142578125,
                -17.7177734375
              ],
              [
                -140.686181640625,
                -17.68378906250001
              ],
              [
                -140.6498046875,
                -17.669726562500003
              ],
              [
                -140.638232421875,
                -17.678027343750003
              ],
              [
                -140.65205078125,
                -17.68310546875
              ],
              [
                -140.776318359375,
                -17.75410156250001
              ],
              [
                -140.815185546875,
                -17.8037109375
              ],
              [
                -140.83251953125,
                -17.838476562500006
              ],
              [
                -140.829248046875,
                -17.84921875
              ],
              [
                -140.809375,
                -17.85664062500001
              ]
            ]
          ],
          [
            [
              [
                -149.321533203125,
                -17.690039062500006
              ],
              [
                -149.177685546875,
                -17.736621093750003
              ],
              [
                -149.15087890625,
                -17.812109375
              ],
              [
                -149.181787109375,
                -17.8623046875
              ],
              [
                -149.2544921875,
                -17.849902343750003
              ],
              [
                -149.290478515625,
                -17.82246093750001
              ],
              [
                -149.34111328125,
                -17.732421875
              ],
              [
                -149.481689453125,
                -17.752734375
              ],
              [
                -149.57890625,
                -17.734960937500006
              ],
              [
                -149.6328125,
                -17.617578125
              ],
              [
                -149.635009765625,
                -17.564257812500003
              ],
              [
                -149.61142578125,
                -17.531640625
              ],
              [
                -149.50810546875,
                -17.496386718750003
              ],
              [
                -149.37919921875,
                -17.52236328125001
              ],
              [
                -149.330078125,
                -17.588964843750006
              ],
              [
                -149.321533203125,
                -17.690039062500006
              ]
            ]
          ],
          [
            [
              [
                -136.293896484375,
                -18.54433593750001
              ],
              [
                -136.3140625,
                -18.56630859375001
              ],
              [
                -136.316015625,
                -18.545214843750003
              ],
              [
                -136.34404296875,
                -18.53486328125001
              ],
              [
                -136.38291015625,
                -18.513671875
              ],
              [
                -136.435693359375,
                -18.4890625
              ],
              [
                -136.4642578125,
                -18.48505859375001
              ],
              [
                -136.478515625,
                -18.470800781250006
              ],
              [
                -136.45869140625,
                -18.463183593750003
              ],
              [
                -136.426123046875,
                -18.47431640625001
              ],
              [
                -136.38037109375,
                -18.49677734375001
              ],
              [
                -136.32763671875,
                -18.519335937500003
              ],
              [
                -136.293896484375,
                -18.54433593750001
              ]
            ]
          ],
          [
            [
              [
                -145.486669921875,
                -16.32978515625001
              ],
              [
                -145.4822265625,
                -16.346777343750006
              ],
              [
                -145.502734375,
                -16.345800781250006
              ],
              [
                -145.53984375,
                -16.29511718750001
              ],
              [
                -145.553125,
                -16.25117187500001
              ],
              [
                -145.576708984375,
                -16.201464843750003
              ],
              [
                -145.609130859375,
                -16.16523437500001
              ],
              [
                -145.61279296875,
                -16.1318359375
              ],
              [
                -145.613818359375,
                -16.079199218750006
              ],
              [
                -145.577099609375,
                -16.15986328125001
              ],
              [
                -145.542333984375,
                -16.224609375
              ],
              [
                -145.5169921875,
                -16.27783203125
              ],
              [
                -145.486669921875,
                -16.32978515625001
              ]
            ]
          ],
          [
            [
              [
                -140.072607421875,
                -8.910449218750003
              ],
              [
                -140.170556640625,
                -8.933984375
              ],
              [
                -140.217431640625,
                -8.9296875
              ],
              [
                -140.252685546875,
                -8.848046875
              ],
              [
                -140.2400390625,
                -8.797558593750011
              ],
              [
                -140.2244140625,
                -8.781542968750003
              ],
              [
                -140.057666015625,
                -8.801464843750011
              ],
              [
                -140.043701171875,
                -8.838476562500006
              ],
              [
                -140.046142578125,
                -8.873632812500006
              ],
              [
                -140.072607421875,
                -8.910449218750003
              ]
            ]
          ],
          [
            [
              [
                -149.813671875,
                -17.545019531250006
              ],
              [
                -149.844921875,
                -17.57109375
              ],
              [
                -149.886572265625,
                -17.552832031250006
              ],
              [
                -149.905126953125,
                -17.527734375
              ],
              [
                -149.91181640625,
                -17.50117187500001
              ],
              [
                -149.9021484375,
                -17.46953125
              ],
              [
                -149.8087890625,
                -17.473925781250003
              ],
              [
                -149.782421875,
                -17.48779296875
              ],
              [
                -149.813671875,
                -17.545019531250006
              ]
            ]
          ],
          [
            [
              [
                -139.02431640625,
                -9.695214843750009
              ],
              [
                -138.874462890625,
                -9.747167968750006
              ],
              [
                -138.82734375,
                -9.741601562500009
              ],
              [
                -138.874951171875,
                -9.792871093750009
              ],
              [
                -139.024267578125,
                -9.820703125
              ],
              [
                -139.073681640625,
                -9.845703125
              ],
              [
                -139.13408203125,
                -9.829492187500009
              ],
              [
                -139.166455078125,
                -9.770214843750011
              ],
              [
                -139.02431640625,
                -9.695214843750009
              ]
            ]
          ],
          [
            [
              [
                -139.556201171875,
                -8.940234375
              ],
              [
                -139.62099609375,
                -8.947949218750011
              ],
              [
                -139.631787109375,
                -8.898535156250006
              ],
              [
                -139.611767578125,
                -8.872363281250003
              ],
              [
                -139.583984375,
                -8.860058593750011
              ],
              [
                -139.5345703125,
                -8.875390625
              ],
              [
                -139.508349609375,
                -8.897070312500006
              ],
              [
                -139.509912109375,
                -8.915625
              ],
              [
                -139.556201171875,
                -8.940234375
              ]
            ]
          ],
          [
            [
              [
                -140.8298828125,
                -18.18935546875001
              ],
              [
                -140.822705078125,
                -18.216894531250006
              ],
              [
                -140.86005859375,
                -18.19873046875
              ],
              [
                -140.895458984375,
                -18.14794921875
              ],
              [
                -140.958642578125,
                -18.085058593750006
              ],
              [
                -140.97353515625,
                -18.059179687500006
              ],
              [
                -140.925146484375,
                -18.083789062500003
              ],
              [
                -140.89326171875,
                -18.12050781250001
              ],
              [
                -140.8298828125,
                -18.18935546875001
              ]
            ]
          ],
          [
            [
              [
                -151.4666015625,
                -16.657519531250003
              ],
              [
                -151.484912109375,
                -16.665136718750006
              ],
              [
                -151.504150390625,
                -16.64697265625
              ],
              [
                -151.51240234375,
                -16.61904296875001
              ],
              [
                -151.50576171875,
                -16.574023437500003
              ],
              [
                -151.457421875,
                -16.60371093750001
              ],
              [
                -151.4380859375,
                -16.6234375
              ],
              [
                -151.4666015625,
                -16.657519531250003
              ]
            ]
          ],
          [
            [
              [
                -151.409814453125,
                -16.877734375
              ],
              [
                -151.449462890625,
                -16.879296875
              ],
              [
                -151.485498046875,
                -16.863671875
              ],
              [
                -151.476416015625,
                -16.7607421875
              ],
              [
                -151.466748046875,
                -16.73964843750001
              ],
              [
                -151.411181640625,
                -16.7744140625
              ],
              [
                -151.364501953125,
                -16.8642578125
              ],
              [
                -151.409814453125,
                -16.877734375
              ]
            ]
          ],
          [
            [
              [
                -138.505859375,
                -20.857226562500003
              ],
              [
                -138.53486328125,
                -20.87587890625001
              ],
              [
                -138.5240234375,
                -20.8505859375
              ],
              [
                -138.54638671875,
                -20.79511718750001
              ],
              [
                -138.568359375,
                -20.787109375
              ],
              [
                -138.54638671875,
                -20.77119140625001
              ],
              [
                -138.51494140625,
                -20.81337890625001
              ],
              [
                -138.505859375,
                -20.857226562500003
              ]
            ]
          ],
          [
            [
              [
                -138.651123046875,
                -10.515332031250011
              ],
              [
                -138.687744140625,
                -10.532421875000011
              ],
              [
                -138.690380859375,
                -10.425585937500003
              ],
              [
                -138.642919921875,
                -10.445898437500006
              ],
              [
                -138.624462890625,
                -10.462988281250006
              ],
              [
                -138.632373046875,
                -10.4921875
              ],
              [
                -138.651123046875,
                -10.515332031250011
              ]
            ]
          ],
          [
            [
              [
                -140.075634765625,
                -9.425976562500011
              ],
              [
                -140.09736328125,
                -9.444140625
              ],
              [
                -140.138037109375,
                -9.384375
              ],
              [
                -140.144384765625,
                -9.359375
              ],
              [
                -140.070947265625,
                -9.328125
              ],
              [
                -140.031103515625,
                -9.3447265625
              ],
              [
                -140.075634765625,
                -9.425976562500011
              ]
            ]
          ],
          [
            [
              [
                -143.440576171875,
                -16.619726562500006
              ],
              [
                -143.386181640625,
                -16.66884765625001
              ],
              [
                -143.458544921875,
                -16.63544921875001
              ],
              [
                -143.55068359375,
                -16.62109375
              ],
              [
                -143.515576171875,
                -16.6123046875
              ],
              [
                -143.464697265625,
                -16.613574218750003
              ],
              [
                -143.440576171875,
                -16.619726562500006
              ]
            ]
          ],
          [
            [
              [
                -145.0513671875,
                -15.856054687500006
              ],
              [
                -145.057666015625,
                -15.901074218750011
              ],
              [
                -145.076416015625,
                -15.857617187500011
              ],
              [
                -145.137939453125,
                -15.7880859375
              ],
              [
                -145.1607421875,
                -15.757031250000011
              ],
              [
                -145.133544921875,
                -15.762011718750003
              ],
              [
                -145.0513671875,
                -15.856054687500006
              ]
            ]
          ],
          [
            [
              [
                -139.059716796875,
                -9.931347656250011
              ],
              [
                -139.133984375,
                -10.009570312500003
              ],
              [
                -139.134228515625,
                -9.92626953125
              ],
              [
                -139.107470703125,
                -9.915429687500009
              ],
              [
                -139.083154296875,
                -9.915429687500009
              ],
              [
                -139.059716796875,
                -9.931347656250011
              ]
            ]
          ],
          [
            [
              [
                -140.6853515625,
                -18.3798828125
              ],
              [
                -140.671875,
                -18.416113281250006
              ],
              [
                -140.696044921875,
                -18.39912109375001
              ],
              [
                -140.7732421875,
                -18.36376953125
              ],
              [
                -140.78173828125,
                -18.33417968750001
              ],
              [
                -140.6853515625,
                -18.3798828125
              ]
            ]
          ],
          [
            [
              [
                -143.571142578125,
                -16.634765625
              ],
              [
                -143.61064453125,
                -16.640429687500003
              ],
              [
                -143.707421875,
                -16.580859375
              ],
              [
                -143.67021484375,
                -16.580859375
              ],
              [
                -143.614794921875,
                -16.61806640625001
              ],
              [
                -143.571142578125,
                -16.634765625
              ]
            ]
          ],
          [
            [
              [
                -136.971728515625,
                -18.34199218750001
              ],
              [
                -136.971337890625,
                -18.3609375
              ],
              [
                -137.067578125,
                -18.26533203125001
              ],
              [
                -137.029638671875,
                -18.27285156250001
              ],
              [
                -136.971728515625,
                -18.34199218750001
              ]
            ]
          ],
          [
            [
              [
                -142.51181640625,
                -16.096289062500006
              ],
              [
                -142.52958984375,
                -16.10712890625001
              ],
              [
                -142.5068359375,
                -16.027734375
              ],
              [
                -142.481201171875,
                -16.01777343750001
              ],
              [
                -142.51181640625,
                -16.096289062500006
              ]
            ]
          ]
        ]
      }
    }
  ]
}