{
  "type": "FeatureCollection",
  "features": [
    {
      "type": "Feature",
      "geometry": {
        "type": "MultiPolygon",
        "coordinates": [
          [
            [
              [
                141.0002104,
                -2.6001511
              ],
              [
                141.0170569,
                -5.8590219
              ],
              [
                141.0338518,
                -9.1178928
              ],
              [
                142.0682589,
                -9.1595956
              ],
              [
                142.6284314,
                -9.3268206
              ],
              [
                143.4139132,
                -8.9830689
              ],
              [
                143.2863758,
                -8.2454912
              ],
              [
                143.8970878,
                -7.9153305
              ],
              [
                144.7441679,
                -7.6301283
              ],
              [
                146.0484811,
                -8.0674142
              ],
              [
                146.5678809,
                -8.9425546
              ],
              [
                147.1354432,
                -9.4924435
              ],
              [
                147.9130184,
                -10.1304408
              ],
              [
                148.9231376,
                -10.2809225
              ],
              [
                149.78231,
                -10.3932671
              ],
              [
                150.0283932,
                -10.6524761
              ],
              [
                150.690575,
                -10.5827129
              ],
              [
                150.8016276,
                -10.2936866
              ],
              [
                149.7387985,
                -9.8729371
              ],
              [
                150.0387285,
                -9.6843181
              ],
              [
                149.2666309,
                -9.514406
              ],
              [
                149.3068352,
                -9.0714356
              ],
              [
                148.7341053,
                -9.1046636
              ],
              [
                148.0846359,
                -8.0441082
              ],
              [
                147.1918738,
                -7.3880242
              ],
              [
                146.9709054,
                -6.7216566
              ],
              [
                147.8911076,
                -6.6140146
              ],
              [
                147.6480734,
                -6.0836594
              ],
              [
                145.9819218,
                -5.4656092
              ],
              [
                145.8297864,
                -4.8764979
              ],
              [
                145.2731796,
                -4.3737379
              ],
              [
                144.583971,
                -3.8614177
              ],
              [
                142.7352466,
                -3.2891529
              ],
              [
                141.0002104,
                -2.6001511
              ]
            ]
          ],
          [
            [
              [
                151.3013904,
                -5.8407284
              ],
              [
                151.4591069,
                -5.5602805
              ],
              [
                151.9827959,
                -5.4780632
              ],
              [
                152.3186927,
                -4.8676612
              ],
              [
                152.3387431,
                -4.3129664
              ],
              [
                152.1367916,
                -4.1487904
              ],
              [
                151.5378618,
                -4.1678073
              ],
              [
                151.6478809,
                -4.7570737
              ],
              [
                151.0896721,
                -5.1136927
              ],
              [
                150.8074671,
                -5.4558424
              ],
              [
                150.2369076,
                -5.5322201
              ],
              [
                150.1397559,
                -5.0013482
              ],
              [
                149.9962504,
                -5.0261012
              ],
              [
                149.845562,
                -5.5055034
              ],
              [
                149.2984119,
                -5.5837416
              ],
              [
                148.4018258,
                -5.4377556
              ],
              [
                148.3189368,
                -5.7471424
              ],
              [
                148.8900647,
                -6.0260401
              ],
              [
                149.709963,
                -6.3165134
              ],
              [
                150.2411967,
                -6.3177536
              ],
              [
                150.7544471,
                -6.0837627
              ],
              [
                151.3013904,
                -5.8407284
              ]
            ]
          ],
          [
            [
              [
                152.6400167,
                -3.659983
              ],
              [
                152.2399895,
                -3.2400086
              ],
              [
                151.8200151,
                -2.9999716
              ],
              [
                151.4799842,
                -2.779985
              ],
              [
                150.9399654,
                -2.5000021
              ],
              [
                150.6620496,
                -2.7414861
              ],
              [
                151.3842794,
                -3.0354216
              ],
              [
                151.9532369,
                -3.4620623
              ],
              [
                152.4060258,
                -3.7897425
              ],
              [
                152.6386731,
                -4.1761272
              ],
              [
                152.8272921,
                -4.7664271
              ],
              [
                153.1400379,
                -4.4999834
              ],
              [
                153.0199935,
                -3.9800152
              ],
              [
                152.6400167,
                -3.659983
              ]
            ]
          ],
          [
            [
              [
                154.7599907,
                -5.3399838
              ],
              [
                154.6525037,
                -5.0424309
              ],
              [
                154.5141142,
                -5.1391175
              ],
              [
                154.7291915,
                -5.9008281
              ],
              [
                155.1669943,
                -6.5359315
              ],
              [
                155.5999911,
                -6.9199907
              ],
              [
                155.8800257,
                -6.8199968
              ],
              [
                156.0199654,
                -6.5400139
              ],
              [
                155.5477462,
                -6.2006548
              ],
              [
                155.0629179,
                -5.5667917
              ],
              [
                154.7599907,
                -5.3399838
              ]
            ]
          ]
        ]
      }
    }
  ]
}