{
  "type": "FeatureCollection",
  "features": [
    {
      "type": "Feature",
      "geometry": {
        "type": "MultiPolygon",
        "coordinates": [
          [
            [
              [
                122.3369568,
                18.2248827
              ],
              [
                122.2460063,
                18.4789499
              ],
              [
                121.9376014,
                18.2185524
              ],
              [
                121.3213082,
                18.5040646
              ],
              [
                120.7158671,
                18.5052274
              ],
              [
                120.3900472,
                17.5990811
              ],
              [
                120.2864877,
                16.0346288
              ],
              [
                119.8837732,
                16.3637043
              ],
              [
                119.9209286,
                15.4063467
              ],
              [
                120.0704285,
                14.9708695
              ],
              [
                120.5641451,
                14.3962792
              ],
              [
                120.6933362,
                14.7566706
              ],
              [
                120.9918193,
                14.5253928
              ],
              [
                120.6793836,
                14.2710155
              ],
              [
                120.6286373,
                13.8576557
              ],
              [
                121.1263847,
                13.6366873
              ],
              [
                122.0346497,
                13.7844819
              ],
              [
                122.671355,
                13.1858363
              ],
              [
                122.928652,
                13.5529198
              ],
              [
                123.2980351,
                13.0275255
              ],
              [
                124.0774191,
                12.5366769
              ],
              [
                124.1812887,
                12.9975274
              ],
              [
                123.855107,
                13.2377711
              ],
              [
                123.950295,
                13.7821306
              ],
              [
                122.7012757,
                14.3365412
              ],
              [
                122.2589254,
                14.2182022
              ],
              [
                121.7288286,
                14.3283764
              ],
              [
                121.5050696,
                15.1248135
              ],
              [
                121.6627861,
                15.9310176
              ],
              [
                122.2523108,
                16.2624444
              ],
              [
                122.5156539,
                17.0935047
              ],
              [
                122.1742794,
                17.8102827
              ],
              [
                122.3369568,
                18.2248827
              ]
            ]
          ],
          [
            [
              [
                126.3768136,
                8.4147063
              ],
              [
                126.306637,
                8.7824875
              ],
              [
                126.2227145,
                9.2860743
              ],
              [
                125.412118,
                9.7603348
              ],
              [
                125.4713908,
                8.986997
              ],
              [
                124.7646123,
                8.9604095
              ],
              [
                124.6014698,
                8.5141576
              ],
              [
                123.8411544,
                8.2403242
              ],
              [
                123.4876876,
                8.6930098
              ],
              [
                122.9423979,
                8.3162369
              ],
              [
                122.3123588,
                8.0349621
              ],
              [
                121.919928,
                7.1921195
              ],
              [
                122.0854993,
                6.8994241
              ],
              [
                122.8255058,
                7.4573746
              ],
              [
                123.2960714,
                7.4188756
              ],
              [
                123.6102124,
                7.8335273
              ],
              [
                124.2436621,
                7.3606105
              ],
              [
                123.9387195,
                6.8851356
              ],
              [
                124.2197876,
                6.1613555
              ],
              [
                125.3965117,
                5.5810033
              ],
              [
                125.6831608,
                6.0496569
              ],
              [
                125.3638522,
                6.7864853
              ],
              [
                125.8314205,
                7.2937153
              ],
              [
                126.1967729,
                6.2742943
              ],
              [
                126.5374239,
                7.1893806
              ],
              [
                126.4785128,
                7.7503541
              ],
              [
                126.3768136,
                8.4147063
              ]
            ]
          ],
          [
            [
              [
                125.5025517,
                12.1626946
              ],
              [
                125.2271163,
                12.5357209
              ],
              [
                124.2667615,
                12.5577609
              ],
              [
                124.8779904,
                11.79419
              ],
              [
                124.8910128,
                11.4155826
              ],
              [
                124.3025216,
                11.495371
              ],
              [
                124.4591012,
                10.8899299
              ],
              [
                124.7601681,
                10.8379951
              ],
              [
                124.8018193,
                10.1346789
              ],
              [
                125.2774492,
                10.358722
              ],
              [
                125.0327613,
                10.9758161
              ],
              [
                125.011884,
                11.3114546
              ],
              [
                125.7834648,
                11.0461219
              ],
              [
                125.5025517,
                12.1626946
              ]
            ]
          ],
          [
            [
              [
                122.5860889,
                9.9810448
              ],
              [
                122.380055,
                9.7133609
              ],
              [
                122.995883,
                9.0221886
              ],
              [
                123.3099207,
                9.3182687
              ],
              [
                123.6231832,
                9.9500906
              ],
              [
                123.9824378,
                10.2787786
              ],
              [
                124.0779358,
                11.2327255
              ],
              [
                123.3377743,
                10.2673839
              ],
              [
                123.4988497,
                10.9406245
              ],
              [
                122.9474105,
                10.8818684
              ],
              [
                122.8370813,
                10.2611569
              ],
              [
                122.5860889,
                9.9810448
              ]
            ]
          ],
          [
            [
              [
                118.5045809,
                9.3163826
              ],
              [
                119.0294584,
                10.0036533
              ],
              [
                119.6896765,
                10.5542915
              ],
              [
                119.5114962,
                11.3696681
              ],
              [
                118.9873422,
                10.376292
              ],
              [
                118.3869137,
                9.6844996
              ],
              [
                117.6644772,
                9.0668887
              ],
              [
                117.1742745,
                8.3674999
              ],
              [
                118.5045809,
                9.3163826
              ]
            ]
          ],
          [
            [
              [
                122.0383704,
                11.415841
              ],
              [
                121.967367,
                10.9056912
              ],
              [
                122.0026103,
                10.4410168
              ],
              [
                122.6377137,
                10.7413085
              ],
              [
                123.1008378,
                11.1659337
              ],
              [
                123.1202165,
                11.5836602
              ],
              [
                122.4838212,
                11.5821874
              ],
              [
                121.8835478,
                11.8917551
              ],
              [
                122.0383704,
                11.415841
              ]
            ]
          ],
          [
            [
              [
                120.8338961,
                12.7044962
              ],
              [
                121.2621904,
                12.2055602
              ],
              [
                121.5273938,
                13.0695902
              ],
              [
                121.1801282,
                13.4296974
              ],
              [
                120.3234363,
                13.4664135
              ],
              [
                120.8338961,
                12.7044962
              ]
            ]
          ]
        ]
      }
    }
  ]
}