{
  "type": "FeatureCollection",
  "features": [
    {
      "type": "Feature",
      "geometry": {
        "type": "Polygon",
        "coordinates": [
          [
            [
              23.4841276,
              53.9124977
            ],
            [
              23.2439873,
              54.2205667
            ],
            [
              22.7310987,
              54.3275369
            ],
            [
              20.8922445,
              54.3125249
            ],
            [
              19.6606401,
              54.4260839
            ],
            [
              18.6962545,
              54.4387188
            ],
            [
              18.6208586,
              54.6826057
            ],
            [
              17.6228317,
              54.851536
            ],
            [
              16.363477,
              54.5131587
            ],
            [
              14.8029004,
              54.0507063
            ],
            [
              14.1196863,
              53.7570291
            ],
            [
              14.3533155,
              53.2481713
            ],
            [
              14.0745211,
              52.9812625
            ],
            [
              14.4375997,
              52.6248502
            ],
            [
              14.6850265,
              52.0899474
            ],
            [
              14.6070984,
              51.7451881
            ],
            [
              15.0169959,
              51.1066741
            ],
            [
              15.4909721,
              50.7847299
            ],
            [
              16.2386267,
              50.6977327
            ],
            [
              16.1762533,
              50.4226073
            ],
            [
              16.7194759,
              50.2157466
            ],
            [
              16.8687692,
              50.4739737
            ],
            [
              17.5545671,
              50.3621459
            ],
            [
              17.649445,
              50.0490384
            ],
            [
              18.3929139,
              49.9886286
            ],
            [
              18.8531442,
              49.4962298
            ],
            [
              18.9095748,
              49.4358459
            ],
            [
              19.3207125,
              49.571574
            ],
            [
              19.8250228,
              49.2171254
            ],
            [
              20.4158395,
              49.4314534
            ],
            [
              20.8879554,
              49.3287723
            ],
            [
              21.6078081,
              49.4701073
            ],
            [
              22.5581376,
              49.085738
            ],
            [
              22.7764189,
              49.0273953
            ],
            [
              22.5184501,
              49.4767736
            ],
            [
              23.4265084,
              50.3085058
            ],
            [
              23.9227572,
              50.4248811
            ],
            [
              24.0299858,
              50.7054066
            ],
            [
              23.5270708,
              51.5784541
            ],
            [
              23.5080022,
              52.0236466
            ],
            [
              23.1994938,
              52.4869774
            ],
            [
              23.7991988,
              52.6910994
            ],
            [
              23.8049349,
              53.0897314
            ],
            [
              23.5275358,
              53.4701216
            ],
            [
              23.4841276,
              53.9124977
            ]
          ]
        ]
      }
    }
  ]
}