{
  "type": "FeatureCollection",
  "name": "PM",
  "features": [
    {
      "type": "Feature",
      "geometry": {
        "type": "MultiPolygon",
        "coordinates": [
          [
            [
              [
                -56.26708984375,
                46.8384765625
              ],
              [
                -56.35419921875,
                46.7953125
              ],
              [
                -56.384765625,
                46.81943359375
              ],
              [
                -56.37724609374999,
                46.84765625
              ],
              [
                -56.33256835937499,
                46.915966796875
              ],
              [
                -56.333935546875,
                46.93564453125
              ],
              [
                -56.3869140625,
                47.06796875
              ],
              [
                -56.3779296875,
                47.08955078125
              ],
              [
                -56.364648437499994,
                47.098974609375
              ],
              [
                -56.287353515625,
                47.07099609375
              ],
              [
                -56.27836914062499,
                47.035009765625
              ],
              [
                -56.314892578125,
                46.953857421875
              ],
              [
                -56.289794921875,
                46.89990234375
              ],
              [
                -56.25546875,
                46.860986328124994
              ],
              [
                -56.26708984375,
                46.8384765625
              ]
            ]
          ],
          [
            [
              [
                -56.15073242187499,
                46.76240234375
              ],
              [
                -56.17167968749999,
                46.752832031249994
              ],
              [
                -56.24326171874999,
                46.7671875
              ],
              [
                -56.2091796875,
                46.798242187499994
              ],
              [
                -56.18505859375,
                46.807275390624994
              ],
              [
                -56.15263671874999,
                46.811083984374996
              ],
              [
                -56.137353515624994,
                46.8015625
              ],
              [
                -56.13925781249999,
                46.778662109375
              ],
              [
                -56.15073242187499,
                46.76240234375
              ]
            ]
          ]
        ]
      }
    }
  ]
}