{
  "type": "FeatureCollection",
  "name": "PN",
  "features": [
    {
      "type": "Feature",
      "geometry": {
        "type": "MultiPolygon",
        "coordinates": [
          [
            [
              [
                -128.290087890625,
                -24.39736328125001
              ],
              [
                -128.3,
                -24.41259765625
              ],
              [
                -128.320654296875,
                -24.399707031250003
              ],
              [
                -128.3421875,
                -24.370703125
              ],
              [
                -128.3501953125,
                -24.340234375
              ],
              [
                -128.330126953125,
                -24.3232421875
              ],
              [
                -128.30361328125,
                -24.33359375
              ],
              [
                -128.2908203125,
                -24.36464843750001
              ],
              [
                -128.290087890625,
                -24.39736328125001
              ]
            ]
          ]
        ]
      }
    }
  ]
}