{
  "type": "FeatureCollection",
  "features": [
    {
      "type": "Feature",
      "geometry": {
        "type": "Polygon",
        "coordinates": [
          [
            [
              -66.2824345,
              18.5147617
            ],
            [
              -67.1006791,
              18.5206011
            ],
            [
              -67.2424275,
              18.3744602
            ],
            [
              -67.1841624,
              17.9465535
            ],
            [
              -66.5999345,
              17.9818226
            ],
            [
              -65.8471639,
              17.9759057
            ],
            [
              -65.5910038,
              18.228035
            ],
            [
              -65.7713029,
              18.4266792
            ],
            [
              -66.2824345,
              18.5147617
            ]
          ]
        ]
      }
    }
  ]
}