{
  "type": "FeatureCollection",
  "features": [
    {
      "type": "Feature",
      "geometry": {
        "type": "Polygon",
        "coordinates": [
          [
            [
              35.3975607,
              31.489086
            ],
            [
              35.5452519,
              31.7825048
            ],
            [
              35.5456653,
              32.393992
            ],
            [
              35.1839303,
              32.5325107
            ],
            [
              34.9746407,
              31.8665823
            ],
            [
              35.2258916,
              31.7543411
            ],
            [
              34.9705066,
              31.6167785
            ],
            [
              34.9274085,
              31.3534354
            ],
            [
              35.3975607,
              31.489086
            ]
          ]
        ]
      }
    }
  ]
}