{
  "type": "FeatureCollection",
  "features": [
    {
      "type": "Feature",
      "geometry": {
        "type": "Polygon",
        "coordinates": [
          [
            [
              -9.0348177,
              41.8805706
            ],
            [
              -8.9907894,
              41.5434594
            ],
            [
              -8.7908532,
              41.184334
            ],
            [
              -8.768684,
              40.7606389
            ],
            [
              -8.9773535,
              40.1593061
            ],
            [
              -9.0483052,
              39.7550931
            ],
            [
              -9.4469889,
              39.3920661
            ],
            [
              -9.5265706,
              38.7374291
            ],
            [
              -9.2874638,
              38.3584858
            ],
            [
              -8.8399975,
              38.2662434
            ],
            [
              -8.7461014,
              37.6513455
            ],
            [
              -8.898857,
              36.8688093
            ],
            [
              -8.3828161,
              36.9788801
            ],
            [
              -7.8556132,
              36.8382685
            ],
            [
              -7.4537256,
              37.0977876
            ],
            [
              -7.5371055,
              37.4289043
            ],
            [
              -7.1665079,
              37.8038944
            ],
            [
              -7.0292812,
              38.0757641
            ],
            [
              -7.3740922,
              38.3730586
            ],
            [
              -7.0980367,
              39.0300727
            ],
            [
              -7.4986324,
              39.629571
            ],
            [
              -7.0665916,
              39.7118916
            ],
            [
              -7.0264131,
              40.1845242
            ],
            [
              -6.8640199,
              40.3308719
            ],
            [
              -6.8511267,
              41.1110827
            ],
            [
              -6.3890877,
              41.3818155
            ],
            [
              -6.6686055,
              41.8833869
            ],
            [
              -7.251309,
              41.9183461
            ],
            [
              -7.422513,
              41.7920747
            ],
            [
              -8.0131746,
              41.7908861
            ],
            [
              -8.263857,
              42.2804687
            ],
            [
              -8.6719458,
              42.1346894
            ],
            [
              -9.0348177,
              41.8805706
            ]
          ]
        ]
      }
    }
  ]
}