{
  "type": "FeatureCollection",
  "name": "PW",
  "features": [
    {
      "type": "Feature",
      "geometry": {
        "type": "MultiPolygon",
        "coordinates": [
          [
            [
              [
                134.64820397200003,
                7.719427802000041
              ],
              [
                134.6601668630001,
                7.686021226000037
              ],
              [
                134.66334069100003,
                7.638576565000051
              ],
              [
                134.6582137380001,
                7.591050523000092
              ],
              [
                134.645355665,
                7.557440497000073
              ],
              [
                134.62574303500003,
                7.530503648000092
              ],
              [
                134.62484785200002,
                7.523911851000094
              ],
              [
                134.63599694100003,
                7.509466864000046
              ],
              [
                134.63599694100003,
                7.503159898000092
              ],
              [
                134.6313582690001,
                7.49868398600006
              ],
              [
                134.62289472700002,
                7.472805080000057
              ],
              [
                134.5996199880001,
                7.442572333000044
              ],
              [
                134.5942488940001,
                7.421128648000092
              ],
              [
                134.60108483200008,
                7.383612372000073
              ],
              [
                134.5962020190001,
                7.369940497000073
              ],
              [
                134.59164472700002,
                7.366888739000046
              ],
              [
                134.58668053500003,
                7.36859772300005
              ],
              [
                134.57496178500003,
                7.369574286000045
              ],
              [
                134.56560306100005,
                7.37531159100007
              ],
              [
                134.55933678500003,
                7.376166083000044
              ],
              [
                134.5546981130001,
                7.372544664000088
              ],
              [
                134.54420006600003,
                7.358547268000052
              ],
              [
                134.53882897200003,
                7.355698960000041
              ],
              [
                134.52800540500004,
                7.357570705000057
              ],
              [
                134.523773634,
                7.361029364000046
              ],
              [
                134.52230879,
                7.367010809000078
              ],
              [
                134.51343834700003,
                7.391791083000044
              ],
              [
                134.5058699880001,
                7.424017645000049
              ],
              [
                134.49927819100003,
                7.43821849200009
              ],
              [
                134.4912215500001,
                7.444566148000092
              ],
              [
                134.48552493600005,
                7.444159247000073
              ],
              [
                134.4829207690001,
                7.445786851000094
              ],
              [
                134.4843856130001,
                7.458726304000038
              ],
              [
                134.48755944100003,
                7.469916083000044
              ],
              [
                134.49333743600005,
                7.480129299000055
              ],
              [
                134.501312696,
                7.488348700000074
              ],
              [
                134.51156660200002,
                7.493475653000075
              ],
              [
                134.51547285200002,
                7.480536200000074
              ],
              [
                134.5244246750001,
                7.47882721600007
              ],
              [
                134.53386478000004,
                7.485988674000055
              ],
              [
                134.53882897200003,
                7.499701239000046
              ],
              [
                134.5361434250001,
                7.507961330000057
              ],
              [
                134.5283309250001,
                7.516099351000094
              ],
              [
                134.51156660200002,
                7.52765534100007
              ],
              [
                134.51929772200003,
                7.534857489000046
              ],
              [
                134.53272545700008,
                7.553697007000039
              ],
              [
                134.54476972700002,
                7.561835028000075
              ],
              [
                134.54639733200008,
                7.56118398600006
              ],
              [
                134.547211134,
                7.56671784100007
              ],
              [
                134.54712975400003,
                7.58038971600007
              ],
              [
                134.54639733200008,
                7.581610419000071
              ],
              [
                134.556976759,
                7.601141669000071
              ],
              [
                134.56910241000003,
                7.613714911000045
              ],
              [
                134.58611087300005,
                7.62055084800005
              ],
              [
                134.61117597700002,
                7.622544664000088
              ],
              [
                134.63502037900003,
                7.629339911000045
              ],
              [
                134.640961134,
                7.645982164000088
              ],
              [
                134.63298587300005,
                7.698187567000048
              ],
              [
                134.62370853000004,
                7.717962958000044
              ],
              [
                134.621429884,
                7.729681708000044
              ],
              [
                134.625336134,
                7.734076239000046
              ],
              [
                134.63428795700008,
                7.732163804000038
              ],
              [
                134.64332116000003,
                7.726467190000051
              ],
              [
                134.64820397200003,
                7.719427802000041
              ]
            ]
          ],
          [
            [
              [
                134.4638778000001,
                7.294256903000075
              ],
              [
                134.4492293630001,
                7.290025132000039
              ],
              [
                134.45093834700003,
                7.281642971000053
              ],
              [
                134.4589949880001,
                7.271877346000053
              ],
              [
                134.4638778000001,
                7.263576565000051
              ],
              [
                134.458343946,
                7.256740627000056
              ],
              [
                134.446136915,
                7.253810940000051
              ],
              [
                134.42595462300005,
                7.253322658000059
              ],
              [
                134.4165145190001,
                7.247951565000051
              ],
              [
                134.392914259,
                7.224514065000051
              ],
              [
                134.3779403000001,
                7.219142971000053
              ],
              [
                134.36491946700005,
                7.221502997000073
              ],
              [
                134.35523522200003,
                7.228013414000088
              ],
              [
                134.34913170700008,
                7.237779039000088
              ],
              [
                134.34717858200008,
                7.249904690000051
              ],
              [
                134.34791100400003,
                7.267808335000041
              ],
              [
                134.35084069100003,
                7.271185614000046
              ],
              [
                134.38257897200003,
                7.237941799000055
              ],
              [
                134.389008009,
                7.23891836100006
              ],
              [
                134.401703321,
                7.246486721000053
              ],
              [
                134.436859571,
                7.277899481000077
              ],
              [
                134.4438582690001,
                7.28742096600007
              ],
              [
                134.44459069100003,
                7.299221096000053
              ],
              [
                134.4414168630001,
                7.310248114000046
              ],
              [
                134.44109134200005,
                7.31671784100007
              ],
              [
                134.44947350400003,
                7.31476471600007
              ],
              [
                134.45484459700003,
                7.311590887000079
              ],
              [
                134.4589949880001,
                7.307684637000079
              ],
              [
                134.46216881600003,
                7.302150783000059
              ],
              [
                134.4638778000001,
                7.294256903000075
              ]
            ]
          ],
          [
            [
              [
                134.2714949880001,
                7.07453034100007
              ],
              [
                134.2793074880001,
                7.072739976000094
              ],
              [
                134.2832137380001,
                7.068752346000053
              ],
              [
                134.28443444100003,
                7.062648830000057
              ],
              [
                134.28500410200002,
                7.054632880000042
              ],
              [
                134.28093509200005,
                7.049627997000073
              ],
              [
                134.2714949880001,
                7.033596096000053
              ],
              [
                134.27995853000004,
                7.020493882000039
              ],
              [
                134.27605228000004,
                7.016913153000075
              ],
              [
                134.266449415,
                7.016424872000073
              ],
              [
                134.2578231130001,
                7.013088283000059
              ],
              [
                134.24333743600005,
                6.99282461100006
              ],
              [
                134.2343856130001,
                6.984320380000042
              ],
              [
                134.2304793630001,
                6.989203192000048
              ],
              [
                134.235687696,
                7.008490302000041
              ],
              [
                134.2714949880001,
                7.07453034100007
              ]
            ]
          ],
          [
            [
              [
                134.47136478000004,
                7.362494208000044
              ],
              [
                134.488617384,
                7.357855536000045
              ],
              [
                134.51189212300005,
                7.347316799000055
              ],
              [
                134.5273543630001,
                7.331529039000088
              ],
              [
                134.52222741000003,
                7.311346747000073
              ],
              [
                134.51189212300005,
                7.308579820000091
              ],
              [
                134.503265821,
                7.319322007000039
              ],
              [
                134.4965926440001,
                7.333807684000078
              ],
              [
                134.4912215500001,
                7.342678127000056
              ],
              [
                134.47779381600003,
                7.346869208000044
              ],
              [
                134.46802819100003,
                7.343817450000074
              ],
              [
                134.44947350400003,
                7.328355210000041
              ],
              [
                134.4477645190001,
                7.34320709800005
              ],
              [
                134.449554884,
                7.355414130000042
              ],
              [
                134.45687910200002,
                7.362697658000059
              ],
              [
                134.47136478000004,
                7.362494208000044
              ]
            ]
          ],
          [
            [
              [
                131.14210045700008,
                3.047308661000045
              ],
              [
                131.16089928500003,
                3.058783270000049
              ],
              [
                131.1836043630001,
                3.060288804000038
              ],
              [
                131.19206790500004,
                3.048814195000091
              ],
              [
                131.18043053500003,
                3.033270575000074
              ],
              [
                131.160492384,
                3.022772528000075
              ],
              [
                131.13843834700003,
                3.018947658000059
              ],
              [
                131.13111412900003,
                3.029486395000049
              ],
              [
                131.14210045700008,
                3.047308661000045
              ]
            ]
          ],
          [
            [
              [
                134.15967858200008,
                6.884466864000046
              ],
              [
                134.14527428500003,
                6.89915599200009
              ],
              [
                134.1367293630001,
                6.919094143000052
              ],
              [
                134.1396590500001,
                6.934271552000041
              ],
              [
                134.15984134200005,
                6.93500397300005
              ],
              [
                134.173187696,
                6.924872137000079
              ],
              [
                134.1777449880001,
                6.909165757000039
              ],
              [
                134.17335045700008,
                6.893744208000044
              ],
              [
                134.15967858200008,
                6.884466864000046
              ]
            ]
          ],
          [
            [
              [
                131.7915145190001,
                2.977728583000044
              ],
              [
                131.80640709700003,
                2.974269924000055
              ],
              [
                131.8129988940001,
                2.960435289000088
              ],
              [
                131.79517662900003,
                2.949042059000078
              ],
              [
                131.77881920700008,
                2.952826239000046
              ],
              [
                131.7754012380001,
                2.964056708000044
              ],
              [
                131.78500410200002,
                2.97406647300005
              ],
              [
                131.7915145190001,
                2.977728583000044
              ]
            ]
          ],
          [
            [
              [
                134.70967643427375,
                8.09661782863137
              ],
              [
                134.7222477435953,
                8.096466184369348
              ],
              [
                134.7273429907992,
                8.08287885849227
              ],
              [
                134.7181078552421,
                8.058676434273728
              ],
              [
                134.70124501330537,
                8.050245013305364
              ],
              [
                134.69252546823918,
                8.060799453942021
              ],
              [
                134.69281359233702,
                8.075539276210458
              ],
              [
                134.70967643427375,
                8.09661782863137
              ]
            ]
          ],
          [
            [
              [
                132.22038821700005,
                5.292222398000092
              ],
              [
                132.2138778000001,
                5.307114976000094
              ],
              [
                132.22022545700008,
                5.310248114000046
              ],
              [
                132.22673587300005,
                5.304348049000055
              ],
              [
                132.22038821700005,
                5.292222398000092
              ]
            ]
          ]
        ]
      }
    }
  ]
}