{
  "type": "FeatureCollection",
  "features": [
    {
      "type": "Feature",
      "geometry": {
        "type": "Polygon",
        "coordinates": [
          [
            [
              -58.1663924,
              -20.1767009
            ],
            [
              -58.1834714,
              -19.8683993
            ],
            [
              -59.1150425,
              -19.356906
            ],
            [
              -60.0435646,
              -19.3427467
            ],
            [
              -61.7863265,
              -19.6337367
            ],
            [
              -62.2659613,
              -20.5137346
            ],
            [
              -62.2911794,
              -21.0516346
            ],
            [
              -62.6850571,
              -22.2490292
            ],
            [
              -60.8465647,
              -23.8807126
            ],
            [
              -60.028966,
              -24.0327963
            ],
            [
              -58.8071285,
              -24.7714592
            ],
            [
              -57.7772172,
              -25.1623398
            ],
            [
              -57.63366,
              -25.6036565
            ],
            [
              -58.6181736,
              -27.1237188
            ],
            [
              -57.6097597,
              -27.3958985
            ],
            [
              -56.4867016,
              -27.548499
            ],
            [
              -55.6958455,
              -27.387837
            ],
            [
              -54.7887949,
              -26.6217856
            ],
            [
              -54.6252907,
              -25.7392555
            ],
            [
              -54.4289461,
              -25.1621847
            ],
            [
              -54.2934763,
              -24.5707997
            ],
            [
              -54.2929596,
              -24.0210141
            ],
            [
              -54.6528342,
              -23.8395781
            ],
            [
              -55.0279018,
              -24.0012737
            ],
            [
              -55.4007472,
              -23.9569353
            ],
            [
              -55.5176393,
              -23.5719976
            ],
            [
              -55.6106827,
              -22.6556194
            ],
            [
              -55.7979581,
              -22.3569296
            ],
            [
              -56.4733174,
              -22.0863001
            ],
            [
              -56.8815096,
              -22.2821538
            ],
            [
              -57.9371557,
              -22.0901759
            ],
            [
              -57.870674,
              -20.7326877
            ],
            [
              -58.1663924,
              -20.1767009
            ]
          ]
        ]
      }
    }
  ]
}