{
  "type": "FeatureCollection",
  "features": [
    {
      "type": "Feature",
      "geometry": {
        "type": "Polygon",
        "coordinates": [
          [
            [
              50.8101083,
              24.7547425
            ],
            [
              51.1124154,
              24.5563309
            ],
            [
              51.3896078,
              24.627386
            ],
            [
              51.6067005,
              25.2156705
            ],
            [
              51.5890788,
              25.8011128
            ],
            [
              51.2864616,
              26.114582
            ],
            [
              51.0133517,
              26.0069917
            ],
            [
              50.7439108,
              25.4824242
            ],
            [
              50.8101083,
              24.7547425
            ]
          ]
        ]
      }
    }
  ]
}