{
  "type": "FeatureCollection",
  "features": [
    {
      "type": "Feature",
      "geometry": {
        "type": "Polygon",
        "coordinates": [
          [
            [
              28.2335535,
              45.4882832
            ],
            [
              28.054443,
              45.9445861
            ],
            [
              28.1600179,
              46.3715626
            ],
            [
              28.1280302,
              46.8104764
            ],
            [
              27.5511662,
              47.4051171
            ],
            [
              27.2338729,
              47.8267709
            ],
            [
              26.9241761,
              48.1232645
            ],
            [
              26.6193368,
              48.2207262
            ],
            [
              26.1974504,
              48.2208813
            ],
            [
              25.9459412,
              47.9871487
            ],
            [
              25.2077434,
              47.8910564
            ],
            [
              24.8663172,
              47.7375257
            ],
            [
              24.4020561,
              47.9818778
            ],
            [
              23.7609583,
              47.9855985
            ],
            [
              23.1422364,
              48.0963411
            ],
            [
              22.7105314,
              47.8821939
            ],
            [
              22.0997677,
              47.6724393
            ],
            [
              21.6265149,
              46.9942378
            ],
            [
              21.0219523,
              46.316088
            ],
            [
              20.2201925,
              46.127469
            ],
            [
              20.7621749,
              45.7345731
            ],
            [
              20.8743128,
              45.4163754
            ],
            [
              21.4835262,
              45.1811702
            ],
            [
              21.5620227,
              44.7689473
            ],
            [
              22.1450879,
              44.4784223
            ],
            [
              22.4590223,
              44.7025172
            ],
            [
              22.7057255,
              44.5780028
            ],
            [
              22.4740084,
              44.4092276
            ],
            [
              22.6571497,
              44.234923
            ],
            [
              22.9448324,
              43.8237853
            ],
            [
              23.3323023,
              43.8970108
            ],
            [
              24.1006792,
              43.7410513
            ],
            [
              25.5692717,
              43.6884447
            ],
            [
              26.0651587,
              43.9434938
            ],
            [
              27.2423995,
              44.175986
            ],
            [
              27.970107,
              43.8124682
            ],
            [
              28.5580815,
              43.7074617
            ],
            [
              28.8378577,
              44.9138738
            ],
            [
              29.1416118,
              44.8202103
            ],
            [
              29.6265434,
              45.0353909
            ],
            [
              29.603289,
              45.293308
            ],
            [
              29.149725,
              45.4649254
            ],
            [
              28.6797795,
              45.3040309
            ],
            [
              28.2335535,
              45.4882832
            ]
          ]
        ]
      }
    }
  ]
}