{
  "type": "FeatureCollection",
  "features": [
    {
      "type": "Feature",
      "geometry": {
        "type": "Polygon",
        "coordinates": [
          [
            [
              18.8298248,
              45.9088724
            ],
            [
              19.072769,
              45.5215111
            ],
            [
              19.3904757,
              45.2365156
            ],
            [
              19.0054846,
              44.8602345
            ],
            [
              19.00548,
              44.86023
            ],
            [
              19.36803,
              44.863
            ],
            [
              19.11761,
              44.42307
            ],
            [
              19.59976,
              44.03847
            ],
            [
              19.454,
              43.5681
            ],
            [
              19.21852,
              43.52384
            ],
            [
              19.48389,
              43.35229
            ],
            [
              19.63,
              43.21378
            ],
            [
              19.95857,
              43.10604
            ],
            [
              20.3398,
              42.89852
            ],
            [
              20.25758,
              42.81275
            ],
            [
              20.49679,
              42.88469
            ],
            [
              20.63508,
              43.21671
            ],
            [
              20.81448,
              43.27205
            ],
            [
              20.95651,
              43.13094
            ],
            [
              21.143395,
              43.068685
            ],
            [
              21.27421,
              42.90959
            ],
            [
              21.43866,
              42.86255
            ],
            [
              21.63302,
              42.67717
            ],
            [
              21.77505,
              42.6827
            ],
            [
              21.66292,
              42.43922
            ],
            [
              21.54332,
              42.32025
            ],
            [
              21.576636,
              42.2452244
            ],
            [
              21.91708,
              42.30364
            ],
            [
              22.3805258,
              42.3202595
            ],
            [
              22.5450118,
              42.461362
            ],
            [
              22.4365947,
              42.5803212
            ],
            [
              22.6048015,
              42.8985188
            ],
            [
              22.9860185,
              43.2111612
            ],
            [
              22.5001567,
              43.6428144
            ],
            [
              22.4104464,
              44.0080635
            ],
            [
              22.6571497,
              44.234923
            ],
            [
              22.4740084,
              44.4092276
            ],
            [
              22.7057255,
              44.5780028
            ],
            [
              22.4590223,
              44.7025172
            ],
            [
              22.1450879,
              44.4784223
            ],
            [
              21.5620227,
              44.7689473
            ],
            [
              21.4835262,
              45.1811702
            ],
            [
              20.8743128,
              45.4163754
            ],
            [
              20.7621749,
              45.7345731
            ],
            [
              20.2201925,
              46.127469
            ],
            [
              19.5960445,
              46.1717298
            ],
            [
              18.8298381,
              45.9088777
            ],
            [
              18.8298248,
              45.9088724
            ]
          ]
        ]
      }
    }
  ]
}