{
  "type": "FeatureCollection",
  "features": [
    {
      "type": "Feature",
      "geometry": {
        "type": "MultiPolygon",
        "coordinates": [
          [
            [
              [
                49.10116,
                46.39933
              ],
              [
                48.59325,
                46.56104
              ],
              [
                48.6947335,
                47.0756282
              ],
              [
                48.05725,
                47.74377
              ],
              [
                47.31524,
                47.71585
              ],
              [
                46.4664458,
                48.3941523
              ],
              [
                47.0436715,
                49.1520389
              ],
              [
                46.7515963,
                49.3560058
              ],
              [
                47.5494804,
                50.4546984
              ],
              [
                48.5778414,
                49.8747596
              ],
              [
                48.7023816,
                50.6051285
              ],
              [
                50.7666484,
                51.6927624
              ],
              [
                52.3287236,
                51.7186522
              ],
              [
                54.5328785,
                51.0262397
              ],
              [
                55.71694,
                50.62171
              ],
              [
                56.77798,
                51.04355
              ],
              [
                58.36332,
                51.06364
              ],
              [
                59.6422823,
                50.5454422
              ],
              [
                59.9328072,
                50.8421941
              ],
              [
                61.3374244,
                50.7990701
              ],
              [
                61.5880034,
                51.2726588
              ],
              [
                59.9675338,
                51.9604204
              ],
              [
                60.9272685,
                52.4475483
              ],
              [
                60.7399931,
                52.7199865
              ],
              [
                61.6999862,
                52.9799964
              ],
              [
                60.9780664,
                53.6649934
              ],
              [
                61.4366,
                54.00625
              ],
              [
                65.1785336,
                54.3542278
              ],
              [
                65.66687,
                54.60125
              ],
              [
                68.1691004,
                54.9703918
              ],
              [
                69.0681669,
                55.3852501
              ],
              [
                70.8652666,
                55.1697336
              ],
              [
                71.1801311,
                54.1332852
              ],
              [
                72.22415,
                54.3766554
              ],
              [
                73.5085161,
                54.0356168
              ],
              [
                73.4256787,
                53.4898103
              ],
              [
                74.38482,
                53.54685
              ],
              [
                76.8911003,
                54.4905244
              ],
              [
                76.5251795,
                54.1770035
              ],
              [
                77.8009156,
                53.404415
              ],
              [
                80.0355595,
                50.8647509
              ],
              [
                80.5684469,
                51.3883365
              ],
              [
                81.9459855,
                50.8121959
              ],
              [
                83.3830038,
                51.0691828
              ],
              [
                83.9351148,
                50.8892455
              ],
              [
                84.4163774,
                50.3113996
              ],
              [
                85.1155595,
                50.117303
              ],
              [
                85.54127,
                49.6928586
              ],
              [
                86.8293567,
                49.8266747
              ],
              [
                87.3599703,
                49.2149808
              ],
              [
                87.7512643,
                49.297198
              ],
              [
                88.8055668,
                49.4705207
              ],
              [
                90.7136674,
                50.3318118
              ],
              [
                92.2347115,
                50.8021707
              ],
              [
                93.10421,
                50.49529
              ],
              [
                94.1475664,
                50.4805366
              ],
              [
                94.8159493,
                50.0134333
              ],
              [
                95.81402,
                49.97746
              ],
              [
                97.25976,
                49.72605
              ],
              [
                98.2317615,
                50.4224006
              ],
              [
                97.8257398,
                51.0109952
              ],
              [
                98.8614905,
                52.047366
              ],
              [
                99.9817322,
                51.6340063
              ],
              [
                100.8894804,
                51.5168558
              ],
              [
                102.06521,
                51.25991
              ],
              [
                102.25589,
                50.51056
              ],
              [
                103.6765454,
                50.0899661
              ],
              [
                104.62158,
                50.27532
              ],
              [
                105.8865914,
                50.4060192
              ],
              [
                106.8888042,
                50.274296
              ],
              [
                107.8681759,
                49.7937051
              ],
              [
                108.4751673,
                49.2825477
              ],
              [
                109.4024492,
                49.2929605
              ],
              [
                110.6620105,
                49.1301281
              ],
              [
                111.5812309,
                49.3779682
              ],
              [
                112.8977397,
                49.5435654
              ],
              [
                114.3624565,
                50.2483027
              ],
              [
                114.9621098,
                50.1402473
              ],
              [
                115.4856954,
                49.8051773
              ],
              [
                116.6788009,
                49.8885314
              ],
              [
                117.8792444,
                49.5109834
              ],
              [
                119.2884607,
                50.1428828
              ],
              [
                119.27939,
                50.58292
              ],
              [
                120.18208,
                51.64355
              ],
              [
                120.7382,
                51.96411
              ],
              [
                120.725789,
                52.5162263
              ],
              [
                120.1770887,
                52.7538862
              ],
              [
                121.0030848,
                53.2514011
              ],
              [
                122.2457479,
                53.431726
              ],
              [
                123.57147,
                53.4588
              ],
              [
                125.0682113,
                53.1610448
              ],
              [
                125.9463489,
                52.7927986
              ],
              [
                126.564399,
                51.7842555
              ],
              [
                126.9391565,
                51.3538942
              ],
              [
                127.2874557,
                50.7397973
              ],
              [
                127.6574,
                49.76027
              ],
              [
                129.3978178,
                49.4406001
              ],
              [
                130.5822933,
                48.7296874
              ],
              [
                130.98726,
                47.79013
              ],
              [
                132.50669,
                47.78896
              ],
              [
                133.3735958,
                48.1834417
              ],
              [
                135.0263115,
                48.4782299
              ],
              [
                134.50081,
                47.57845
              ],
              [
                134.11235,
                47.21248
              ],
              [
                133.769644,
                46.116927
              ],
              [
                133.09712,
                45.14409
              ],
              [
                131.8834542,
                45.3211616
              ],
              [
                131.02519,
                44.96796
              ],
              [
                131.2885551,
                44.1115197
              ],
              [
                131.1446879,
                42.9299897
              ],
              [
                130.6338664,
                42.9030146
              ],
              [
                130.6399997,
                42.3950243
              ],
              [
                130.64,
                42.395
              ],
              [
                130.7799923,
                42.2200096
              ],
              [
                130.78,
                42.22
              ],
              [
                130.7800037,
                42.2200078
              ],
              [
                130.7800049,
                42.2200104
              ],
              [
                130.93587,
                42.55274
              ],
              [
                132.27807,
                43.28456
              ],
              [
                132.90627,
                42.79849
              ],
              [
                133.53687,
                42.81147
              ],
              [
                134.86939,
                43.39821
              ],
              [
                135.51535,
                43.989
              ],
              [
                136.86232,
                45.1435
              ],
              [
                138.21971,
                46.30795
              ],
              [
                138.55472,
                46.99965
              ],
              [
                140.06193,
                48.44671
              ],
              [
                140.51308,
                50.04553
              ],
              [
                140.59742,
                51.23967
              ],
              [
                141.37923,
                52.23877
              ],
              [
                141.34531,
                53.08957
              ],
              [
                139.90151,
                54.18968
              ],
              [
                138.80463,
                54.25455
              ],
              [
                138.1647,
                53.75501
              ],
              [
                137.19342,
                53.97732
              ],
              [
                136.70171,
                54.60355
              ],
              [
                135.12619,
                54.72959
              ],
              [
                138.95848,
                57.08805
              ],
              [
                142.19782,
                59.03998
              ],
              [
                145.48722,
                59.33637
              ],
              [
                148.54481,
                59.16448
              ],
              [
                149.78371,
                59.65573
              ],
              [
                151.33815,
                59.50396
              ],
              [
                151.26573,
                58.78089
              ],
              [
                152.81185,
                58.88385
              ],
              [
                155.04375,
                59.14495
              ],
              [
                154.21806,
                59.75818
              ],
              [
                156.72068,
                61.43442
              ],
              [
                159.30232,
                61.77396
              ],
              [
                160.12148,
                60.54423
              ],
              [
                162.65791,
                61.6425
              ],
              [
                163.25842,
                62.46627
              ],
              [
                164.47355,
                62.55061
              ],
              [
                163.66969,
                61.1409
              ],
              [
                161.87204,
                60.343
              ],
              [
                160.15064,
                59.31477
              ],
              [
                158.36433,
                58.05575
              ],
              [
                156.81035,
                57.83204
              ],
              [
                156.75815,
                57.3647
              ],
              [
                155.91442,
                56.76792
              ],
              [
                155.43366,
                55.38103
              ],
              [
                155.99182,
                53.15895
              ],
              [
                156.42,
                51.7
              ],
              [
                156.78979,
                51.01105
              ],
              [
                158.23118,
                51.94269
              ],
              [
                158.53094,
                52.95868
              ],
              [
                160.02173,
                53.20257
              ],
              [
                160.36877,
                54.34433
              ],
              [
                162.11749,
                54.85514
              ],
              [
                161.70146,
                55.28568
              ],
              [
                162.12958,
                56.12219
              ],
              [
                163.05794,
                56.15924
              ],
              [
                163.19191,
                57.61503
              ],
              [
                162.05297,
                57.83912
              ],
              [
                162.01733,
                58.24328
              ],
              [
                163.21711,
                59.21101
              ],
              [
                163.53929,
                59.86871
              ],
              [
                164.87674,
                59.7316
              ],
              [
                165.84,
                60.16
              ],
              [
                166.29498,
                59.78855
              ],
              [
                168.90046,
                60.57355
              ],
              [
                170.33085,
                59.88177
              ],
              [
                170.6985,
                60.33618
              ],
              [
                172.15,
                60.95
              ],
              [
                173.68013,
                61.65261
              ],
              [
                174.56929,
                61.76915
              ],
              [
                177.3643,
                62.5219
              ],
              [
                179.22825,
                62.3041
              ],
              [
                179.48636,
                62.56894
              ],
              [
                179.37034,
                62.98262
              ],
              [
                178.90825,
                63.25197
              ],
              [
                178.313,
                64.07593
              ],
              [
                177.41128,
                64.60821
              ],
              [
                178.7072,
                64.53493
              ],
              [
                179.99281,
                64.97433
              ],
              [
                180.0,
                64.9797087
              ],
              [
                180.0,
                68.9636364
              ],
              [
                178.6,
                69.4
              ],
              [
                175.72403,
                69.87725
              ],
              [
                173.64391,
                69.81743
              ],
              [
                170.45345,
                70.09703
              ],
              [
                170.0082,
                69.65276
              ],
              [
                170.81688,
                69.01363
              ],
              [
                169.57763,
                68.6938
              ],
              [
                167.83567,
                69.58269
              ],
              [
                165.94037,
                69.47199
              ],
              [
                164.05248,
                69.66823
              ],
              [
                162.27907,
                69.64204
              ],
              [
                160.94053,
                69.43728
              ],
              [
                159.70866,
                69.72198
              ],
              [
                159.83031,
                70.45324
              ],
              [
                158.99779,
                70.86672
              ],
              [
                157.00688,
                71.03141
              ],
              [
                152.9689,
                70.84222
              ],
              [
                150.35118,
                71.60643
              ],
              [
                149.5,
                72.2
              ],
              [
                140.46817,
                72.84941
              ],
              [
                139.14791,
                72.41619
              ],
              [
                139.86983,
                71.48783
              ],
              [
                138.23409,
                71.62803
              ],
              [
                137.49755,
                71.34763
              ],
              [
                135.56193,
                71.65525
              ],
              [
                133.85766,
                71.38642
              ],
              [
                132.2535,
                71.8363
              ],
              [
                131.28858,
                70.78699
              ],
              [
                129.71599,
                71.19304
              ],
              [
                128.46,
                71.98
              ],
              [
                129.05157,
                72.39872
              ],
              [
                128.59126,
                73.03871
              ],
              [
                126.97644,
                73.56549
              ],
              [
                125.38,
                73.56
              ],
              [
                123.25777,
                73.73503
              ],
              [
                123.20066,
                72.97122
              ],
              [
                119.02,
                73.12
              ],
              [
                118.77633,
                73.58772
              ],
              [
                115.56782,
                73.75285
              ],
              [
                113.96881,
                73.59488
              ],
              [
                113.52958,
                73.33505
              ],
              [
                113.01954,
                73.97693
              ],
              [
                112.11919,
                73.78774
              ],
              [
                110.64,
                74.04
              ],
              [
                109.4,
                74.18
              ],
              [
                110.15125,
                74.47673
              ],
              [
                112.77918,
                75.03186
              ],
              [
                113.88539,
                75.32779
              ],
              [
                114.13417,
                75.84764
              ],
              [
                113.33151,
                76.22224
              ],
              [
                111.07726,
                76.71
              ],
              [
                108.1538,
                76.72335
              ],
              [
                107.24,
                76.48
              ],
              [
                106.97013,
                76.97419
              ],
              [
                104.705,
                77.1274
              ],
              [
                106.06664,
                77.37389
              ],
              [
                104.3516,
                77.69792
              ],
              [
                101.99084,
                77.28754
              ],
              [
                101.03532,
                76.86189
              ],
              [
                100.75967,
                76.43028
              ],
              [
                98.92254,
                76.44689
              ],
              [
                96.67821,
                75.91548
              ],
              [
                95.86,
                76.14
              ],
              [
                93.23421,
                76.0472
              ],
              [
                92.90058,
                75.77333
              ],
              [
                90.26,
                75.64
              ],
              [
                88.31571,
                75.14393
              ],
              [
                87.16682,
                75.11643
              ],
              [
                86.00956,
                74.45967
              ],
              [
                86.8223,
                73.93688
              ],
              [
                84.65526,
                73.80591
              ],
              [
                82.25,
                73.85
              ],
              [
                80.51109,
                73.6482
              ],
              [
                80.61071,
                72.58285
              ],
              [
                81.5,
                71.75
              ],
              [
                79.65202,
                72.32011
              ],
              [
                77.57665,
                72.26717
              ],
              [
                75.90313,
                71.87401
              ],
              [
                76.35911,
                71.15287
              ],
              [
                75.28898,
                71.33556
              ],
              [
                75.68351,
                72.30056
              ],
              [
                75.15801,
                72.85497
              ],
              [
                74.65926,
                72.83227
              ],
              [
                74.89082,
                72.12119
              ],
              [
                73.1011,
                71.44717
              ],
              [
                74.3998,
                70.63175
              ],
              [
                73.60187,
                69.62763
              ],
              [
                73.84236,
                69.07146
              ],
              [
                74.93584,
                68.98918
              ],
              [
                74.46926,
                68.32899
              ],
              [
                75.052,
                67.76047
              ],
              [
                74.18651,
                67.28429
              ],
              [
                73.92099,
                66.78946
              ],
              [
                72.82077,
                66.53267
              ],
              [
                72.42301,
                66.17267
              ],
              [
                71.28,
                66.32
              ],
              [
                73.2387,
                67.7404
              ],
              [
                73.66787,
                68.4079
              ],
              [
                72.5647,
                69.02085
              ],
              [
                72.79188,
                70.39114
              ],
              [
                72.47011,
                71.09019
              ],
              [
                71.84811,
                71.40898
              ],
              [
                72.79603,
                72.22006
              ],
              [
                72.58754,
                72.77629
              ],
              [
                69.94,
                73.04
              ],
              [
                69.19636,
                72.84336
              ],
              [
                68.54006,
                71.9345
              ],
              [
                66.69466,
                71.02897
              ],
              [
                66.72492,
                70.70889
              ],
              [
                67.25976,
                69.92873
              ],
              [
                66.93008,
                69.45461
              ],
              [
                68.13522,
                69.35649
              ],
              [
                68.16444,
                69.14436
              ],
              [
                69.18068,
                68.61563
              ],
              [
                68.51216,
                68.09233
              ],
              [
                64.888115,
                69.234835
              ],
              [
                63.504,
                69.54739
              ],
              [
                60.55,
                69.85
              ],
              [
                60.03,
                69.52
              ],
              [
                61.07784,
                68.94069
              ],
              [
                59.94142,
                68.27844
              ],
              [
                58.802,
                68.88082
              ],
              [
                57.31702,
                68.46628
              ],
              [
                55.44268,
                68.43866
              ],
              [
                54.72628,
                68.09702
              ],
              [
                53.48582,
                68.20131
              ],
              [
                54.47171,
                68.80815
              ],
              [
                53.71743,
                68.85738
              ],
              [
                50.22766,
                67.99867
              ],
              [
                48.13876,
                67.52238
              ],
              [
                47.89416,
                66.88455
              ],
              [
                46.34915,
                66.66767
              ],
              [
                45.56202,
                67.01005
              ],
              [
                45.55517,
                67.56652
              ],
              [
                46.82134,
                67.68997
              ],
              [
                46.25,
                68.25
              ],
              [
                43.45282,
                68.57079
              ],
              [
                44.18795,
                67.95051
              ],
              [
                43.69839,
                67.35245
              ],
              [
                44.53226,
                66.75634
              ],
              [
                43.94975,
                66.06908
              ],
              [
                43.01604,
                66.41858
              ],
              [
                42.09309,
                66.47623
              ],
              [
                39.7626,
                65.49682
              ],
              [
                40.4356,
                64.76446
              ],
              [
                39.59345,
                64.52079
              ],
              [
                37.17604,
                65.14322
              ],
              [
                36.539579,
                64.76446
              ],
              [
                37.14197,
                64.33471
              ],
              [
                37.01273,
                63.84983
              ],
              [
                36.23129,
                64.10945
              ],
              [
                34.94391,
                64.41437
              ],
              [
                34.8785743,
                65.4362129
              ],
              [
                34.81477,
                65.90015
              ],
              [
                33.18444,
                66.63253
              ],
              [
                33.91871,
                66.75961
              ],
              [
                38.38295,
                65.99953
              ],
              [
                40.01583,
                66.26618
              ],
              [
                41.12595,
                66.79158
              ],
              [
                41.05987,
                67.45713
              ],
              [
                40.29234,
                67.9324
              ],
              [
                36.51396,
                69.06342
              ],
              [
                33.77547,
                69.30142
              ],
              [
                32.13272,
                69.90595
              ],
              [
                31.10108,
                69.55811
              ],
              [
                31.1010422,
                69.5581011
              ],
              [
                29.39955,
                69.15692
              ],
              [
                28.5919296,
                69.0647769
              ],
              [
                28.4459436,
                68.3646129
              ],
              [
                29.9774264,
                67.698297
              ],
              [
                29.0545887,
                66.9442862
              ],
              [
                30.21765,
                65.80598
              ],
              [
                29.5444296,
                64.9486716
              ],
              [
                30.4446847,
                64.2044534
              ],
              [
                30.0358724,
                63.5528136
              ],
              [
                31.5160922,
                62.8676875
              ],
              [
                31.1399911,
                62.3576928
              ],
              [
                30.2111072,
                61.7800278
              ],
              [
                28.07,
                60.50352
              ],
              [
                28.0700019,
                60.5035191
              ],
              [
                29.1177,
                60.02805
              ],
              [
                27.9811269,
                59.4753733
              ],
              [
                27.98112,
                59.47537
              ],
              [
                28.1316993,
                59.3008251
              ],
              [
                27.42015,
                58.72457
              ],
              [
                27.7166858,
                57.7918991
              ],
              [
                27.2881848,
                57.4745283
              ],
              [
                27.7700159,
                57.2442581
              ],
              [
                27.855282,
                56.7593265
              ],
              [
                28.1767094,
                56.16913
              ],
              [
                29.2295134,
                55.9183442
              ],
              [
                29.3715719,
                55.6700906
              ],
              [
                29.8962944,
                55.7894632
              ],
              [
                30.8739091,
                55.5509765
              ],
              [
                30.971836,
                55.0815478
              ],
              [
                30.7575338,
                54.8117709
              ],
              [
                31.3844723,
                54.1570564
              ],
              [
                31.7914242,
                53.9746386
              ],
              [
                31.7312728,
                53.7940294
              ],
              [
                32.4055986,
                53.6180454
              ],
              [
                32.693643,
                53.3514208
              ],
              [
                32.3045195,
                53.1327261
              ],
              [
                31.49764,
                53.16743
              ],
              [
                31.3052006,
                53.0739959
              ],
              [
                31.5400183,
                52.7420523
              ],
              [
                31.78597,
                52.10168
              ],
              [
                31.7859924,
                52.1016776
              ],
              [
                32.15944,
                52.06125
              ],
              [
                32.4120581,
                52.288695
              ],
              [
                32.7157605,
                52.2384655
              ],
              [
                33.7526998,
                52.3350746
              ],
              [
                34.3917306,
                51.7688817
              ],
              [
                34.1419784,
                51.5664135
              ],
              [
                34.2248157,
                51.2559932
              ],
              [
                35.0221831,
                51.2075723
              ],
              [
                35.37791,
                50.77394
              ],
              [
                35.3561162,
                50.5771974
              ],
              [
                36.6261678,
                50.2255909
              ],
              [
                37.3934595,
                50.3839534
              ],
              [
                38.0106311,
                49.9156615
              ],
              [
                38.5949882,
                49.9264619
              ],
              [
                40.06904,
                49.60105
              ],
              [
                40.080789,
                49.3074299
              ],
              [
                39.67465,
                48.78382
              ],
              [
                39.89562,
                48.23241
              ],
              [
                39.7382776,
                47.8989371
              ],
              [
                38.77057,
                47.82562
              ],
              [
                38.2551123,
                47.5464005
              ],
              [
                38.223538,
                47.1021898
              ],
              [
                39.1212,
                47.26336
              ],
              [
                39.14767,
                47.04475
              ],
              [
                37.67372,
                46.63657
              ],
              [
                38.23295,
                46.24087
              ],
              [
                37.40317,
                45.40451
              ],
              [
                36.67546,
                45.24469
              ],
              [
                37.53912,
                44.65721
              ],
              [
                38.68,
                44.28
              ],
              [
                39.9550086,
                43.4349977
              ],
              [
                40.076965,
                43.5531042
              ],
              [
                40.92219,
                43.38215
              ],
              [
                42.3944,
                43.2203
              ],
              [
                43.75599,
                42.74083
              ],
              [
                43.93121,
                42.55496
              ],
              [
                44.5376229,
                42.7119927
              ],
              [
                45.4702792,
                42.5027807
              ],
              [
                45.7764,
                42.09244
              ],
              [
                46.4049508,
                41.8606752
              ],
              [
                46.6860706,
                41.8271372
              ],
              [
                47.3733155,
                41.2197324
              ],
              [
                47.8156657,
                41.1514161
              ],
              [
                47.9872832,
                41.4058192
              ],
              [
                48.5843534,
                41.8088688
              ],
              [
                48.58437,
                41.80888
              ],
              [
                47.49252,
                42.98658
              ],
              [
                47.59094,
                43.66016
              ],
              [
                46.68201,
                44.6092
              ],
              [
                47.67591,
                45.64149
              ],
              [
                48.64541,
                45.80629
              ],
              [
                49.10116,
                46.39933
              ]
            ]
          ],
          [
            [
              [
                53.5082898,
                73.749814
              ],
              [
                54.4276136,
                73.6275475
              ],
              [
                52.4441687,
                72.7747314
              ],
              [
                52.4782752,
                72.2294416
              ],
              [
                51.4557536,
                72.0148811
              ],
              [
                51.6018946,
                71.474759
              ],
              [
                53.4120166,
                71.2066617
              ],
              [
                53.6773751,
                70.7626578
              ],
              [
                56.9449793,
                70.6327432
              ],
              [
                57.5356926,
                70.720464
              ],
              [
                55.6228378,
                71.5405948
              ],
              [
                55.419336,
                72.3712676
              ],
              [
                56.9867855,
                73.3330435
              ],
              [
                58.4770821,
                74.3090563
              ],
              [
                61.5835075,
                75.2608845
              ],
              [
                64.6373263,
                75.7377546
              ],
              [
                68.1805725,
                76.2336417
              ],
              [
                68.8522111,
                76.5448113
              ],
              [
                68.1570598,
                76.9396968
              ],
              [
                66.210977,
                76.8097822
              ],
              [
                64.4983684,
                76.4390555
              ],
              [
                61.1700444,
                76.2518835
              ],
              [
                57.8686438,
                75.6093904
              ],
              [
                55.6319328,
                75.0814123
              ],
              [
                55.9024589,
                74.6274865
              ],
              [
                53.5082898,
                73.749814
              ]
            ]
          ],
          [
            [
              [
                -174.92825,
                67.20589
              ],
              [
                -177.55,
                68.2
              ],
              [
                -180.0,
                68.9636364
              ],
              [
                -180.0,
                64.9797087
              ],
              [
                -179.43268,
                65.40411
              ],
              [
                -179.88377,
                65.87456
              ],
              [
                -178.68611,
                66.11211
              ],
              [
                -178.90332,
                65.74044
              ],
              [
                -178.35993,
                65.39052
              ],
              [
                -177.22266,
                65.52024
              ],
              [
                -176.20716,
                65.35667
              ],
              [
                -175.98353,
                64.92288
              ],
              [
                -174.65392,
                64.63125
              ],
              [
                -173.89184,
                64.2826
              ],
              [
                -172.95533,
                64.25269
              ],
              [
                -172.555,
                64.46079
              ],
              [
                -172.53025,
                65.43791
              ],
              [
                -170.89107,
                65.54139
              ],
              [
                -169.89958,
                65.97724
              ],
              [
                -171.85731,
                66.91308
              ],
              [
                -174.57182,
                67.06219
              ],
              [
                -174.33983,
                66.33556
              ],
              [
                -175.01425,
                66.58435
              ],
              [
                -174.92825,
                67.20589
              ]
            ]
          ],
          [
            [
              [
                142.9146155,
                53.7045775
              ],
              [
                142.6547864,
                54.3658808
              ],
              [
                142.209749,
                54.225476
              ],
              [
                142.606934,
                53.7621451
              ],
              [
                141.682546,
                53.3019665
              ],
              [
                141.594076,
                51.9354349
              ],
              [
                142.1799834,
                50.9523424
              ],
              [
                142.1358,
                49.6151631
              ],
              [
                141.9044446,
                48.8591885
              ],
              [
                142.0184428,
                47.780133
              ],
              [
                141.9069251,
                46.8059289
              ],
              [
                142.0920301,
                45.9667553
              ],
              [
                142.7477006,
                46.7407649
              ],
              [
                143.5052771,
                46.1379076
              ],
              [
                143.5334925,
                46.836728
              ],
              [
                142.5586682,
                47.861575
              ],
              [
                143.1739279,
                49.3065514
              ],
              [
                144.6541476,
                48.9763907
              ],
              [
                143.6480074,
                50.7476004
              ],
              [
                143.2352678,
                51.7566603
              ],
              [
                143.2608476,
                52.7407604
              ],
              [
                142.9146155,
                53.7045775
              ]
            ]
          ],
          [
            [
              [
                33.4359881,
                45.9719174
              ],
              [
                33.5881621,
                45.8515685
              ],
              [
                32.6308045,
                45.5191857
              ],
              [
                32.4541744,
                45.3274661
              ],
              [
                33.5469243,
                45.0347708
              ],
              [
                33.3264209,
                44.564877
              ],
              [
                33.882511,
                44.3614786
              ],
              [
                35.2399992,
                44.9399962
              ],
              [
                36.3347128,
                45.1132156
              ],
              [
                36.529998,
                45.4699897
              ],
              [
                35.5100086,
                45.4099934
              ],
              [
                35.0207878,
                45.651219
              ],
              [
                35.012659,
                45.7377252
              ],
              [
                34.8617921,
                45.7681824
              ],
              [
                34.7320174,
                45.9656657
              ],
              [
                34.4104017,
                46.0051624
              ],
              [
                33.6994618,
                46.2195728
              ],
              [
                33.4359881,
                45.9719174
              ]
            ]
          ],
          [
            [
              [
                44.846958,
                80.5898099
              ],
              [
                47.0724553,
                80.5594241
              ],
              [
                46.502826,
                80.2472468
              ],
              [
                47.586119,
                80.0101812
              ],
              [
                48.7549366,
                80.1754682
              ],
              [
                48.8944112,
                80.3395668
              ],
              [
                49.7936845,
                80.4154278
              ],
              [
                51.1361866,
                80.5472802
              ],
              [
                51.522933,
                80.6997257
              ],
              [
                50.0397677,
                80.9188854
              ],
              [
                49.0971896,
                80.7539859
              ],
              [
                48.522806,
                80.514569
              ],
              [
                48.3184774,
                80.7840099
              ],
              [
                46.7991386,
                80.7719176
              ],
              [
                44.846958,
                80.5898099
              ]
            ]
          ],
          [
            [
              [
                93.77766,
                81.0246
              ],
              [
                91.18107,
                80.34146
              ],
              [
                92.5454,
                80.14379
              ],
              [
                93.31288,
                79.4265
              ],
              [
                94.97259,
                79.044745
              ],
              [
                97.75794,
                78.7562
              ],
              [
                99.93976,
                78.88094
              ],
              [
                100.186655,
                79.780135
              ],
              [
                97.88385,
                80.746975
              ],
              [
                95.940895,
                81.2504
              ],
              [
                93.77766,
                81.0246
              ]
            ]
          ],
          [
            [
              [
                138.831075,
                76.13676
              ],
              [
                137.51176,
                75.94917
              ],
              [
                136.97439,
                75.26167
              ],
              [
                138.95544,
                74.61148
              ],
              [
                140.61381,
                74.84768
              ],
              [
                144.3,
                74.82
              ],
              [
                145.086285,
                75.562625
              ],
              [
                141.471615,
                76.09289
              ],
              [
                138.831075,
                76.13676
              ]
            ]
          ],
          [
            [
              [
                22.7310987,
                54.3275369
              ],
              [
                22.6510519,
                54.582741
              ],
              [
                22.7577637,
                54.8565744
              ],
              [
                22.3157235,
                55.0152986
              ],
              [
                21.2684489,
                55.1904817
              ],
              [
                19.8884815,
                54.8661604
              ],
              [
                19.6606401,
                54.4260839
              ],
              [
                20.8922445,
                54.3125249
              ],
              [
                22.7310987,
                54.3275369
              ]
            ]
          ],
          [
            [
              [
                139.86312,
                73.36983
              ],
              [
                140.038155,
                73.31692
              ],
              [
                142.08763,
                73.20544
              ],
              [
                143.60385,
                73.21244
              ],
              [
                143.48283,
                73.47525
              ],
              [
                142.06207,
                73.85758
              ],
              [
                140.81171,
                73.76506
              ],
              [
                139.86312,
                73.36983
              ]
            ]
          ],
          [
            [
              [
                -178.69378,
                70.89302
              ],
              [
                -177.663575,
                71.13277
              ],
              [
                -177.577945,
                71.26948
              ],
              [
                -179.02433,
                71.55553
              ],
              [
                -179.871875,
                71.55762
              ],
              [
                -180.0,
                71.5157143
              ],
              [
                -180.0,
                70.8321992
              ],
              [
                -178.69378,
                70.89302
              ]
            ]
          ],
          [
            [
              [
                102.837815,
                79.28129
              ],
              [
                102.08635,
                79.34641
              ],
              [
                101.2649,
                79.23399
              ],
              [
                99.43814,
                77.921
              ],
              [
                105.07547,
                78.30689
              ],
              [
                105.37243,
                78.71334
              ],
              [
                102.837815,
                79.28129
              ]
            ]
          ],
          [
            [
              [
                148.22223,
                75.345845
              ],
              [
                146.358485,
                75.49682
              ],
              [
                146.11919,
                75.17298
              ],
              [
                147.977465,
                74.778355
              ],
              [
                149.575925,
                74.68892
              ],
              [
                150.73167,
                75.08406
              ],
              [
                148.22223,
                75.345845
              ]
            ]
          ],
          [
            [
              [
                178.7253,
                71.0988
              ],
              [
                178.903425,
                70.78114
              ],
              [
                180.0,
                70.8321992
              ],
              [
                180.0,
                71.5157143
              ],
              [
                178.7253,
                71.0988
              ]
            ]
          ]
        ]
      }
    }
  ]
}