{
  "type": "FeatureCollection",
  "features": [
    {
      "type": "Feature",
      "geometry": {
        "type": "Polygon",
        "coordinates": [
          [
            [
              30.4191049,
              -1.1346591
            ],
            [
              29.8215186,
              -1.4433224
            ],
            [
              29.5794662,
              -1.3413132
            ],
            [
              29.2918868,
              -1.6200558
            ],
            [
              29.2548348,
              -2.21511
            ],
            [
              29.1174789,
              -2.2922112
            ],
            [
              29.0249264,
              -2.8392579
            ],
            [
              29.6321761,
              -2.9178578
            ],
            [
              29.938359,
              -2.3484868
            ],
            [
              30.4696736,
              -2.4138548
            ],
            [
              30.46967,
              -2.41383
            ],
            [
              30.758309,
              -2.2872503
            ],
            [
              30.8161349,
              -1.6989141
            ],
            [
              30.4191049,
              -1.1346591
            ]
          ]
        ]
      }
    }
  ]
}