{
  "type": "FeatureCollection",
  "features": [
    {
      "type": "Feature",
      "geometry": {
        "type": "MultiPolygon",
        "coordinates": [
          [
            [
              [
                159.6400029,
                -8.020027
              ],
              [
                158.8200013,
                -7.5600034
              ],
              [
                158.3599777,
                -7.320018
              ],
              [
                158.2111495,
                -7.4218722
              ],
              [
                158.5861137,
                -7.7548235
              ],
              [
                159.1336772,
                -8.1141814
              ],
              [
                159.917402,
                -8.5382899
              ],
              [
                159.8750273,
                -8.3373202
              ],
              [
                159.6400029,
                -8.020027
              ]
            ]
          ],
          [
            [
              [
                160.8522286,
                -9.8729371
              ],
              [
                160.6885177,
                -9.6101624
              ],
              [
                160.3629562,
                -9.4003045
              ],
              [
                159.7029448,
                -9.2429497
              ],
              [
                159.6400029,
                -9.6399798
              ],
              [
                159.8494475,
                -9.7940272
              ],
              [
                160.4625883,
                -9.8952096
              ],
              [
                160.8522286,
                -9.8729371
              ]
            ]
          ],
          [
            [
              [
                161.6799817,
                -9.5999822
              ],
              [
                161.2800061,
                -9.1200115
              ],
              [
                160.9200281,
                -8.3200086
              ],
              [
                160.5799972,
                -8.3200086
              ],
              [
                160.7882532,
                -8.9175432
              ],
              [
                161.5293966,
                -9.784312
              ],
              [
                161.6799817,
                -9.5999822
              ]
            ]
          ],
          [
            [
              [
                157.1400004,
                -7.0216383
              ],
              [
                156.5428276,
                -6.5993385
              ],
              [
                156.4913579,
                -6.7659433
              ],
              [
                156.9020305,
                -7.1768743
              ],
              [
                157.3394198,
                -7.4047673
              ],
              [
                157.5384257,
                -7.3478199
              ],
              [
                157.1400004,
                -7.0216383
              ]
            ]
          ],
          [
            [
              [
                162.1190247,
                -10.482719
              ],
              [
                161.9173833,
                -10.4467005
              ],
              [
                161.319797,
                -10.2047515
              ],
              [
                161.7000322,
                -10.8200111
              ],
              [
                162.3986459,
                -10.8263673
              ],
              [
                162.1190247,
                -10.482719
              ]
            ]
          ]
        ]
      }
    }
  ]
}