{
  "type": "FeatureCollection",
  "name": "SC",
  "features": [
    {
      "type": "Feature",
      "geometry": {
        "type": "MultiPolygon",
        "coordinates": [
          [
            [
              [
                55.401702493555085,
                -4.660533556469527
              ],
              [
                55.394427124719506,
                -4.657864036267465
              ],
              [
                55.394896710379044,
                -4.653859894000115
              ],
              [
                55.40007972536198,
                -4.652940803449829
              ],
              [
                55.39752693797505,
                -4.649840990194281
              ],
              [
                55.38950389190187,
                -4.647288202807359
              ],
              [
                55.3796574262666,
                -4.649476306281864
              ],
              [
                55.371269696281,
                -4.646923518894941
              ],
              [
                55.36561709563853,
                -4.642729653902141
              ],
              [
                55.36725817324441,
                -4.639265156734175
              ],
              [
                55.37491653540517,
                -4.63999452455901
              ],
              [
                55.3776516647483,
                -4.637806421084505
              ],
              [
                55.374734193448965,
                -4.632700846310661
              ],
              [
                55.38840984016462,
                -4.619572225463633
              ],
              [
                55.39460946667571,
                -4.617019438076711
              ],
              [
                55.40685147395924,
                -4.616065089342696
              ],
              [
                55.41761752389521,
                -4.611384198066187
              ],
              [
                55.422298415171724,
                -4.603426682896123
              ],
              [
                55.426117384000065,
                -4.595472914999959
              ],
              [
                55.431651238000086,
                -4.591566664999959
              ],
              [
                55.434336785000085,
                -4.579522393999923
              ],
              [
                55.43369823758125,
                -4.562544654049493
              ],
              [
                55.44061383349883,
                -4.560510655250204
              ],
              [
                55.447529429416406,
                -4.561120854889991
              ],
              [
                55.454897187657004,
                -4.56223443264989
              ],
              [
                55.46385965948858,
                -4.571383622644619
              ],
              [
                55.46722058642541,
                -4.583426944168291
              ],
              [
                55.46311278683594,
                -4.587908180084076
              ],
              [
                55.45993682209207,
                -4.598546432796902
              ],
              [
                55.45993682209207,
                -4.606479028114127
              ],
              [
                55.45884595359554,
                -4.618115330384728
              ],
              [
                55.46176742101143,
                -4.622547618628507
              ],
              [
                55.457189711794115,
                -4.623999701602007
              ],
              [
                55.45668242401321,
                -4.62580201670737
              ],
              [
                55.4644116194505,
                -4.625395216947512
              ],
              [
                55.47566057572392,
                -4.639937634852889
              ],
              [
                55.49766076472351,
                -4.655384576065368
              ],
              [
                55.51638432982954,
                -4.668022982511941
              ],
              [
                55.52855464714847,
                -4.680193299830863
              ],
              [
                55.5215333102337,
                -4.707810558362264
              ],
              [
                55.52527802325491,
                -4.713895717021725
              ],
              [
                55.52808655802082,
                -4.736832084276617
              ],
              [
                55.5196609537231,
                -4.739172529914872
              ],
              [
                55.51685241895719,
                -4.750406668978492
              ],
              [
                55.52574611238256,
                -4.770066412339828
              ],
              [
                55.52719160200007,
                -4.783786716999941
              ],
              [
                55.53463980580793,
                -4.789726155701165
              ],
              [
                55.53791642970148,
                -4.80376882953069
              ],
              [
                55.5196609537231,
                -4.80376882953069
              ],
              [
                55.50421401251062,
                -4.795811314360625
              ],
              [
                55.491107516936395,
                -4.772874947105733
              ],
              [
                55.48689471478754,
                -4.762108897169764
              ],
              [
                55.478001021362175,
                -4.758832273276208
              ],
              [
                55.47097968444741,
                -4.763513164552716
              ],
              [
                55.463490258404995,
                -4.759768451531509
              ],
              [
                55.4681711496815,
                -4.741512975553126
              ],
              [
                55.48477817233816,
                -4.741601501378046
              ],
              [
                55.491575606064046,
                -4.736363995148967
              ],
              [
                55.485022358276936,
                -4.7274703017236
              ],
              [
                55.48034146700043,
                -4.721385143064139
              ],
              [
                55.48174573438338,
                -4.712959538766423
              ],
              [
                55.478001021362175,
                -4.706406290979311
              ],
              [
                55.4681711496815,
                -4.70547011272401
              ],
              [
                55.45834127800084,
                -4.690959349766833
              ],
              [
                55.44897949544782,
                -4.677852854192609
              ],
              [
                55.435404910745945,
                -4.676448586809657
              ],
              [
                55.41808561302286,
                -4.666150626001337
              ],
              [
                55.40919682317241,
                -4.660781507566805
              ],
              [
                55.401702493555085,
                -4.660533556469527
              ]
            ]
          ],
          [
            [
              [
                46.49545332100007,
                -9.357598565999922
              ],
              [
                46.515961134000065,
                -9.371758721999925
              ],
              [
                46.52515709700003,
                -9.381280205999929
              ],
              [
                46.52003014400009,
                -9.385511976999908
              ],
              [
                46.50709069100009,
                -9.39072030999995
              ],
              [
                46.47291100400008,
                -9.416436455999929
              ],
              [
                46.45460045700008,
                -9.426446221999925
              ],
              [
                46.38070722700007,
                -9.424574476999908
              ],
              [
                46.299815300000034,
                -9.44931405999995
              ],
              [
                46.234385613000086,
                -9.452325127999927
              ],
              [
                46.207367384000065,
                -9.385511976999908
              ],
              [
                46.230479363000086,
                -9.413669528999947
              ],
              [
                46.274099155000044,
                -9.426364841999941
              ],
              [
                46.32048587300005,
                -9.423760674999926
              ],
              [
                46.351573113000086,
                -9.40593840899993
              ],
              [
                46.36898847700007,
                -9.406833591999941
              ],
              [
                46.39600670700008,
                -9.398370049999926
              ],
              [
                46.42156009200005,
                -9.386895440999922
              ],
              [
                46.434580925000034,
                -9.378106377999927
              ],
              [
                46.44076582100007,
                -9.385511976999908
              ],
              [
                46.44776451900009,
                -9.378106377999927
              ],
              [
                46.457692905000044,
                -9.382989190999922
              ],
              [
                46.468760613000086,
                -9.385511976999908
              ],
              [
                46.468760613000086,
                -9.378106377999927
              ],
              [
                46.45875084700003,
                -9.371677341999941
              ],
              [
                46.45281009200005,
                -9.362399997999944
              ],
              [
                46.449554884000065,
                -9.35084400799991
              ],
              [
                46.44776451900009,
                -9.33766041499996
              ],
              [
                46.49545332100007,
                -9.357598565999922
              ]
            ]
          ],
          [
            [
              [
                55.71763486357105,
                -4.330116463929826
              ],
              [
                55.704101781285985,
                -4.327859605229037
              ],
              [
                55.6920080130026,
                -4.326297434962822
              ],
              [
                55.68457102446101,
                -4.318860446421231
              ],
              [
                55.68376657952329,
                -4.311549502559813
              ],
              [
                55.67717478252329,
                -4.296412783559815
              ],
              [
                55.69011423552323,
                -4.291774111559817
              ],
              [
                55.696950173523284,
                -4.290553408559815
              ],
              [
                55.70443715252325,
                -4.290227887559836
              ],
              [
                55.718678688523234,
                -4.303248720559821
              ],
              [
                55.73215057185158,
                -4.308817604088369
              ],
              [
                55.74666987878329,
                -4.31142345787964
              ],
              [
                55.75447871675196,
                -4.321091542983709
              ],
              [
                55.764518651283105,
                -4.316629349858754
              ],
              [
                55.77716153180381,
                -4.318488596994151
              ],
              [
                55.787038063523234,
                -4.330592470559821
              ],
              [
                55.77092478252329,
                -4.331324892559819
              ],
              [
                55.76823923552323,
                -4.339625673559822
              ],
              [
                55.76799509552328,
                -4.350286481559833
              ],
              [
                55.75912465252325,
                -4.358424502559813
              ],
              [
                55.74675486052323,
                -4.358098981559833
              ],
              [
                55.73275746452325,
                -4.352239606559833
              ],
              [
                55.72331736052323,
                -4.342555361559817
              ],
              [
                55.71763486357105,
                -4.330116463929826
              ]
            ]
          ],
          [
            [
              [
                46.283864780000044,
                -9.35133228999996
              ],
              [
                46.28207441500007,
                -9.348077080999929
              ],
              [
                46.28256269600007,
                -9.34579843499995
              ],
              [
                46.28174889400009,
                -9.344496351999908
              ],
              [
                46.276377800000034,
                -9.343926690999922
              ],
              [
                46.276133660000085,
                -9.339288018999923
              ],
              [
                46.278005405000044,
                -9.338474216999941
              ],
              [
                46.28093509200005,
                -9.33879973799992
              ],
              [
                46.315196160000085,
                -9.326429945999905
              ],
              [
                46.35368899800005,
                -9.328871351999908
              ],
              [
                46.39307701900009,
                -9.335870049999926
              ],
              [
                46.42709394600007,
                -9.33766041499996
              ],
              [
                46.41065514400009,
                -9.35328541499996
              ],
              [
                46.37940514400009,
                -9.357028903999947
              ],
              [
                46.347992384000065,
                -9.352634372999944
              ],
              [
                46.331065300000034,
                -9.343926690999922
              ],
              [
                46.318369988000086,
                -9.35084400799991
              ],
              [
                46.295664910000085,
                -9.347588799999926
              ],
              [
                46.283864780000044,
                -9.35133228999996
              ]
            ]
          ],
          [
            [
              [
                55.497942653259194,
                -4.600845706560999
              ],
              [
                55.49940138890886,
                -4.599678718041263
              ],
              [
                55.50377759585787,
                -4.59836585595656
              ],
              [
                55.508445549936816,
                -4.599386970911329
              ],
              [
                55.51253000975589,
                -4.599386970911329
              ],
              [
                55.51442636610046,
                -4.600553959431065
              ],
              [
                55.51253000975589,
                -4.60463841925014
              ],
              [
                55.509320791326616,
                -4.609014626199149
              ],
              [
                55.5027564809031,
                -4.611640350368555
              ],
              [
                55.498672021084026,
                -4.614411948102927
              ],
              [
                55.49677566473945,
                -4.614703695232861
              ],
              [
                55.496338044044556,
                -4.611786223933522
              ],
              [
                55.49735915899932,
                -4.60653477559471
              ],
              [
                55.49677566473945,
                -4.603033810035503
              ],
              [
                55.497942653259194,
                -4.600845706560999
              ]
            ]
          ],
          [
            [
              [
                55.39898567362472,
                -4.66862221168378
              ],
              [
                55.401173777099224,
                -4.669533921464823
              ],
              [
                55.404820616223404,
                -4.671722024939328
              ],
              [
                55.406826377741695,
                -4.675004180151085
              ],
              [
                55.40591466796065,
                -4.678103993406634
              ],
              [
                55.40536764209203,
                -4.679927412968721
              ],
              [
                55.404091248398565,
                -4.680292096881137
              ],
              [
                55.40007972536198,
                -4.67573354797592
              ],
              [
                55.39752693797505,
                -4.673363102545206
              ],
              [
                55.39770927993126,
                -4.67135734102691
              ],
              [
                55.396432886237804,
                -4.669716263421032
              ],
              [
                55.397162254062636,
                -4.668439869727571
              ],
              [
                55.39898567362472,
                -4.66862221168378
              ]
            ]
          ],
          [
            [
              [
                55.50158949238337,
                -4.628853431034658
              ],
              [
                55.504069342987805,
                -4.629728672424459
              ],
              [
                55.50684094072218,
                -4.636876477107841
              ],
              [
                55.50581982576741,
                -4.639648074842214
              ],
              [
                55.502610607338134,
                -4.639939821972148
              ],
              [
                55.49852614751906,
                -4.638481086322479
              ],
              [
                55.49560867621972,
                -4.635709488588105
              ],
              [
                55.491961837095545,
                -4.634250752938436
              ],
              [
                55.49167008996561,
                -4.629874545989427
              ],
              [
                55.49371231987515,
                -4.627978189644856
              ],
              [
                55.497213285434356,
                -4.628124063209823
              ],
              [
                55.49969313603879,
                -4.629874545989427
              ],
              [
                55.50158949238337,
                -4.628853431034658
              ]
            ]
          ],
          [
            [
              [
                55.831823397584515,
                -4.337452917775207
              ],
              [
                55.84409442867813,
                -4.342658809754321
              ],
              [
                55.85078771836557,
                -4.355301690275025
              ],
              [
                55.85710915862592,
                -4.364969775379093
              ],
              [
                55.85041586893849,
                -4.368316420222809
              ],
              [
                55.84409442867813,
                -4.374266011056081
              ],
              [
                55.84149148268858,
                -4.38281854787891
              ],
              [
                55.834426343574066,
                -4.380959300743513
              ],
              [
                55.82550195732416,
                -4.372034914493604
              ],
              [
                55.82327086076168,
                -4.359763883399979
              ],
              [
                55.8284767527408,
                -4.347492852306354
              ],
              [
                55.831823397584515,
                -4.337452917775207
              ]
            ]
          ],
          [
            [
              [
                55.71208743600005,
                -4.280368747999944
              ],
              [
                55.71506267748153,
                -4.276841461161244
              ],
              [
                55.722127816596036,
                -4.276841461161244
              ],
              [
                55.738489191387536,
                -4.277957009442483
              ],
              [
                55.742951384512494,
                -4.278328858869562
              ],
              [
                55.74146398680418,
                -4.283162901421596
              ],
              [
                55.732167751127186,
                -4.283162901421596
              ],
              [
                55.73328329940843,
                -4.289112492254868
              ],
              [
                55.732911449981344,
                -4.292459137098584
              ],
              [
                55.72073014601726,
                -4.288270654353415
              ],
              [
                55.71208743600005,
                -4.280368747999944
              ]
            ]
          ],
          [
            [
              [
                55.362699624339186,
                -4.659322771917135
              ],
              [
                55.366164121507154,
                -4.660599165610596
              ],
              [
                55.370540328456165,
                -4.663881320822353
              ],
              [
                55.37382248366792,
                -4.666434108209275
              ],
              [
                55.37291077388688,
                -4.667892843858945
              ],
              [
                55.36981096063133,
                -4.666616450165484
              ],
              [
                55.364887727813695,
                -4.665887082340649
              ],
              [
                55.361970256514354,
                -4.663698978866144
              ],
              [
                55.360511520864684,
                -4.661328533435431
              ],
              [
                55.362699624339186,
                -4.659322771917135
              ]
            ]
          ],
          [
            [
              [
                55.50421521655277,
                -4.621413879221342
              ],
              [
                55.50567395220244,
                -4.621705626351276
              ],
              [
                55.50815380280688,
                -4.623893729825781
              ],
              [
                55.51150889480112,
                -4.624768971215582
              ],
              [
                55.51282175688582,
                -4.627248821820021
              ],
              [
                55.51107127410622,
                -4.629582798859492
              ],
              [
                55.508445549936816,
                -4.628415810339757
              ],
              [
                55.50509045794257,
                -4.626227706865253
              ],
              [
                55.50333997516297,
                -4.623601982695846
              ],
              [
                55.50421521655277,
                -4.621413879221342
              ]
            ]
          ],
          [
            [
              [
                55.94007392970612,
                -4.57865701180308
              ],
              [
                55.944353720817894,
                -4.579915773894779
              ],
              [
                55.949388769184694,
                -4.586461336771617
              ],
              [
                55.950144026439716,
                -4.590992880301735
              ],
              [
                55.94485722565457,
                -4.592755147230115
              ],
              [
                55.93906692003276,
                -4.592251642393435
              ],
              [
                55.9330248619926,
                -4.586209584353277
              ],
              [
                55.93252135715592,
                -4.582433298078178
              ],
              [
                55.93579413859434,
                -4.579915773894779
              ],
              [
                55.94007392970612,
                -4.57865701180308
              ]
            ]
          ],
          [
            [
              [
                46.509776238000086,
                -9.71998463299991
              ],
              [
                46.50757897200003,
                -9.731866143999923
              ],
              [
                46.500661655000044,
                -9.746514580999929
              ],
              [
                46.49048912900008,
                -9.75554778399993
              ],
              [
                46.47966556100005,
                -9.751071872999944
              ],
              [
                46.478526238000086,
                -9.740411065999922
              ],
              [
                46.486989780000044,
                -9.73015715899993
              ],
              [
                46.49935957100007,
                -9.72275155999995
              ],
              [
                46.509776238000086,
                -9.71998463299991
              ]
            ]
          ],
          [
            [
              [
                55.26026451900003,
                -4.500095309999949
              ],
              [
                55.24195397200003,
                -4.504001559999949
              ],
              [
                55.22803795700008,
                -4.487481377999927
              ],
              [
                55.221446160000085,
                -4.463474216999941
              ],
              [
                55.22543379000007,
                -4.444919528999947
              ],
              [
                55.24203535200007,
                -4.450372002999927
              ],
              [
                55.25993899800005,
                -4.462985934999949
              ],
              [
                55.26921634200005,
                -4.48015715899993
              ],
              [
                55.26026451900003,
                -4.500095309999949
              ]
            ]
          ],
          [
            [
              [
                55.66672225196119,
                -4.209908564286929
              ],
              [
                55.67044074623198,
                -4.210652263141087
              ],
              [
                55.675274788784016,
                -4.212139660849405
              ],
              [
                55.6719281439403,
                -4.214742606838962
              ],
              [
                55.664491155398714,
                -4.213998907984803
              ],
              [
                55.6592852634196,
                -4.212883359703564
              ],
              [
                55.66040081170084,
                -4.210280413714008
              ],
              [
                55.66672225196119,
                -4.209908564286929
              ]
            ]
          ],
          [
            [
              [
                55.868636490865384,
                -4.317373048712913
              ],
              [
                55.87347053341742,
                -4.318488596994151
              ],
              [
                55.883138618521485,
                -4.328900380952378
              ],
              [
                55.8846260162298,
                -4.336709218921048
              ],
              [
                55.878676425396534,
                -4.338196616629366
              ],
              [
                55.87347053341742,
                -4.332618875223173
              ],
              [
                55.866777243729985,
                -4.323322639546185
              ],
              [
                55.868636490865384,
                -4.317373048712913
              ]
            ]
          ],
          [
            [
              [
                53.333994988000086,
                -5.420179945999905
              ],
              [
                53.34164472700007,
                -5.429945570999905
              ],
              [
                53.344086134000065,
                -5.434747002999927
              ],
              [
                53.344737175000034,
                -5.441013278999947
              ],
              [
                53.340505405000044,
                -5.436211846999925
              ],
              [
                53.337901238000086,
                -5.431247653999947
              ],
              [
                53.333994988000086,
                -5.420179945999905
              ]
            ]
          ],
          [
            [
              [
                56.247080925000034,
                -7.19264088299991
              ],
              [
                56.258799675000034,
                -7.140232028999947
              ],
              [
                56.26937910200007,
                -7.119805596999925
              ],
              [
                56.287445509000065,
                -7.110039971999925
              ],
              [
                56.28296959700003,
                -7.131931247999944
              ],
              [
                56.272471550000034,
                -7.15357838299991
              ],
              [
                56.247080925000034,
                -7.19264088299991
              ]
            ]
          ],
          [
            [
              [
                55.86640539430291,
                -4.283162901421595
              ],
              [
                55.869752039146626,
                -4.283534750848675
              ],
              [
                55.87086758742786,
                -4.289856191109027
              ],
              [
                55.8738423828445,
                -4.296177631369379
              ],
              [
                55.8701238885737,
                -4.296549480796458
              ],
              [
                55.86640539430291,
                -4.288740642827788
              ],
              [
                55.86640539430291,
                -4.283162901421595
              ]
            ]
          ],
          [
            [
              [
                55.91995171180236,
                -4.334106272931491
              ],
              [
                55.924785754354396,
                -4.337081068348128
              ],
              [
                55.923670206073155,
                -4.3430306591814
              ],
              [
                55.92255465779192,
                -4.349723948868832
              ],
              [
                55.91883616352112,
                -4.347864701733434
              ],
              [
                55.91772061523989,
                -4.340427713191843
              ],
              [
                55.91995171180236,
                -4.334106272931491
              ]
            ]
          ],
          [
            [
              [
                52.74187259200005,
                -6.994317315999922
              ],
              [
                52.74724368600005,
                -7.005059502999927
              ],
              [
                52.74341881600009,
                -7.004082940999922
              ],
              [
                52.742198113000086,
                -7.001722914999959
              ],
              [
                52.742198113000086,
                -6.998467705999929
              ],
              [
                52.74187259200005,
                -6.994317315999922
              ]
            ]
          ],
          [
            [
              [
                55.66300375769039,
                -4.32815668209822
              ],
              [
                55.66635040253411,
                -4.329272230379458
              ],
              [
                55.66560670367995,
                -4.334106272931492
              ],
              [
                55.66040081170084,
                -4.334849971785651
              ],
              [
                55.660028962273756,
                -4.330387778660697
              ],
              [
                55.66300375769039,
                -4.32815668209822
              ]
            ]
          ],
          [
            [
              [
                55.64701423232597,
                -4.346749153452196
              ],
              [
                55.64887347946137,
                -4.348608400587594
              ],
              [
                55.65110457602385,
                -4.353442443139627
              ],
              [
                55.64812978060721,
                -4.353442443139627
              ],
              [
                55.643667587482255,
                -4.349352099441753
              ],
              [
                55.64701423232597,
                -4.346749153452196
              ]
            ]
          ],
          [
            [
              [
                47.50733483200008,
                -9.713067315999922
              ],
              [
                47.50733483200008,
                -9.69817473799992
              ],
              [
                47.51295006600009,
                -9.694431247999944
              ],
              [
                47.51579837300005,
                -9.70012786299992
              ],
              [
                47.50733483200008,
                -9.713067315999922
              ]
            ]
          ],
          [
            [
              [
                55.65967858200008,
                -3.791110934999949
              ],
              [
                55.66586347700007,
                -3.81178150799991
              ],
              [
                55.658539259000065,
                -3.811700127999927
              ],
              [
                55.65186608200008,
                -3.801202080999929
              ],
              [
                55.65967858200008,
                -3.791110934999949
              ]
            ]
          ],
          [
            [
              [
                55.382823113000086,
                -5.853936455999929
              ],
              [
                55.381846550000034,
                -5.865492445999905
              ],
              [
                55.38005618600005,
                -5.869073174999926
              ],
              [
                55.379893425000034,
                -5.86492278399993
              ],
              [
                55.382823113000086,
                -5.853936455999929
              ]
            ]
          ]
        ]
      }
    }
  ]
}