{
  "type": "FeatureCollection",
  "features": [
    {
      "type": "Feature",
      "geometry": {
        "type": "Polygon",
        "coordinates": [
          [
            [
              23.8869796,
              8.6197297
            ],
            [
              24.1940677,
              8.7286965
            ],
            [
              24.5374152,
              8.9175376
            ],
            [
              24.7949257,
              9.8102409
            ],
            [
              25.0696037,
              10.27376
            ],
            [
              25.7906333,
              10.4110989
            ],
            [
              25.962307,
              10.136421
            ],
            [
              26.4773282,
              9.5527303
            ],
            [
              26.7520062,
              9.4668935
            ],
            [
              27.112521,
              9.6385672
            ],
            [
              27.8335506,
              9.6042325
            ],
            [
              27.9708896,
              9.398224
            ],
            [
              28.9665972,
              9.398224
            ],
            [
              29.0009319,
              9.6042325
            ],
            [
              29.5159531,
              9.7930735
            ],
            [
              29.6189573,
              10.0849189
            ],
            [
              29.9966395,
              10.2909273
            ],
            [
              30.8378407,
              9.7072367
            ],
            [
              31.3528619,
              9.8102409
            ],
            [
              31.8507157,
              10.5312705
            ],
            [
              32.4000716,
              11.0806265
            ],
            [
              32.3142347,
              11.6814845
            ],
            [
              32.0738915,
              11.9733298
            ],
            [
              32.6747495,
              12.0248319
            ],
            [
              32.743419,
              12.2480078
            ],
            [
              33.2069381,
              12.1793383
            ],
            [
              33.0867665,
              11.4411413
            ],
            [
              33.2069381,
              10.7201116
            ],
            [
              33.7219592,
              10.3252621
            ],
            [
              33.8421309,
              9.9819146
            ],
            [
              33.8249635,
              9.4840608
            ],
            [
              33.9633928,
              9.4642852
            ],
            [
              33.96162,
              9.58358
            ],
            [
              34.25745,
              10.63009
            ],
            [
              34.73115,
              10.91017
            ],
            [
              34.83163,
              11.31896
            ],
            [
              35.26049,
              12.08286
            ],
            [
              35.86363,
              12.57828
            ],
            [
              36.27022,
              13.56333
            ],
            [
              36.42951,
              14.42211
            ],
            [
              36.32322,
              14.82249
            ],
            [
              36.75389,
              16.29186
            ],
            [
              36.85253,
              16.95655
            ],
            [
              37.16747,
              17.26314
            ],
            [
              37.904,
              17.42754
            ],
            [
              38.41009,
              17.9983074
            ],
            [
              37.86276,
              18.36786
            ],
            [
              37.48179,
              18.61409
            ],
            [
              37.1147,
              19.80796
            ],
            [
              36.96941,
              20.83744
            ],
            [
              37.18872,
              21.01885
            ],
            [
              36.86623,
              22.0
            ],
            [
              32.9,
              22.0
            ],
            [
              29.02,
              22.0
            ],
            [
              25.0,
              22.0
            ],
            [
              25.0,
              20.00304
            ],
            [
              23.85,
              20.0
            ],
            [
              23.83766,
              19.58047
            ],
            [
              23.88689,
              15.61084
            ],
            [
              23.02459,
              15.68072
            ],
            [
              22.56795,
              14.94429
            ],
            [
              22.30351,
              14.32682
            ],
            [
              22.51202,
              14.09318
            ],
            [
              22.18329,
              13.78648
            ],
            [
              22.29658,
              13.37232
            ],
            [
              22.03759,
              12.95546
            ],
            [
              21.93681,
              12.58818
            ],
            [
              22.28801,
              12.64605
            ],
            [
              22.49762,
              12.26024
            ],
            [
              22.50869,
              11.67936
            ],
            [
              22.87622,
              11.38461
            ],
            [
              22.8641655,
              11.1423951
            ],
            [
              22.9775436,
              10.7144626
            ],
            [
              23.5543042,
              10.0892553
            ],
            [
              23.5572498,
              9.6812182
            ],
            [
              23.3947791,
              9.2650679
            ],
            [
              23.4590129,
              8.9542858
            ],
            [
              23.8058134,
              8.6663189
            ],
            [
              23.8869796,
              8.6197297
            ]
          ]
        ]
      }
    }
  ]
}