{
  "type": "FeatureCollection",
  "features": [
    {
      "type": "Feature",
      "geometry": {
        "type": "Polygon",
        "coordinates": [
          [
            [
              11.0273686,
              58.8561494
            ],
            [
              11.7879423,
              57.4418171
            ],
            [
              12.6251005,
              56.3070802
            ],
            [
              12.9429106,
              55.3617374
            ],
            [
              14.1007211,
              55.4077811
            ],
            [
              14.6666813,
              56.2008851
            ],
            [
              15.8797856,
              56.1043019
            ],
            [
              16.4477096,
              57.0411181
            ],
            [
              16.829185,
              58.719827
            ],
            [
              17.8692249,
              58.9537662
            ],
            [
              18.7877218,
              60.0819144
            ],
            [
              17.8313461,
              60.6365834
            ],
            [
              17.1195549,
              61.3411657
            ],
            [
              17.8477792,
              62.7494001
            ],
            [
              19.7788758,
              63.6095543
            ],
            [
              21.3696314,
              64.413588
            ],
            [
              21.2135169,
              65.0260054
            ],
            [
              22.1831735,
              65.7237405
            ],
            [
              23.9033785,
              66.0069274
            ],
            [
              23.5658798,
              66.3960509
            ],
            [
              23.5394731,
              67.9360086
            ],
            [
              21.9785348,
              68.6168456
            ],
            [
              20.6455929,
              69.1062473
            ],
            [
              20.025269,
              69.0651387
            ],
            [
              19.8785596,
              68.4071943
            ],
            [
              17.9938684,
              68.5673913
            ],
            [
              17.7291818,
              68.0105519
            ],
            [
              16.7688786,
              68.0139367
            ],
            [
              16.1087122,
              67.3024556
            ],
            [
              15.1084115,
              66.1938669
            ],
            [
              13.5556897,
              64.7870277
            ],
            [
              13.9199052,
              64.4454206
            ],
            [
              13.5719161,
              64.0491141
            ],
            [
              12.5799353,
              64.066219
            ],
            [
              11.9305693,
              63.1283176
            ],
            [
              11.9920642,
              61.8003625
            ],
            [
              12.6311467,
              61.2935717
            ],
            [
              12.3003658,
              60.1179328
            ],
            [
              11.4682719,
              59.4323933
            ],
            [
              11.0273686,
              58.8561494
            ]
          ]
        ]
      }
    }
  ]
}