{
  "type": "FeatureCollection",
  "name": "SG",
  "features": [
    {
      "type": "Feature",
      "geometry": {
        "type": "MultiPolygon",
        "coordinates": [
          [
            [
              [
                103.96078535200007,
                1.391099351000094
              ],
              [
                103.98568769600007,
                1.385443427000041
              ],
              [
                103.99952233200003,
                1.38031647300005
              ],
              [
                104.00342858200003,
                1.374172268000052
              ],
              [
                103.99187259200005,
                1.35492584800005
              ],
              [
                103.97486412900008,
                1.334458726000094
              ],
              [
                103.95435631600003,
                1.318101304000038
              ],
              [
                103.93189537900008,
                1.311468817000048
              ],
              [
                103.90723717500003,
                1.308742580000057
              ],
              [
                103.88770592500003,
                1.301255601000094
              ],
              [
                103.85271243600005,
                1.277289130000042
              ],
              [
                103.84693444100003,
                1.271918036000045
              ],
              [
                103.84408613400007,
                1.268500067000048
              ],
              [
                103.83887780000003,
                1.26626211100006
              ],
              [
                103.82601972700007,
                1.26430898600006
              ],
              [
                103.80160566500007,
                1.264797268000052
              ],
              [
                103.78956139400003,
                1.26788971600007
              ],
              [
                103.78443444100003,
                1.273871161000045
              ],
              [
                103.77588951900003,
                1.287583726000094
              ],
              [
                103.75513756600003,
                1.297105210000041
              ],
              [
                103.73015384200005,
                1.302923895000049
              ],
              [
                103.70875084700003,
                1.305243231000077
              ],
              [
                103.66529381600003,
                1.304103908000059
              ],
              [
                103.64763431100005,
                1.308417059000078
              ],
              [
                103.64039147200003,
                1.322251695000091
              ],
              [
                103.64470462300005,
                1.338039455000057
              ],
              [
                103.67457116000003,
                1.38031647300005
              ],
              [
                103.67888431100005,
                1.399237372000073
              ],
              [
                103.68384850400008,
                1.409898179000038
              ],
              [
                103.69507897200003,
                1.42133209800005
              ],
              [
                103.70834394600007,
                1.429388739000046
              ],
              [
                103.71794681100005,
                1.430975653000075
              ],
              [
                103.73975670700003,
                1.428127346000053
              ],
              [
                103.76221764400003,
                1.430975653000075
              ],
              [
                103.79004967500003,
                1.444281317000048
              ],
              [
                103.80494225400008,
                1.448635158000059
              ],
              [
                103.83155358200003,
                1.447088934000078
              ],
              [
                103.85718834700003,
                1.438706773000092
              ],
              [
                103.93246504000007,
                1.40110911700009
              ],
              [
                103.96078535200007,
                1.391099351000094
              ]
            ]
          ]
        ]
      }
    }
  ]
}