{
  "type": "FeatureCollection",
  "features": [
    {
      "type": "Feature",
      "geometry": {
        "type": "Polygon",
        "coordinates": [
          [
            [
              22.5581376,
              49.085738
            ],
            [
              21.6078081,
              49.4701073
            ],
            [
              20.8879554,
              49.3287723
            ],
            [
              20.4158395,
              49.4314534
            ],
            [
              19.8250228,
              49.2171254
            ],
            [
              19.3207125,
              49.571574
            ],
            [
              18.9095748,
              49.4358459
            ],
            [
              18.8531442,
              49.4962298
            ],
            [
              18.5549711,
              49.4950154
            ],
            [
              18.3999935,
              49.3150005
            ],
            [
              18.1704985,
              49.2715148
            ],
            [
              18.1049728,
              49.0439835
            ],
            [
              17.9135116,
              48.9964928
            ],
            [
              17.8864848,
              48.9034752
            ],
            [
              17.545007,
              48.800019
            ],
            [
              17.1019849,
              48.8169689
            ],
            [
              16.9602881,
              48.5969823
            ],
            [
              16.8799829,
              48.4700133
            ],
            [
              16.9796668,
              48.123497
            ],
            [
              17.4884729,
              47.8674661
            ],
            [
              17.8571326,
              47.7584289
            ],
            [
              18.6965129,
              47.8809537
            ],
            [
              18.7770248,
              48.0817683
            ],
            [
              19.1743649,
              48.1113789
            ],
            [
              19.6613636,
              48.2666149
            ],
            [
              19.7694707,
              48.2026911
            ],
            [
              20.2390544,
              48.3275672
            ],
            [
              20.473562,
              48.56285
            ],
            [
              20.801294,
              48.6238541
            ],
            [
              21.8722364,
              48.3199708
            ],
            [
              22.0856084,
              48.4222643
            ],
            [
              22.2808419,
              48.8253922
            ],
            [
              22.5581376,
              49.085738
            ]
          ]
        ]
      }
    }
  ]
}