{
  "type": "FeatureCollection",
  "features": [
    {
      "type": "Feature",
      "geometry": {
        "type": "Polygon",
        "coordinates": [
          [
            [
              -13.2465503,
              8.9030486
            ],
            [
              -13.1240254,
              8.1639464
            ],
            [
              -12.949049,
              7.7986457
            ],
            [
              -12.4280989,
              7.262942
            ],
            [
              -11.7081945,
              6.8600984
            ],
            [
              -11.4387795,
              6.7859169
            ],
            [
              -11.1998018,
              7.1058456
            ],
            [
              -11.1467043,
              7.3967064
            ],
            [
              -10.6955949,
              7.939464
            ],
            [
              -10.2300936,
              8.4062056
            ],
            [
              -10.5054773,
              8.3488964
            ],
            [
              -10.4943152,
              8.7155407
            ],
            [
              -10.6547705,
              8.9771785
            ],
            [
              -10.6223952,
              9.2679101
            ],
            [
              -10.839152,
              9.6882462
            ],
            [
              -11.1174812,
              10.0458729
            ],
            [
              -11.9172774,
              10.046984
            ],
            [
              -12.1503381,
              9.8585717
            ],
            [
              -12.4259285,
              9.8358341
            ],
            [
              -12.5967191,
              9.6201883
            ],
            [
              -12.7119576,
              9.3427117
            ],
            [
              -13.2465503,
              8.9030486
            ]
          ]
        ]
      }
    }
  ]
}