{
  "type": "FeatureCollection",
  "name": "SM",
  "features": [
    {
      "type": "Feature",
      "geometry": {
        "type": "MultiPolygon",
        "coordinates": [
          [
            [
              [
                12.4294503590001,
                43.892055515
              ],
              [
                12.399581381000075,
                43.903217625000124
              ],
              [
                12.385628745000105,
                43.924534153000124
              ],
              [
                12.395653973000037,
                43.94840866400001
              ],
              [
                12.411048669000138,
                43.95966101200004
              ],
              [
                12.42138883600012,
                43.96721888500012
              ],
              [
                12.453324871000092,
                43.97905278900005
              ],
              [
                12.482160321000038,
                43.98256678600008
              ],
              [
                12.48918831500012,
                43.9731099990001
              ],
              [
                12.492392254000094,
                43.956418511
              ],
              [
                12.490325196000128,
                43.93915858300009
              ],
              [
                12.48309447400004,
                43.92920489800004
              ],
              [
                12.482160321000038,
                43.92791895900005
              ],
              [
                12.479576499000132,
                43.92580022500006
              ],
              [
                12.478026206000095,
                43.92321640400006
              ],
              [
                12.477493853000112,
                43.92005098400007
              ],
              [
                12.478286774000082,
                43.917037885000084
              ],
              [
                12.460456219000037,
                43.895259454000055
              ],
              [
                12.4294503590001,
                43.892055515
              ]
            ]
          ]
        ]
      }
    }
  ]
}