{
  "type": "FeatureCollection",
  "features": [
    {
      "type": "Feature",
      "geometry": {
        "type": "Polygon",
        "coordinates": [
          [
            [
              -16.7137288,
              13.5949586
            ],
            [
              -15.6245963,
              13.6235873
            ],
            [
              -15.3987703,
              13.8603688
            ],
            [
              -15.0817354,
              13.8764918
            ],
            [
              -14.6870308,
              13.630357
            ],
            [
              -14.3767138,
              13.6256802
            ],
            [
              -14.0469924,
              13.7940679
            ],
            [
              -13.8449633,
              13.5050416
            ],
            [
              -14.2777018,
              13.280585
            ],
            [
              -14.7121972,
              13.2982067
            ],
            [
              -15.1411633,
              13.5095116
            ],
            [
              -15.5118125,
              13.2785696
            ],
            [
              -15.6910005,
              13.2703531
            ],
            [
              -15.9312959,
              13.1302841
            ],
            [
              -16.8415246,
              13.1513939
            ],
            [
              -16.677452,
              12.3848516
            ],
            [
              -16.1477168,
              12.5477615
            ],
            [
              -15.8165743,
              12.5155671
            ],
            [
              -15.5484769,
              12.6281701
            ],
            [
              -13.700476,
              12.586183
            ],
            [
              -13.2178182,
              12.5758735
            ],
            [
              -12.4990507,
              12.33209
            ],
            [
              -12.278599,
              12.35444
            ],
            [
              -12.2035648,
              12.4656477
            ],
            [
              -11.658301,
              12.3865827
            ],
            [
              -11.5139428,
              12.4429876
            ],
            [
              -11.4678991,
              12.7545189
            ],
            [
              -11.5533978,
              13.1412137
            ],
            [
              -11.927716,
              13.4220751
            ],
            [
              -12.1248875,
              13.9947275
            ],
            [
              -12.1707503,
              14.6168342
            ],
            [
              -12.8306583,
              15.3036915
            ],
            [
              -13.4357377,
              16.039383
            ],
            [
              -14.0995215,
              16.3043023
            ],
            [
              -14.5773476,
              16.5982637
            ],
            [
              -15.1357373,
              16.5872824
            ],
            [
              -15.6236661,
              16.3693371
            ],
            [
              -16.1206901,
              16.4556625
            ],
            [
              -16.4630981,
              16.1350361
            ],
            [
              -16.7007063,
              15.6215274
            ],
            [
              -17.1851729,
              14.9194772
            ],
            [
              -17.6250427,
              14.7295405
            ],
            [
              -17.1261067,
              14.3735157
            ],
            [
              -16.7137288,
              13.5949586
            ]
          ]
        ]
      }
    }
  ]
}