{
  "type": "FeatureCollection",
  "features": [
    {
      "type": "Feature",
      "geometry": {
        "type": "Polygon",
        "coordinates": [
          [
            [
              41.58513,
              -1.68325
            ],
            [
              41.81095,
              -1.44647
            ],
            [
              42.04157,
              -0.91916
            ],
            [
              43.13597,
              0.2922
            ],
            [
              44.06815,
              1.05283
            ],
            [
              45.56399,
              2.04576
            ],
            [
              46.56476,
              2.85529
            ],
            [
              47.74079,
              4.2194
            ],
            [
              48.59455,
              5.33911
            ],
            [
              49.4527,
              6.80466
            ],
            [
              50.07092,
              8.08173
            ],
            [
              50.55239,
              9.19874
            ],
            [
              50.83418,
              10.27972
            ],
            [
              51.04531,
              10.6409
            ],
            [
              51.04153,
              11.16651
            ],
            [
              51.13387,
              11.74815
            ],
            [
              51.1112,
              12.02464
            ],
            [
              50.73202,
              12.0219
            ],
            [
              50.25878,
              11.67957
            ],
            [
              49.72862,
              11.5789
            ],
            [
              49.26776,
              11.43033
            ],
            [
              48.9482048,
              11.4106173
            ],
            [
              48.9420052,
              11.3942661
            ],
            [
              48.9384912,
              10.9823274
            ],
            [
              48.9382329,
              9.9735001
            ],
            [
              48.9381295,
              9.451749
            ],
            [
              48.4867359,
              8.8376262
            ],
            [
              47.78942,
              8.003
            ],
            [
              44.9636,
              5.00162
            ],
            [
              43.66087,
              4.95755
            ],
            [
              42.76967,
              4.25259
            ],
            [
              42.12861,
              4.23413
            ],
            [
              41.8550831,
              3.9189119
            ],
            [
              40.98105,
              2.78452
            ],
            [
              40.993,
              -0.85829
            ],
            [
              41.58513,
              -1.68325
            ]
          ]
        ]
      }
    }
  ]
}