{
  "type": "FeatureCollection",
  "features": [
    {
      "type": "Feature",
      "geometry": {
        "type": "Polygon",
        "coordinates": [
          [
            [
              -54.5247542,
              2.3118489
            ],
            [
              -54.2697052,
              2.7323917
            ],
            [
              -54.181726,
              3.1897798
            ],
            [
              -54.0069305,
              3.6200377
            ],
            [
              -54.3995422,
              4.2126114
            ],
            [
              -54.478633,
              4.8967557
            ],
            [
              -53.9580446,
              5.7565482
            ],
            [
              -55.0332503,
              6.0252914
            ],
            [
              -55.8417798,
              5.9531253
            ],
            [
              -55.9493184,
              5.7728779
            ],
            [
              -57.1474365,
              5.9731499
            ],
            [
              -57.3072459,
              5.0735666
            ],
            [
              -57.9142889,
              4.8126265
            ],
            [
              -57.8602095,
              4.5768011
            ],
            [
              -58.0446944,
              4.0608636
            ],
            [
              -57.601569,
              3.3346546
            ],
            [
              -57.2814335,
              3.3334919
            ],
            [
              -57.1500978,
              2.7689269
            ],
            [
              -56.5393857,
              1.8995226
            ],
            [
              -55.995698,
              1.8176671
            ],
            [
              -55.9056001,
              2.0219958
            ],
            [
              -56.0733418,
              2.220795
            ],
            [
              -55.9733221,
              2.5103639
            ],
            [
              -55.569755,
              2.4215063
            ],
            [
              -55.0975874,
              2.5237481
            ],
            [
              -54.5247542,
              2.3118489
            ]
          ]
        ]
      }
    }
  ]
}