{
  "type": "FeatureCollection",
  "features": [
    {
      "type": "Feature",
      "geometry": {
        "type": "Polygon",
        "coordinates": [
          [
            [
              30.8338524,
              3.5091716
            ],
            [
              31.24556,
              3.7819
            ],
            [
              31.88145,
              3.55827
            ],
            [
              32.68642,
              3.79232
            ],
            [
              33.39,
              3.79
            ],
            [
              34.005,
              4.2498849
            ],
            [
              34.6201963,
              4.8471227
            ],
            [
              35.2980071,
              5.506
            ],
            [
              34.70702,
              6.59422
            ],
            [
              34.25032,
              6.82607
            ],
            [
              34.0751,
              7.22595
            ],
            [
              33.56829,
              7.71334
            ],
            [
              32.95418,
              7.78497
            ],
            [
              33.2948,
              8.35458
            ],
            [
              33.8255,
              8.37916
            ],
            [
              33.97498,
              8.68456
            ],
            [
              33.9633928,
              9.4642852
            ],
            [
              33.8249635,
              9.4840608
            ],
            [
              33.8421309,
              9.9819146
            ],
            [
              33.7219592,
              10.3252621
            ],
            [
              33.2069381,
              10.7201116
            ],
            [
              33.0867665,
              11.4411413
            ],
            [
              33.2069381,
              12.1793383
            ],
            [
              32.743419,
              12.2480078
            ],
            [
              32.6747495,
              12.0248319
            ],
            [
              32.0738915,
              11.9733298
            ],
            [
              32.3142347,
              11.6814845
            ],
            [
              32.4000716,
              11.0806265
            ],
            [
              31.8507157,
              10.5312705
            ],
            [
              31.3528619,
              9.8102409
            ],
            [
              30.8378407,
              9.7072367
            ],
            [
              29.9966395,
              10.2909273
            ],
            [
              29.6189573,
              10.0849189
            ],
            [
              29.5159531,
              9.7930735
            ],
            [
              29.0009319,
              9.6042325
            ],
            [
              28.9665972,
              9.398224
            ],
            [
              27.9708896,
              9.398224
            ],
            [
              27.8335506,
              9.6042325
            ],
            [
              27.112521,
              9.6385672
            ],
            [
              26.7520062,
              9.4668935
            ],
            [
              26.4773282,
              9.5527303
            ],
            [
              25.962307,
              10.136421
            ],
            [
              25.7906333,
              10.4110989
            ],
            [
              25.0696037,
              10.27376
            ],
            [
              24.7949257,
              9.8102409
            ],
            [
              24.5374152,
              8.9175376
            ],
            [
              24.1940677,
              8.7286965
            ],
            [
              23.8869796,
              8.6197297
            ],
            [
              24.567369,
              8.2291879
            ],
            [
              25.1149325,
              7.8251041
            ],
            [
              25.1241309,
              7.5000852
            ],
            [
              25.796648,
              6.9793159
            ],
            [
              26.2134184,
              6.5466033
            ],
            [
              26.4659095,
              5.9467174
            ],
            [
              27.2134091,
              5.5509535
            ],
            [
              27.3742261,
              5.2339444
            ],
            [
              27.9799772,
              4.4084134
            ],
            [
              28.4289938,
              4.2871546
            ],
            [
              28.6966777,
              4.4550772
            ],
            [
              29.1590784,
              4.3892673
            ],
            [
              29.7159953,
              4.6008048
            ],
            [
              29.9535002,
              4.173699
            ],
            [
              30.8338524,
              3.5091716
            ]
          ]
        ]
      }
    }
  ]
}