{
  "type": "FeatureCollection",
  "name": "ST",
  "features": [
    {
      "type": "Feature",
      "geometry": {
        "type": "MultiPolygon",
        "coordinates": [
          [
            [
              [
                6.68140709700009,
                0.407131252000056
              ],
              [
                6.703868035000085,
                0.391831773000092
              ],
              [
                6.727061394000089,
                0.366929429000038
              ],
              [
                6.746104363000086,
                0.338080145000049
              ],
              [
                6.756521030000044,
                0.31085846600007
              ],
              [
                6.760915561000047,
                0.284165757000039
              ],
              [
                6.760508660000085,
                0.26829661700009
              ],
              [
                6.756521030000044,
                0.250067450000074
              ],
              [
                6.748545769000089,
                0.230698960000041
              ],
              [
                6.740082227000073,
                0.218573309000078
              ],
              [
                6.715586785000085,
                0.195461330000057
              ],
              [
                6.703135613000086,
                0.18040599200009
              ],
              [
                6.674571160000085,
                0.133368231000077
              ],
              [
                6.668467644000089,
                0.131008205000057
              ],
              [
                6.659190300000091,
                0.128851630000042
              ],
              [
                6.653330925000091,
                0.124579169000071
              ],
              [
                6.660004102000073,
                0.107326565000051
              ],
              [
                6.652598504000082,
                0.103216864000046
              ],
              [
                6.641449415000068,
                0.10101959800005
              ],
              [
                6.633636915000068,
                0.098578192000048
              ],
              [
                6.618174675000091,
                0.081203518000052
              ],
              [
                6.616221550000091,
                0.078111070000091
              ],
              [
                6.582855665000068,
                0.077337958000044
              ],
              [
                6.578379754000082,
                0.078111070000091
              ],
              [
                6.56771894600007,
                0.042141018000052
              ],
              [
                6.557302280000044,
                0.028265692000048
              ],
              [
                6.544200066000087,
                0.043931382000039
              ],
              [
                6.536957227000073,
                0.026434637000079
              ],
              [
                6.526621941000087,
                0.024115302000041
              ],
              [
                6.516368035000085,
                0.033636786000045
              ],
              [
                6.510101759000065,
                0.05141836100006
              ],
              [
                6.511729363000086,
                0.052720445000091
              ],
              [
                6.516612175000091,
                0.069973049000055
              ],
              [
                6.51693769600007,
                0.078111070000091
              ],
              [
                6.513682488000086,
                0.088283596000053
              ],
              [
                6.509613477000073,
                0.092678127000056
              ],
              [
                6.505707227000073,
                0.094875393000052
              ],
              [
                6.502696160000085,
                0.098578192000048
              ],
              [
                6.467295769000089,
                0.212469794000071
              ],
              [
                6.461680535000085,
                0.222154039000088
              ],
              [
                6.466319207000083,
                0.231024481000077
              ],
              [
                6.46810957100007,
                0.239813544000071
              ],
              [
                6.46851647200009,
                0.259955145000049
              ],
              [
                6.470876498000052,
                0.26788971600007
              ],
              [
                6.490244988000086,
                0.290961005000042
              ],
              [
                6.494313998000052,
                0.299994208000044
              ],
              [
                6.495371941000087,
                0.306382554000038
              ],
              [
                6.49781334700009,
                0.312689520000049
              ],
              [
                6.533050977000073,
                0.348130601000094
              ],
              [
                6.54078209700009,
                0.35187409100007
              ],
              [
                6.578298373000052,
                0.364569403000075
              ],
              [
                6.609548373000052,
                0.390366929000038
              ],
              [
                6.641856316000087,
                0.41079336100006
              ],
              [
                6.68140709700009,
                0.407131252000056
              ]
            ]
          ],
          [
            [
              [
                7.462738477000073,
                1.67454661700009
              ],
              [
                7.457367384000065,
                1.669989325000074
              ],
              [
                7.446136915000068,
                1.66547272300005
              ],
              [
                7.434825066000087,
                1.658880927000041
              ],
              [
                7.428721550000091,
                1.647853908000059
              ],
              [
                7.443532748000052,
                1.645453192000048
              ],
              [
                7.45671634200005,
                1.638332424000055
              ],
              [
                7.461761915000068,
                1.630804755000042
              ],
              [
                7.452647332000083,
                1.627346096000053
              ],
              [
                7.438243035000085,
                1.623928127000056
              ],
              [
                7.434418165000068,
                1.615220445000091
              ],
              [
                7.435557488000086,
                1.592596747000073
              ],
              [
                7.430511915000068,
                1.572739976000094
              ],
              [
                7.42554772200009,
                1.562730210000041
              ],
              [
                7.418223504000082,
                1.558498440000051
              ],
              [
                7.405772332000083,
                1.556463934000078
              ],
              [
                7.40211022200009,
                1.550726630000042
              ],
              [
                7.402517123000052,
                1.542059637000079
              ],
              [
                7.401377800000091,
                1.531195380000042
              ],
              [
                7.398773634000065,
                1.534979559000078
              ],
              [
                7.395681186000047,
                1.542385158000059
              ],
              [
                7.394053582000083,
                1.545396226000094
              ],
              [
                7.387380405000044,
                1.542466539000088
              ],
              [
                7.381032748000052,
                1.537990627000056
              ],
              [
                7.372243686000047,
                1.55414459800005
              ],
              [
                7.358409050000091,
                1.55890534100007
              ],
              [
                7.343760613000086,
                1.559881903000075
              ],
              [
                7.332530144000089,
                1.565334377000056
              ],
              [
                7.329356316000087,
                1.596258856000077
              ],
              [
                7.330088738000086,
                1.614650783000059
              ],
              [
                7.339366082000083,
                1.613104559000078
              ],
              [
                7.355967644000089,
                1.620021877000056
              ],
              [
                7.364024285000085,
                1.629380601000094
              ],
              [
                7.366465691000087,
                1.641791083000044
              ],
              [
                7.36654707100007,
                1.658107815000051
              ],
              [
                7.371836785000085,
                1.67719147300005
              ],
              [
                7.385264519000089,
                1.692328192000048
              ],
              [
                7.403005405000044,
                1.699774481000077
              ],
              [
                7.42123457100007,
                1.695705471000053
              ],
              [
                7.448741082000083,
                1.693182684000078
              ],
              [
                7.459727410000085,
                1.688299872000073
              ],
              [
                7.462738477000073,
                1.67454661700009
              ]
            ]
          ]
        ]
      }
    }
  ]
}