{
  "type": "FeatureCollection",
  "features": [
    {
      "type": "Feature",
      "geometry": {
        "type": "Polygon",
        "coordinates": [
          [
            [
              -89.353326,
              14.4241328
            ],
            [
              -89.5873427,
              14.3625862
            ],
            [
              -89.5342193,
              14.2448156
            ],
            [
              -89.721934,
              14.134228
            ],
            [
              -90.0646779,
              13.8819695
            ],
            [
              -90.0955546,
              13.7353376
            ],
            [
              -89.8123936,
              13.5206221
            ],
            [
              -89.2567427,
              13.4585328
            ],
            [
              -88.8432279,
              13.2597336
            ],
            [
              -88.4833016,
              13.1639513
            ],
            [
              -87.9041121,
              13.1490168
            ],
            [
              -87.7931111,
              13.3844805
            ],
            [
              -87.723503,
              13.7850504
            ],
            [
              -87.8595153,
              13.8933125
            ],
            [
              -88.0653426,
              13.964626
            ],
            [
              -88.503998,
              13.8454859
            ],
            [
              -88.5412308,
              13.9801547
            ],
            [
              -88.8430729,
              14.1405067
            ],
            [
              -89.0585119,
              14.3400294
            ],
            [
              -89.353326,
              14.4241328
            ]
          ]
        ]
      }
    }
  ]
}