{
  "type": "FeatureCollection",
  "features": [
    {
      "type": "Feature",
      "geometry": {
        "type": "Polygon",
        "coordinates": [
          [
            [
              35.7199182,
              32.7091924
            ],
            [
              36.8340621,
              32.3129375
            ],
            [
              38.7923405,
              33.3786864
            ],
            [
              41.0061589,
              34.4193723
            ],
            [
              41.3839653,
              35.6283166
            ],
            [
              41.2897075,
              36.3588146
            ],
            [
              41.8370642,
              36.6058538
            ],
            [
              42.3495911,
              37.2298725
            ],
            [
              41.2120895,
              37.0743523
            ],
            [
              40.6732593,
              37.0912764
            ],
            [
              39.5225802,
              36.7160538
            ],
            [
              38.6998914,
              36.7129274
            ],
            [
              38.1677275,
              36.9012104
            ],
            [
              37.0667611,
              36.6230362
            ],
            [
              36.7394943,
              36.8175205
            ],
            [
              36.685389,
              36.2596992
            ],
            [
              36.4175501,
              36.040617
            ],
            [
              36.1497628,
              35.8215347
            ],
            [
              35.9050232,
              35.4100095
            ],
            [
              35.9984025,
              34.644914
            ],
            [
              36.4481942,
              34.5939352
            ],
            [
              36.6117501,
              34.2017886
            ],
            [
              36.0664604,
              33.8249124
            ],
            [
              35.8211007,
              33.2774265
            ],
            [
              35.8363969,
              32.8681233
            ],
            [
              35.700798,
              32.7160137
            ],
            [
              35.7199182,
              32.7091924
            ]
          ]
        ]
      }
    }
  ]
}