{
  "type": "FeatureCollection",
  "features": [
    {
      "type": "Feature",
      "geometry": {
        "type": "Polygon",
        "coordinates": [
          [
            [
              32.0716655,
              -26.7338201
            ],
            [
              31.9857792,
              -26.2917799
            ],
            [
              31.8377779,
              -25.8433318
            ],
            [
              31.3331576,
              -25.6601905
            ],
            [
              31.0440796,
              -25.7314523
            ],
            [
              30.9496668,
              -26.022649
            ],
            [
              30.6766085,
              -26.3980783
            ],
            [
              30.6859619,
              -26.7438453
            ],
            [
              31.2827731,
              -27.2858794
            ],
            [
              31.8680603,
              -27.1779273
            ],
            [
              32.0716655,
              -26.7338201
            ]
          ]
        ]
      }
    }
  ]
}