{
  "type": "FeatureCollection",
  "name": "TC",
  "features": [
    {
      "type": "Feature",
      "geometry": {
        "type": "MultiPolygon",
        "coordinates": [
          [
            [
              [
                -71.87993164062499,
                21.84042968749999
              ],
              [
                -71.8974609375,
                21.829882812500003
              ],
              [
                -71.95546875,
                21.864404296874994
              ],
              [
                -71.96376953125,
                21.892041015624997
              ],
              [
                -71.984521484375,
                21.89340820312499
              ],
              [
                -72.01904296875,
                21.918261718750003
              ],
              [
                -72.01064453125,
                21.950439453125
              ],
              [
                -71.93154296875,
                21.951904296875
              ],
              [
                -71.899609375,
                21.8625
              ],
              [
                -71.87993164062499,
                21.84042968749999
              ]
            ]
          ],
          [
            [
              [
                -72.33281249999999,
                21.851367187500003
              ],
              [
                -72.21865234375,
                21.796289062499994
              ],
              [
                -72.1498046875,
                21.804492187500003
              ],
              [
                -72.14433593749999,
                21.792724609375
              ],
              [
                -72.18154296875,
                21.780029296875
              ],
              [
                -72.190673828125,
                21.769775390625
              ],
              [
                -72.30087890624999,
                21.75522460937499
              ],
              [
                -72.33544921875,
                21.758007812499997
              ],
              [
                -72.34238281249999,
                21.7953125
              ],
              [
                -72.33281249999999,
                21.851367187500003
              ]
            ]
          ],
          [
            [
              [
                -71.66142578124999,
                21.765234375
              ],
              [
                -71.66538085937499,
                21.751708984375
              ],
              [
                -71.72177734374999,
                21.790234375
              ],
              [
                -71.83041992187499,
                21.790625
              ],
              [
                -71.84765625,
                21.843457031249997
              ],
              [
                -71.80615234375,
                21.852099609375003
              ],
              [
                -71.668359375,
                21.833447265624997
              ],
              [
                -71.6369140625,
                21.787548828124997
              ],
              [
                -71.66142578124999,
                21.765234375
              ]
            ]
          ]
        ]
      }
    }
  ]
}