{
  "type": "FeatureCollection",
  "features": [
    {
      "type": "Feature",
      "geometry": {
        "type": "Polygon",
        "coordinates": [
          [
            [
              68.935,
              -48.625
            ],
            [
              68.8675,
              -48.83
            ],
            [
              68.72,
              -49.2425
            ],
            [
              68.745,
              -49.775
            ],
            [
              70.28,
              -49.71
            ],
            [
              70.56,
              -49.255
            ],
            [
              70.525,
              -49.065
            ],
            [
              69.58,
              -48.94
            ],
            [
              68.935,
              -48.625
            ]
          ]
        ]
      }
    }
  ]
}