{
  "type": "FeatureCollection",
  "features": [
    {
      "type": "Feature",
      "geometry": {
        "type": "Polygon",
        "coordinates": [
          [
            [
              67.8299996,
              37.144994
            ],
            [
              68.1355624,
              37.0231151
            ],
            [
              68.8594458,
              37.3443358
            ],
            [
              69.1962728,
              37.1511435
            ],
            [
              69.5187854,
              37.6089967
            ],
            [
              70.1165784,
              37.5882228
            ],
            [
              70.2705742,
              37.7351647
            ],
            [
              70.3763042,
              38.1383959
            ],
            [
              70.8068205,
              38.4862816
            ],
            [
              71.3481311,
              38.2589053
            ],
            [
              71.2394039,
              37.9532651
            ],
            [
              71.5419178,
              37.9057744
            ],
            [
              71.4486935,
              37.0656448
            ],
            [
              71.8446383,
              36.7381713
            ],
            [
              72.1930408,
              36.9482877
            ],
            [
              72.6368897,
              37.0475581
            ],
            [
              73.2600558,
              37.4952569
            ],
            [
              73.9486959,
              37.4215663
            ],
            [
              74.9800025,
              37.4199901
            ],
            [
              74.8299858,
              37.990007
            ],
            [
              74.8648157,
              38.3788463
            ],
            [
              74.2575143,
              38.6065069
            ],
            [
              73.9288522,
              38.5058153
            ],
            [
              73.6753793,
              39.4312369
            ],
            [
              71.7846936,
              39.2794632
            ],
            [
              70.5491618,
              39.6041979
            ],
            [
              69.4648869,
              39.5266833
            ],
            [
              69.5596098,
              40.1032114
            ],
            [
              70.6480188,
              39.9357539
            ],
            [
              71.014198,
              40.2443655
            ],
            [
              70.6014067,
              40.2185273
            ],
            [
              70.4581596,
              40.4964949
            ],
            [
              70.6666223,
              40.9602133
            ],
            [
              69.3294947,
              40.7278244
            ],
            [
              69.0116329,
              40.0861581
            ],
            [
              68.5364165,
              39.5334529
            ],
            [
              67.7014287,
              39.5804784
            ],
            [
              67.4422197,
              39.1401435
            ],
            [
              68.176025,
              38.9015535
            ],
            [
              68.3920325,
              38.1570253
            ],
            [
              67.8299996,
              37.144994
            ]
          ]
        ]
      }
    }
  ]
}