{
  "type": "FeatureCollection",
  "features": [
    {
      "type": "Feature",
      "geometry": {
        "type": "Polygon",
        "coordinates": [
          [
            [
              124.9686825,
              -8.8927902
            ],
            [
              125.07002,
              -9.0899875
            ],
            [
              125.0885201,
              -9.3931731
            ],
            [
              125.925885,
              -9.1060072
            ],
            [
              126.967992,
              -8.6682561
            ],
            [
              127.3359282,
              -8.3973166
            ],
            [
              126.9572433,
              -8.2733448
            ],
            [
              126.6447042,
              -8.3982468
            ],
            [
              125.9470724,
              -8.4320948
            ],
            [
              125.0862464,
              -8.6568873
            ],
            [
              124.9686825,
              -8.8927902
            ]
          ]
        ]
      }
    }
  ]
}