{
  "type": "FeatureCollection",
  "features": [
    {
      "type": "Feature",
      "geometry": {
        "type": "Polygon",
        "coordinates": [
          [
            [
              52.5024598,
              41.7833155
            ],
            [
              52.8146888,
              41.1353706
            ],
            [
              52.9167497,
              41.8681166
            ],
            [
              53.7217135,
              42.1231914
            ],
            [
              54.008311,
              41.5512108
            ],
            [
              54.7368453,
              40.9510149
            ],
            [
              53.8581393,
              40.6310345
            ],
            [
              52.9152511,
              40.8765233
            ],
            [
              52.6939726,
              40.0336291
            ],
            [
              53.3578081,
              39.9752864
            ],
            [
              53.1010279,
              39.2905736
            ],
            [
              53.8809286,
              38.952093
            ],
            [
              53.7355111,
              37.9061362
            ],
            [
              53.9215979,
              37.1989184
            ],
            [
              54.800304,
              37.3924208
            ],
            [
              55.5115784,
              37.9641171
            ],
            [
              56.1803748,
              37.9351267
            ],
            [
              56.6193661,
              38.1213944
            ],
            [
              57.3304338,
              38.0292294
            ],
            [
              58.4361544,
              37.5223095
            ],
            [
              59.234762,
              37.412988
            ],
            [
              60.377638,
              36.5273831
            ],
            [
              61.1230705,
              36.4915972
            ],
            [
              61.2108171,
              35.6500723
            ],
            [
              62.2306515,
              35.270664
            ],
            [
              62.9846623,
              35.4040408
            ],
            [
              63.1935384,
              35.8571656
            ],
            [
              63.9828959,
              36.0079575
            ],
            [
              64.5464791,
              36.3120733
            ],
            [
              64.7461052,
              37.1118177
            ],
            [
              65.5889478,
              37.3052168
            ],
            [
              65.7456307,
              37.661164
            ],
            [
              66.2173849,
              37.3937902
            ],
            [
              66.5186068,
              37.3627843
            ],
            [
              66.5461503,
              37.974685
            ],
            [
              65.215999,
              38.402695
            ],
            [
              64.170223,
              38.8924067
            ],
            [
              63.5180148,
              39.3632565
            ],
            [
              62.3742603,
              40.0538862
            ],
            [
              61.8827141,
              41.0848569
            ],
            [
              61.547179,
              41.2663703
            ],
            [
              60.465953,
              41.2203266
            ],
            [
              60.0833407,
              41.4251462
            ],
            [
              59.9764222,
              42.223082
            ],
            [
              58.6290109,
              42.751551
            ],
            [
              57.78653,
              42.1705529
            ],
            [
              56.9322152,
              41.8260261
            ],
            [
              57.0963912,
              41.3223101
            ],
            [
              55.9681914,
              41.3086417
            ],
            [
              55.4552511,
              41.2598591
            ],
            [
              54.7553455,
              42.0439715
            ],
            [
              54.0794178,
              42.3241094
            ],
            [
              52.9442932,
              42.1160342
            ],
            [
              52.5024598,
              41.7833155
            ]
          ]
        ]
      }
    }
  ]
}