{
  "type": "FeatureCollection",
  "features": [
    {
      "type": "Feature",
      "geometry": {
        "type": "Polygon",
        "coordinates": [
          [
            [
              9.4821399,
              30.3075561
            ],
            [
              9.9700171,
              30.5393249
            ],
            [
              10.0565751,
              30.9618314
            ],
            [
              9.9502251,
              31.3760696
            ],
            [
              10.6369015,
              31.7614208
            ],
            [
              10.9447897,
              32.0818147
            ],
            [
              11.4322535,
              32.3689031
            ],
            [
              11.4887875,
              33.1369958
            ],
            [
              11.1085006,
              33.2933428
            ],
            [
              10.8568364,
              33.7687401
            ],
            [
              10.3396586,
              33.7857417
            ],
            [
              10.1495927,
              34.330773
            ],
            [
              10.8078471,
              34.8335072
            ],
            [
              10.9395187,
              35.6989841
            ],
            [
              10.5932866,
              35.9474444
            ],
            [
              10.6000045,
              36.4100001
            ],
            [
              11.1000257,
              36.899996
            ],
            [
              11.0288672,
              37.0921032
            ],
            [
              10.1806503,
              36.7240378
            ],
            [
              10.2100025,
              37.2300017
            ],
            [
              9.5099935,
              37.3499944
            ],
            [
              8.4209644,
              36.9464273
            ],
            [
              8.2178243,
              36.433177
            ],
            [
              8.3763676,
              35.479876
            ],
            [
              8.1409815,
              34.655146
            ],
            [
              7.5244816,
              34.0973764
            ],
            [
              7.6126416,
              33.3441149
            ],
            [
              8.4304729,
              32.7483373
            ],
            [
              8.4391028,
              32.5062849
            ],
            [
              9.0556027,
              32.102692
            ],
            [
              9.4821399,
              30.3075561
            ]
          ]
        ]
      }
    }
  ]
}