{
  "type": "FeatureCollection",
  "name": "TO",
  "features": [
    {
      "type": "Feature",
      "geometry": {
        "type": "MultiPolygon",
        "coordinates": [
          [
            [
              [
                -175.0655411449999,
                -21.12395598799992
              ],
              [
                -175.05463619699992,
                -21.131524346999925
              ],
              [
                -175.05089270699992,
                -21.139336846999925
              ],
              [
                -175.0518692699999,
                -21.154961846999925
              ],
              [
                -175.06049557199992,
                -21.16375090899993
              ],
              [
                -175.11738033799992,
                -21.203057549999926
              ],
              [
                -175.1209610669999,
                -21.211683851999908
              ],
              [
                -175.11933346299992,
                -21.22234465899993
              ],
              [
                -175.11591549399992,
                -21.233575127999927
              ],
              [
                -175.11396236899992,
                -21.244073174999926
              ],
              [
                -175.11762447799993,
                -21.25595468499995
              ],
              [
                -175.12653561099992,
                -21.262790622999944
              ],
              [
                -175.1378067699999,
                -21.26620859199994
              ],
              [
                -175.14875240799992,
                -21.26799895599993
              ],
              [
                -175.17035885299993,
                -21.26336028399993
              ],
              [
                -175.18049068899992,
                -21.255059502999927
              ],
              [
                -175.19652258999992,
                -21.22633228999996
              ],
              [
                -175.20966549399992,
                -21.214450778999947
              ],
              [
                -175.2573136059999,
                -21.192152601999908
              ],
              [
                -175.26484127499992,
                -21.19963958099993
              ],
              [
                -175.28962154899992,
                -21.18596770599993
              ],
              [
                -175.30378170499992,
                -21.180759372999944
              ],
              [
                -175.3162735669999,
                -21.17864348799992
              ],
              [
                -175.32575436099992,
                -21.17359791499996
              ],
              [
                -175.35045325399992,
                -21.14104583099993
              ],
              [
                -175.36481686099992,
                -21.113946221999925
              ],
              [
                -175.35529537699992,
                -21.08961353999996
              ],
              [
                -175.33214270699992,
                -21.07122161299992
              ],
              [
                -175.3057755199999,
                -21.06259530999995
              ],
              [
                -175.3182266919999,
                -21.076836846999925
              ],
              [
                -175.33405514199993,
                -21.08961353999996
              ],
              [
                -175.3408096999999,
                -21.102634372999944
              ],
              [
                -175.32624264199993,
                -21.117120049999926
              ],
              [
                -175.3154190749999,
                -21.121351820999905
              ],
              [
                -175.3065079419999,
                -21.12167734199994
              ],
              [
                -175.24982662699992,
                -21.111260674999926
              ],
              [
                -175.2405899729999,
                -21.11370208099993
              ],
              [
                -175.23310299399992,
                -21.119317315999922
              ],
              [
                -175.2252091139999,
                -21.123793226999908
              ],
              [
                -175.21886145699992,
                -21.130059502999927
              ],
              [
                -175.21637936099992,
                -21.14104583099993
              ],
              [
                -175.23131262899992,
                -21.15007903399993
              ],
              [
                -175.23822994699992,
                -21.158379815999922
              ],
              [
                -175.23407955599993,
                -21.168633721999925
              ],
              [
                -175.2235815089999,
                -21.172539971999925
              ],
              [
                -175.21357174399992,
                -21.16838958099993
              ],
              [
                -175.20356197799993,
                -21.161553643999923
              ],
              [
                -175.19310462099992,
                -21.158135674999926
              ],
              [
                -175.1807755199999,
                -21.160088799999926
              ],
              [
                -175.1630753249999,
                -21.169366143999923
              ],
              [
                -175.15497799399992,
                -21.171807549999926
              ],
              [
                -175.1401261059999,
                -21.16838958099993
              ],
              [
                -175.13422604099992,
                -21.15789153399993
              ],
              [
                -175.1284073559999,
                -21.144138278999947
              ],
              [
                -175.11396236899992,
                -21.130791924999926
              ],
              [
                -175.10370846299992,
                -21.12623463299991
              ],
              [
                -175.0908096999999,
                -21.12273528399993
              ],
              [
                -175.07738196499992,
                -21.12151458099993
              ],
              [
                -175.0655411449999,
                -21.12395598799992
              ]
            ]
          ],
          [
            [
              [
                -173.95636959499993,
                -18.56731536299992
              ],
              [
                -173.9412735669999,
                -18.57284921699994
              ],
              [
                -173.93427486899992,
                -18.579278252999927
              ],
              [
                -173.9279679029999,
                -18.586683851999908
              ],
              [
                -173.9153946609999,
                -18.595310153999947
              ],
              [
                -173.91425533799992,
                -18.606133721999925
              ],
              [
                -173.9151505199999,
                -18.626885674999926
              ],
              [
                -173.9229630199999,
                -18.636976820999905
              ],
              [
                -173.94208736899992,
                -18.61581796699994
              ],
              [
                -173.95295162699992,
                -18.620700778999947
              ],
              [
                -173.95860755099991,
                -18.62672291499996
              ],
              [
                -173.9576309889999,
                -18.634209893999923
              ],
              [
                -173.94896399599992,
                -18.64316171699994
              ],
              [
                -173.95722408799992,
                -18.653008721999925
              ],
              [
                -173.96259518099993,
                -18.663506768999923
              ],
              [
                -173.97663326699993,
                -18.66057708099993
              ],
              [
                -173.98595130099991,
                -18.670993747999944
              ],
              [
                -173.9905899729999,
                -18.68808359199994
              ],
              [
                -173.99054928299992,
                -18.70517343499995
              ],
              [
                -174.0030411449999,
                -18.69850025799991
              ],
              [
                -174.00995846299992,
                -18.687107028999947
              ],
              [
                -174.01720130099991,
                -18.663506768999923
              ],
              [
                -174.00116939999992,
                -18.657403252999927
              ],
              [
                -174.0003555979999,
                -18.645684502999927
              ],
              [
                -174.0064591139999,
                -18.634372653999947
              ],
              [
                -174.01097571499992,
                -18.62948984199994
              ],
              [
                -174.02232825399992,
                -18.638848565999922
              ],
              [
                -174.0256241529999,
                -18.653741143999923
              ],
              [
                -174.03014075399992,
                -18.66334400799991
              ],
              [
                -174.0451554029999,
                -18.65683359199994
              ],
              [
                -174.04613196499992,
                -18.662367445999905
              ],
              [
                -174.0490616529999,
                -18.663506768999923
              ],
              [
                -174.05357825399992,
                -18.663181247999944
              ],
              [
                -174.05943762899992,
                -18.663506768999923
              ],
              [
                -174.0724991529999,
                -18.633965752999927
              ],
              [
                -174.05357825399992,
                -18.619073174999926
              ],
              [
                -174.02546139199993,
                -18.604913018999923
              ],
              [
                -174.01097571499992,
                -18.57789478999996
              ],
              [
                -174.0041397779999,
                -18.570977471999925
              ],
              [
                -173.98810787699992,
                -18.56731536299992
              ],
              [
                -173.9698380199999,
                -18.56617603999996
              ],
              [
                -173.95636959499993,
                -18.56731536299992
              ]
            ]
          ],
          [
            [
              [
                -174.91474361899992,
                -21.292168877999927
              ],
              [
                -174.90851803299992,
                -21.32935963299991
              ],
              [
                -174.90904700399992,
                -21.344496351999908
              ],
              [
                -174.91474361899992,
                -21.38144296699994
              ],
              [
                -174.9139298169999,
                -21.444105726999908
              ],
              [
                -174.9202774729999,
                -21.454196872999944
              ],
              [
                -174.93586178299992,
                -21.445489190999922
              ],
              [
                -174.94220943899992,
                -21.43027109199994
              ],
              [
                -174.95490475199992,
                -21.41806405999995
              ],
              [
                -174.98363196499992,
                -21.39771900799991
              ],
              [
                -174.98363196499992,
                -21.390883070999905
              ],
              [
                -174.97968502499992,
                -21.389418226999908
              ],
              [
                -174.96996008999992,
                -21.383965752999927
              ],
              [
                -174.97581946499992,
                -21.37314218499995
              ],
              [
                -174.97687740799992,
                -21.359551690999922
              ],
              [
                -174.97175045499992,
                -21.347914320999905
              ],
              [
                -174.95185299399992,
                -21.339776299999926
              ],
              [
                -174.94550533799992,
                -21.33212655999995
              ],
              [
                -174.93586178299992,
                -21.31568775799991
              ],
              [
                -174.93354244699992,
                -21.30950286299992
              ],
              [
                -174.9261368479999,
                -21.29461028399993
              ],
              [
                -174.91840572799993,
                -21.28443775799991
              ],
              [
                -174.91474361899992,
                -21.292168877999927
              ]
            ]
          ],
          [
            [
              [
                -175.0692846339999,
                -19.712009372999944
              ],
              [
                -175.0533341139999,
                -19.723809502999927
              ],
              [
                -175.0460098949999,
                -19.751153252999927
              ],
              [
                -175.0478409499999,
                -19.781182549999926
              ],
              [
                -175.0593155589999,
                -19.80136484199994
              ],
              [
                -175.0593155589999,
                -19.79387786299992
              ],
              [
                -175.0655411449999,
                -19.80136484199994
              ],
              [
                -175.07050533799992,
                -19.795586846999925
              ],
              [
                -175.07575436099992,
                -19.79225025799991
              ],
              [
                -175.0872696609999,
                -19.78769296699994
              ],
              [
                -175.08649654899992,
                -19.787286065999922
              ],
              [
                -175.08763587099992,
                -19.784763278999947
              ],
              [
                -175.0872696609999,
                -19.780857028999947
              ],
              [
                -175.0994766919999,
                -19.74976978999996
              ],
              [
                -175.1003311839999,
                -19.739841403999947
              ],
              [
                -175.0966690749999,
                -19.72079843499995
              ],
              [
                -175.09064693899992,
                -19.71266041499996
              ],
              [
                -175.08165442599991,
                -19.71135833099993
              ],
              [
                -175.0692846339999,
                -19.712009372999944
              ]
            ]
          ],
          [
            [
              [
                -174.36107337099992,
                -19.80136484199994
              ],
              [
                -174.3475235669999,
                -19.796807549999926
              ],
              [
                -174.33698482999992,
                -19.787774346999925
              ],
              [
                -174.32966061099992,
                -19.774997653999947
              ],
              [
                -174.3256729809999,
                -19.759698174999926
              ],
              [
                -174.32074947799993,
                -19.76067473799992
              ],
              [
                -174.30980383999992,
                -19.764743747999944
              ],
              [
                -174.30585689999992,
                -19.767185153999947
              ],
              [
                -174.31379146999993,
                -19.784763278999947
              ],
              [
                -174.31513424399992,
                -19.80445728999996
              ],
              [
                -174.3201798169999,
                -19.81926848799992
              ],
              [
                -174.3393448559999,
                -19.821872653999947
              ],
              [
                -174.34699459499993,
                -19.81812916499996
              ],
              [
                -174.35313880099991,
                -19.81373463299991
              ],
              [
                -174.35785885299993,
                -19.80836353999996
              ],
              [
                -174.36107337099992,
                -19.80136484199994
              ]
            ]
          ],
          [
            [
              [
                -174.3058162099999,
                -19.73300546699994
              ],
              [
                -174.2881973949999,
                -19.723728122999944
              ],
              [
                -174.27818762899992,
                -19.71062590899993
              ],
              [
                -174.26996822799993,
                -19.696872653999947
              ],
              [
                -174.25743567599991,
                -19.684665622999944
              ],
              [
                -174.2521866529999,
                -19.69931405999995
              ],
              [
                -174.25519771999993,
                -19.71217213299991
              ],
              [
                -174.26105709499993,
                -19.72429778399993
              ],
              [
                -174.2642716139999,
                -19.73642343499995
              ],
              [
                -174.27167721299992,
                -19.749118747999944
              ],
              [
                -174.28754635299993,
                -19.75058359199994
              ],
              [
                -174.30219479099992,
                -19.744073174999926
              ],
              [
                -174.3058162099999,
                -19.73300546699994
              ]
            ]
          ],
          [
            [
              [
                -174.2608536449999,
                -19.63054778399993
              ],
              [
                -174.24799557199992,
                -19.635918877999927
              ],
              [
                -174.2440079419999,
                -19.64625416499996
              ],
              [
                -174.24925696499992,
                -19.653741143999923
              ],
              [
                -174.2642716139999,
                -19.65048593499995
              ],
              [
                -174.27521725199992,
                -19.63567473799992
              ],
              [
                -174.2884415359999,
                -19.61109791499996
              ],
              [
                -174.29303951699993,
                -19.59270598799992
              ],
              [
                -174.27790279899992,
                -19.595879815999922
              ],
              [
                -174.27277584499993,
                -19.604261976999908
              ],
              [
                -174.26777096299992,
                -19.626153252999927
              ],
              [
                -174.2608536449999,
                -19.63054778399993
              ]
            ]
          ],
          [
            [
              [
                -176.2134903639999,
                -22.32390715899993
              ],
              [
                -176.2042130199999,
                -22.326918226999908
              ],
              [
                -176.19810950399992,
                -22.331963799999926
              ],
              [
                -176.20185299399992,
                -22.336114190999922
              ],
              [
                -176.2070206369999,
                -22.33879973799992
              ],
              [
                -176.21019446499992,
                -22.33879973799992
              ],
              [
                -176.21589107999992,
                -22.335137627999927
              ],
              [
                -176.21930904899992,
                -22.32984791499996
              ],
              [
                -176.2182511059999,
                -22.324883721999925
              ],
              [
                -176.2134903639999,
                -22.32390715899993
              ]
            ]
          ],
          [
            [
              [
                -175.63133704299992,
                -15.55950286299992
              ],
              [
                -175.61261959499993,
                -15.573337497999944
              ],
              [
                -175.6177872389999,
                -15.601495049999926
              ],
              [
                -175.63914954299992,
                -15.62428150799991
              ],
              [
                -175.6688940089999,
                -15.621514580999929
              ],
              [
                -175.6862686839999,
                -15.602308851999908
              ],
              [
                -175.68333899599992,
                -15.58212655999995
              ],
              [
                -175.66376705599993,
                -15.566013278999947
              ],
              [
                -175.63133704299992,
                -15.55950286299992
              ]
            ]
          ],
          [
            [
              [
                -174.6537979809999,
                -18.817478122999944
              ],
              [
                -174.66413326699993,
                -18.80136484199994
              ],
              [
                -174.6612442699999,
                -18.78687916499996
              ],
              [
                -174.64960689999992,
                -18.779554945999905
              ],
              [
                -174.63385982999992,
                -18.785332940999922
              ],
              [
                -174.6268204419999,
                -18.797539971999925
              ],
              [
                -174.6302384109999,
                -18.80901458099993
              ],
              [
                -174.64045162699992,
                -18.816582940999922
              ],
              [
                -174.6537979809999,
                -18.817478122999944
              ]
            ]
          ]
        ]
      }
    }
  ]
}