{
  "type": "FeatureCollection",
  "features": [
    {
      "type": "Feature",
      "geometry": {
        "type": "Polygon",
        "coordinates": [
          [
            [
              -61.68,
              10.76
            ],
            [
              -61.66,
              10.365
            ],
            [
              -61.95,
              10.09
            ],
            [
              -61.77,
              10.0
            ],
            [
              -60.935,
              10.11
            ],
            [
              -60.895,
              10.855
            ],
            [
              -61.105,
              10.89
            ],
            [
              -61.68,
              10.76
            ]
          ]
        ]
      }
    }
  ]
}