{
  "type": "FeatureCollection",
  "name": "TV",
  "features": [
    {
      "type": "Feature",
      "geometry": {
        "type": "MultiPolygon",
        "coordinates": [
          [
            [
              [
                179.19125410200002,
                -8.542087497999944
              ],
              [
                179.200043165,
                -8.529554945999905
              ],
              [
                179.2041121750001,
                -8.518975518999923
              ],
              [
                179.20232181100005,
                -8.509698174999926
              ],
              [
                179.19809004,
                -8.49781666499996
              ],
              [
                179.19752037900003,
                -8.481540622999944
              ],
              [
                179.19939212300005,
                -8.46062590899993
              ],
              [
                179.206390821,
                -8.474053643999923
              ],
              [
                179.20720462300005,
                -8.498467705999929
              ],
              [
                179.21550540500004,
                -8.511325778999947
              ],
              [
                179.21753991000003,
                -8.520603122999944
              ],
              [
                179.20972741000003,
                -8.529961846999925
              ],
              [
                179.19125410200002,
                -8.542087497999944
              ]
            ]
          ],
          [
            [
              [
                178.68279056100005,
                -7.49146900799991
              ],
              [
                178.6679793630001,
                -7.463636976999908
              ],
              [
                178.66521243600005,
                -7.454034112999921
              ],
              [
                178.688324415,
                -7.474379164999959
              ],
              [
                178.69109134200005,
                -7.475355726999908
              ],
              [
                178.6933699880001,
                -7.483982028999947
              ],
              [
                178.69410241000003,
                -7.49382903399993
              ],
              [
                178.6914168630001,
                -7.498630466999941
              ],
              [
                178.68279056100005,
                -7.49146900799991
              ]
            ]
          ],
          [
            [
              [
                177.15259850400003,
                -7.197360934999949
              ],
              [
                177.1523543630001,
                -7.195082289999959
              ],
              [
                177.1504012380001,
                -7.190362237999921
              ],
              [
                177.15007571700005,
                -7.188164971999925
              ],
              [
                177.15300540500004,
                -7.19500090899993
              ],
              [
                177.1533309250001,
                -7.199151299999926
              ],
              [
                177.15259850400003,
                -7.200290622999944
              ],
              [
                177.15259850400003,
                -7.197360934999949
              ]
            ]
          ],
          [
            [
              [
                177.344086134,
                -6.121026299999926
              ],
              [
                177.3398543630001,
                -6.11451588299991
              ],
              [
                177.33814537900003,
                -6.11101653399993
              ],
              [
                177.33716881600003,
                -6.108168226999908
              ],
              [
                177.34880618600005,
                -6.110528252999927
              ],
              [
                177.35661868600005,
                -6.11451588299991
              ],
              [
                177.356293165,
                -6.118747653999947
              ],
              [
                177.344086134,
                -6.121026299999926
              ]
            ]
          ],
          [
            [
              [
                179.9067488940001,
                -9.39934661299992
              ],
              [
                179.90609785200002,
                -9.418633721999925
              ],
              [
                179.9052840500001,
                -9.420668226999908
              ],
              [
                179.90406334700003,
                -9.40048593499995
              ],
              [
                179.89861087300005,
                -9.38681405999995
              ],
              [
                179.90121504,
                -9.38795338299991
              ],
              [
                179.9067488940001,
                -9.39934661299992
              ]
            ]
          ],
          [
            [
              [
                179.86784915500004,
                -9.343194268999923
              ],
              [
                179.87330162900003,
                -9.346856377999927
              ],
              [
                179.87842858200008,
                -9.360772393999923
              ],
              [
                179.8769637380001,
                -9.36296965899993
              ],
              [
                179.87175540500004,
                -9.350192966999941
              ],
              [
                179.86744225400003,
                -9.344333591999941
              ],
              [
                179.86784915500004,
                -9.343194268999923
              ]
            ]
          ],
          [
            [
              [
                178.38054446700005,
                -8.07000090899993
              ],
              [
                178.37330162900003,
                -8.069024346999925
              ],
              [
                178.3754988940001,
                -8.056084893999923
              ],
              [
                178.383148634,
                -8.039239190999922
              ],
              [
                178.3906356130001,
                -8.026543877999927
              ],
              [
                178.38054446700005,
                -8.07000090899993
              ]
            ]
          ],
          [
            [
              [
                176.1352645190001,
                -5.692803643999923
              ],
              [
                176.12525475400003,
                -5.679131768999923
              ],
              [
                176.1298934250001,
                -5.677504164999959
              ],
              [
                176.14039147200003,
                -5.68718840899993
              ],
              [
                176.1484481130001,
                -5.70671965899993
              ],
              [
                176.1352645190001,
                -5.692803643999923
              ]
            ]
          ],
          [
            [
              [
                176.31430097700002,
                -6.302341403999947
              ],
              [
                176.31918379,
                -6.289239190999922
              ],
              [
                176.32292728000004,
                -6.288832289999959
              ],
              [
                176.32243899800005,
                -6.295098565999922
              ],
              [
                176.31430097700002,
                -6.302341403999947
              ]
            ]
          ]
        ]
      }
    }
  ]
}