{
  "type": "FeatureCollection",
  "features": [
    {
      "type": "Feature",
      "geometry": {
        "type": "Polygon",
        "coordinates": [
          [
            [
              34.0726292,
              -1.0598252
            ],
            [
              34.0726286,
              -1.0598316
            ],
            [
              33.5794287,
              -1.506006
            ],
            [
              33.2517485,
              -1.957968
            ],
            [
              33.6471765,
              -2.3008928
            ],
            [
              33.0767204,
              -2.547131
            ],
            [
              32.9517668,
              -2.4304457
            ],
            [
              32.3730941,
              -2.4899252
            ],
            [
              31.9265581,
              -2.714511
            ],
            [
              31.6480221,
              -2.3292115
            ],
            [
              31.8360209,
              -1.6293059
            ],
            [
              31.8662,
              -1.0273788
            ],
            [
              31.8661974,
              -1.027359
            ],
            [
              31.86617,
              -1.02736
            ],
            [
              30.76986,
              -1.01455
            ],
            [
              30.4191049,
              -1.1346591
            ],
            [
              30.8161349,
              -1.6989141
            ],
            [
              30.758309,
              -2.2872503
            ],
            [
              30.46967,
              -2.41383
            ],
            [
              30.4696736,
              -2.4138548
            ],
            [
              30.52766,
              -2.80762
            ],
            [
              30.74301,
              -3.03431
            ],
            [
              30.75224,
              -3.35931
            ],
            [
              30.50554,
              -3.56858
            ],
            [
              30.11632,
              -4.09012
            ],
            [
              29.7535124,
              -4.4523894
            ],
            [
              29.6476907,
              -4.4645691
            ],
            [
              29.6000851,
              -4.8963933
            ],
            [
              29.7919597,
              -5.0408806
            ],
            [
              29.7584217,
              -5.4669011
            ],
            [
              29.9512264,
              -5.8609856
            ],
            [
              29.7220415,
              -6.2441147
            ],
            [
              30.5280388,
              -6.9227296
            ],
            [
              30.6041582,
              -7.5419166
            ],
            [
              31.1072583,
              -8.5638081
            ],
            [
              31.1577513,
              -8.5945787
            ],
            [
              31.5563481,
              -8.7620488
            ],
            [
              32.1918649,
              -8.930359
            ],
            [
              32.7593754,
              -9.2305991
            ],
            [
              33.73972,
              -9.41715
            ],
            [
              33.9387996,
              -9.6908716
            ],
            [
              33.9955791,
              -9.4954408
            ],
            [
              34.524229,
              -10.0301368
            ],
            [
              34.6078931,
              -11.080512
            ],
            [
              34.9370203,
              -11.4634343
            ],
            [
              34.9328343,
              -11.4799443
            ],
            [
              35.3123979,
              -11.4391464
            ],
            [
              36.5140817,
              -11.720938
            ],
            [
              36.775151,
              -11.5945374
            ],
            [
              37.47129,
              -11.56876
            ],
            [
              37.82764,
              -11.26879
            ],
            [
              38.4275566,
              -11.2852023
            ],
            [
              39.521,
              -10.89688
            ],
            [
              40.31659,
              -10.3171
            ],
            [
              40.3165862,
              -10.3170978
            ],
            [
              39.9496,
              -10.0984
            ],
            [
              39.53574,
              -9.11237
            ],
            [
              39.18652,
              -8.48551
            ],
            [
              39.25203,
              -8.00781
            ],
            [
              39.19469,
              -7.7039
            ],
            [
              39.47,
              -7.1
            ],
            [
              39.44,
              -6.84
            ],
            [
              38.79977,
              -6.47566
            ],
            [
              38.74054,
              -5.90895
            ],
            [
              39.20222,
              -4.67677
            ],
            [
              37.7669,
              -3.67712
            ],
            [
              37.69869,
              -3.09699
            ],
            [
              34.0726292,
              -1.0598252
            ]
          ]
        ]
      }
    }
  ]
}