{
  "type": "FeatureCollection",
  "features": [
    {
      "type": "Feature",
      "geometry": {
        "type": "Polygon",
        "coordinates": [
          [
            [
              31.7859924,
              52.1016776
            ],
            [
              30.9275493,
              52.0423534
            ],
            [
              30.6194544,
              51.8228061
            ],
            [
              30.5551172,
              51.3195035
            ],
            [
              30.1573637,
              51.4161384
            ],
            [
              29.2549382,
              51.3682344
            ],
            [
              28.9928353,
              51.6020444
            ],
            [
              28.6176127,
              51.4277139
            ],
            [
              28.241615,
              51.5722271
            ],
            [
              27.4540662,
              51.5923034
            ],
            [
              26.3379586,
              51.8322887
            ],
            [
              25.3277877,
              51.910656
            ],
            [
              24.5531063,
              51.888461
            ],
            [
              24.0050778,
              51.617444
            ],
            [
              23.5270708,
              51.5784541
            ],
            [
              24.0299858,
              50.7054066
            ],
            [
              23.9227572,
              50.4248811
            ],
            [
              23.4265084,
              50.3085058
            ],
            [
              22.5184501,
              49.4767736
            ],
            [
              22.7764189,
              49.0273953
            ],
            [
              22.5581376,
              49.085738
            ],
            [
              22.2808419,
              48.8253922
            ],
            [
              22.0856084,
              48.4222643
            ],
            [
              22.6408199,
              48.1502396
            ],
            [
              22.7105314,
              47.8821939
            ],
            [
              23.1422364,
              48.0963411
            ],
            [
              23.7609583,
              47.9855985
            ],
            [
              24.4020561,
              47.9818778
            ],
            [
              24.8663172,
              47.7375257
            ],
            [
              25.2077434,
              47.8910564
            ],
            [
              25.9459412,
              47.9871487
            ],
            [
              26.1974504,
              48.2208813
            ],
            [
              26.6193368,
              48.2207262
            ],
            [
              26.8578235,
              48.3682108
            ],
            [
              27.5225375,
              48.4671195
            ],
            [
              28.2595467,
              48.1555622
            ],
            [
              28.6708911,
              48.1181485
            ],
            [
              29.1226982,
              47.8490952
            ],
            [
              29.050868,
              47.510227
            ],
            [
              29.4151351,
              47.3466452
            ],
            [
              29.5596741,
              46.9285829
            ],
            [
              29.9088518,
              46.6743607
            ],
            [
              29.8382101,
              46.5253258
            ],
            [
              30.0246586,
              46.4239367
            ],
            [
              29.759972,
              46.3499877
            ],
            [
              29.1706539,
              46.3792624
            ],
            [
              29.072107,
              46.5176777
            ],
            [
              28.8629724,
              46.4378893
            ],
            [
              28.9337175,
              46.2588305
            ],
            [
              28.6599874,
              45.9399869
            ],
            [
              28.4852694,
              45.5969071
            ],
            [
              28.2335535,
              45.4882832
            ],
            [
              28.6797795,
              45.3040309
            ],
            [
              29.149725,
              45.4649254
            ],
            [
              29.603289,
              45.293308
            ],
            [
              30.3776087,
              46.0324102
            ],
            [
              30.7487488,
              46.5831001
            ],
            [
              31.6753072,
              46.706245
            ],
            [
              31.7441403,
              46.3333479
            ],
            [
              33.2985673,
              46.0805985
            ],
            [
              33.4359881,
              45.9719174
            ],
            [
              33.6994618,
              46.2195728
            ],
            [
              34.4104017,
              46.0051624
            ],
            [
              34.7320174,
              45.9656657
            ],
            [
              34.8617921,
              45.7681824
            ],
            [
              35.012659,
              45.7377252
            ],
            [
              34.9623417,
              46.2731965
            ],
            [
              35.8236845,
              46.6459645
            ],
            [
              36.7598548,
              46.6987003
            ],
            [
              37.4251372,
              47.0222206
            ],
            [
              38.223538,
              47.1021898
            ],
            [
              38.2551123,
              47.5464005
            ],
            [
              38.77057,
              47.82562
            ],
            [
              39.7382776,
              47.8989371
            ],
            [
              39.89562,
              48.23241
            ],
            [
              39.67465,
              48.78382
            ],
            [
              40.080789,
              49.3074299
            ],
            [
              40.06904,
              49.60105
            ],
            [
              38.5949882,
              49.9264619
            ],
            [
              38.0106311,
              49.9156615
            ],
            [
              37.3934595,
              50.3839534
            ],
            [
              36.6261678,
              50.2255909
            ],
            [
              35.3561162,
              50.5771974
            ],
            [
              35.37791,
              50.77394
            ],
            [
              35.0221831,
              51.2075723
            ],
            [
              34.2248157,
              51.2559932
            ],
            [
              34.1419784,
              51.5664135
            ],
            [
              34.3917306,
              51.7688817
            ],
            [
              33.7526998,
              52.3350746
            ],
            [
              32.7157605,
              52.2384655
            ],
            [
              32.4120581,
              52.288695
            ],
            [
              32.15944,
              52.06125
            ],
            [
              31.7859924,
              52.1016776
            ]
          ]
        ]
      }
    }
  ]
}