{
  "type": "FeatureCollection",
  "features": [
    {
      "type": "Feature",
      "geometry": {
        "type": "Polygon",
        "coordinates": [
          [
            [
              31.8661974,
              -1.027359
            ],
            [
              31.8151437,
              -0.6404257
            ],
            [
              32.2728418,
              -0.0561203
            ],
            [
              32.9061365,
              0.086765
            ],
            [
              33.331847,
              0.3249934
            ],
            [
              33.8503683,
              0.1281579
            ],
            [
              33.8940477,
              0.0597884
            ],
            [
              33.893569,
              0.1098135
            ],
            [
              34.18,
              0.515
            ],
            [
              34.6721,
              1.17694
            ],
            [
              35.03599,
              1.90584
            ],
            [
              34.59607,
              3.05374
            ],
            [
              34.47913,
              3.5556
            ],
            [
              34.005,
              4.2498849
            ],
            [
              33.39,
              3.79
            ],
            [
              32.68642,
              3.79232
            ],
            [
              31.88145,
              3.55827
            ],
            [
              31.24556,
              3.7819
            ],
            [
              30.8338524,
              3.5091716
            ],
            [
              30.8338599,
              3.509166
            ],
            [
              30.7733468,
              2.3398833
            ],
            [
              31.1741492,
              2.2044652
            ],
            [
              30.8526701,
              1.8493965
            ],
            [
              30.4685075,
              1.5838054
            ],
            [
              30.0861536,
              1.0623127
            ],
            [
              29.8757788,
              0.5973799
            ],
            [
              29.8195032,
              -0.2053102
            ],
            [
              29.5878378,
              -0.5874057
            ],
            [
              29.5794662,
              -1.3413132
            ],
            [
              29.8215186,
              -1.4433224
            ],
            [
              30.4191049,
              -1.1346591
            ],
            [
              30.76986,
              -1.01455
            ],
            [
              31.86617,
              -1.02736
            ],
            [
              31.8661974,
              -1.027359
            ]
          ]
        ]
      }
    }
  ]
}