{
  "type": "FeatureCollection",
  "features": [
    {
      "type": "Feature",
      "geometry": {
        "type": "MultiPolygon",
        "coordinates": [
          [
            [
              [
                -122.84,
                49.0
              ],
              [
                -122.5,
                48.18
              ],
              [
                -122.34,
                47.36
              ],
              [
                -122.58736,
                47.096
              ],
              [
                -123.12,
                48.04
              ],
              [
                -124.5661011,
                48.379715
              ],
              [
                -124.6872101,
                48.184433
              ],
              [
                -124.39567,
                47.72017
              ],
              [
                -124.079635,
                46.86475
              ],
              [
                -123.89893,
                45.52341
              ],
              [
                -124.020535,
                44.615895
              ],
              [
                -124.14214,
                43.70838
              ],
              [
                -124.53284,
                42.76599
              ],
              [
                -124.2137,
                41.99964
              ],
              [
                -124.17886,
                41.14202
              ],
              [
                -124.39807,
                40.3132
              ],
              [
                -123.86517,
                39.76699
              ],
              [
                -123.7272,
                38.95166
              ],
              [
                -122.95319,
                38.11371
              ],
              [
                -122.51201,
                37.78339
              ],
              [
                -122.54747,
                37.55176
              ],
              [
                -121.71457,
                36.16153
              ],
              [
                -120.74433,
                35.15686
              ],
              [
                -120.62286,
                34.60855
              ],
              [
                -120.36778,
                34.44711
              ],
              [
                -119.4388406,
                34.3484772
              ],
              [
                -119.081,
                34.078
              ],
              [
                -118.5198948,
                34.0277816
              ],
              [
                -118.4106023,
                33.7409092
              ],
              [
                -117.944,
                33.6212364
              ],
              [
                -117.2959377,
                33.0462246
              ],
              [
                -117.12776,
                32.53534
              ],
              [
                -115.99135,
                32.61239
              ],
              [
                -114.72139,
                32.72083
              ],
              [
                -114.815,
                32.52528
              ],
              [
                -113.30498,
                32.03914
              ],
              [
                -111.02361,
                31.33472
              ],
              [
                -109.035,
                31.34194
              ],
              [
                -108.24194,
                31.34222
              ],
              [
                -108.24,
                31.7548537
              ],
              [
                -106.50759,
                31.75452
              ],
              [
                -106.1429,
                31.39995
              ],
              [
                -105.63159,
                31.08383
              ],
              [
                -105.03737,
                30.64402
              ],
              [
                -104.70575,
                30.12173
              ],
              [
                -104.45697,
                29.57196
              ],
              [
                -103.94,
                29.27
              ],
              [
                -103.11,
                28.97
              ],
              [
                -102.48,
                29.76
              ],
              [
                -101.6624,
                29.7793
              ],
              [
                -100.9576,
                29.38071
              ],
              [
                -100.45584,
                28.69612
              ],
              [
                -100.11,
                28.11
              ],
              [
                -99.52,
                27.54
              ],
              [
                -99.3,
                26.84
              ],
              [
                -99.02,
                26.37
              ],
              [
                -98.24,
                26.06
              ],
              [
                -97.53,
                25.84
              ],
              [
                -97.14,
                25.87
              ],
              [
                -97.33,
                26.21
              ],
              [
                -97.38,
                26.69
              ],
              [
                -97.37,
                27.38
              ],
              [
                -97.14,
                27.83
              ],
              [
                -96.59404,
                28.30748
              ],
              [
                -95.60026,
                28.73863
              ],
              [
                -94.69,
                29.48
              ],
              [
                -93.84842,
                29.71363
              ],
              [
                -93.22637,
                29.78375
              ],
              [
                -92.49906,
                29.5523
              ],
              [
                -91.626785,
                29.677
              ],
              [
                -90.880225,
                29.148535
              ],
              [
                -90.15463,
                29.11743
              ],
              [
                -89.77928,
                29.30714
              ],
              [
                -89.40823,
                29.15961
              ],
              [
                -89.21767,
                29.29108
              ],
              [
                -89.43,
                29.48864
              ],
              [
                -89.413735,
                29.89419
              ],
              [
                -89.5938312,
                30.159994
              ],
              [
                -89.18049,
                30.31598
              ],
              [
                -88.41782,
                30.3849
              ],
              [
                -87.53036,
                30.27433
              ],
              [
                -86.4,
                30.4
              ],
              [
                -85.7731,
                30.15261
              ],
              [
                -85.28784,
                29.68612
              ],
              [
                -85.10882,
                29.63615
              ],
              [
                -84.1,
                30.09
              ],
              [
                -83.70959,
                29.93656
              ],
              [
                -82.93,
                29.1
              ],
              [
                -82.65,
                28.55
              ],
              [
                -82.85526,
                27.88624
              ],
              [
                -82.70515,
                27.49504
              ],
              [
                -82.24,
                26.73
              ],
              [
                -81.71,
                25.87
              ],
              [
                -81.33,
                25.64
              ],
              [
                -81.17213,
                25.20126
              ],
              [
                -80.68,
                25.08
              ],
              [
                -80.38103,
                25.20616
              ],
              [
                -80.13156,
                25.816775
              ],
              [
                -80.088015,
                26.205765
              ],
              [
                -80.0565393,
                26.88
              ],
              [
                -80.53,
                28.04
              ],
              [
                -80.535585,
                28.47213
              ],
              [
                -80.98,
                29.18
              ],
              [
                -81.31371,
                30.03552
              ],
              [
                -81.49042,
                30.72999
              ],
              [
                -81.33629,
                31.44049
              ],
              [
                -80.86498,
                32.0333
              ],
              [
                -80.301325,
                32.509355
              ],
              [
                -79.20357,
                33.15839
              ],
              [
                -79.06067,
                33.49395
              ],
              [
                -78.55435,
                33.86133
              ],
              [
                -78.05496,
                33.92547
              ],
              [
                -77.397635,
                34.51201
              ],
              [
                -76.36318,
                34.80854
              ],
              [
                -75.72749,
                35.55074
              ],
              [
                -75.86804,
                36.55125
              ],
              [
                -75.9718,
                36.89726
              ],
              [
                -76.25874,
                36.9664
              ],
              [
                -76.30162,
                37.917945
              ],
              [
                -76.9899979,
                38.2399918
              ],
              [
                -76.32933,
                38.08326
              ],
              [
                -76.542725,
                38.717615
              ],
              [
                -76.35,
                39.15
              ],
              [
                -76.23287,
                38.319215
              ],
              [
                -75.72205,
                37.93705
              ],
              [
                -76.03127,
                37.2566
              ],
              [
                -75.94023,
                37.21689
              ],
              [
                -75.37747,
                38.01551
              ],
              [
                -75.05673,
                38.40412
              ],
              [
                -75.0718348,
                38.7820322
              ],
              [
                -75.32,
                38.96
              ],
              [
                -75.52805,
                39.4985
              ],
              [
                -75.20002,
                39.24845
              ],
              [
                -74.98041,
                39.1964
              ],
              [
                -74.90604,
                38.93954
              ],
              [
                -74.17838,
                39.70926
              ],
              [
                -73.96244,
                40.42763
              ],
              [
                -74.25671,
                40.47351
              ],
              [
                -73.952325,
                40.75075
              ],
              [
                -73.982,
                40.628
              ],
              [
                -73.345,
                40.63
              ],
              [
                -71.945,
                40.93
              ],
              [
                -72.24126,
                41.11948
              ],
              [
                -73.71,
                40.9311024
              ],
              [
                -72.87643,
                41.22065
              ],
              [
                -72.295,
                41.27
              ],
              [
                -71.86,
                41.32
              ],
              [
                -71.12039,
                41.49445
              ],
              [
                -70.64,
                41.475
              ],
              [
                -69.96503,
                41.63717
              ],
              [
                -69.88497,
                41.92283
              ],
              [
                -70.185,
                42.145
              ],
              [
                -70.08,
                41.78
              ],
              [
                -70.495,
                41.805
              ],
              [
                -70.825,
                42.335
              ],
              [
                -70.81489,
                42.8653
              ],
              [
                -70.6454756,
                43.0902383
              ],
              [
                -70.11617,
                43.68405
              ],
              [
                -69.06,
                43.98
              ],
              [
                -68.03252,
                44.3252
              ],
              [
                -66.96466,
                44.8097
              ],
              [
                -67.13741,
                45.13753
              ],
              [
                -67.79134,
                45.70281
              ],
              [
                -67.79046,
                47.06636
              ],
              [
                -68.23444,
                47.35486
              ],
              [
                -68.905,
                47.185
              ],
              [
                -69.237216,
                47.447781
              ],
              [
                -69.99997,
                46.69307
              ],
              [
                -70.305,
                45.915
              ],
              [
                -70.66,
                45.46
              ],
              [
                -71.08482,
                45.30524
              ],
              [
                -71.405,
                45.255
              ],
              [
                -71.50506,
                45.0082
              ],
              [
                -73.34783,
                45.00738
              ],
              [
                -74.867,
                45.00048
              ],
              [
                -75.31821,
                44.81645
              ],
              [
                -76.3416148,
                44.1190601
              ],
              [
                -76.2392686,
                43.9791505
              ],
              [
                -76.1799957,
                43.5900011
              ],
              [
                -76.9300016,
                43.2599954
              ],
              [
                -77.7491506,
                43.3428328
              ],
              [
                -78.5349941,
                43.3799881
              ],
              [
                -79.0087015,
                43.2655996
              ],
              [
                -78.92,
                42.965
              ],
              [
                -78.9200045,
                42.9649763
              ],
              [
                -78.900579,
                42.8667119
              ],
              [
                -79.762206,
                42.2696166
              ],
              [
                -80.5164493,
                41.9803319
              ],
              [
                -81.0311983,
                41.8455081
              ],
              [
                -81.6235136,
                41.5689359
              ],
              [
                -82.3474487,
                41.4359207
              ],
              [
                -82.8461004,
                41.4871062
              ],
              [
                -83.4628328,
                41.693967
              ],
              [
                -83.1200114,
                42.0800158
              ],
              [
                -83.1199915,
                42.0800135
              ],
              [
                -82.9,
                42.43
              ],
              [
                -82.43,
                42.98
              ],
              [
                -82.4299911,
                42.980018
              ],
              [
                -82.4300018,
                42.9800125
              ],
              [
                -82.4799987,
                43.3900133
              ],
              [
                -82.6599878,
                43.9700038
              ],
              [
                -83.029991,
                44.0699977
              ],
              [
                -83.6500048,
                43.6299987
              ],
              [
                -83.8487007,
                43.6383186
              ],
              [
                -83.8999896,
                43.8899828
              ],
              [
                -83.3499973,
                44.2900101
              ],
              [
                -83.2587884,
                44.7457445
              ],
              [
                -83.3399979,
                45.2000062
              ],
              [
                -84.0800044,
                45.5899824
              ],
              [
                -84.9300042,
                45.789996
              ],
              [
                -85.0699957,
                45.4099934
              ],
              [
                -85.2904474,
                45.3082425
              ],
              [
                -85.4671032,
                44.8145775
              ],
              [
                -85.5599916,
                45.1500093
              ],
              [
                -85.959838,
                44.9105924
              ],
              [
                -86.2093577,
                44.5747989
              ],
              [
                -86.470272,
                44.0842345
              ],
              [
                -86.5200105,
                43.6599969
              ],
              [
                -86.1884287,
                43.0414041
              ],
              [
                -86.2160498,
                42.3817028
              ],
              [
                -86.6219165,
                41.8944199
              ],
              [
                -86.8244364,
                41.7561854
              ],
              [
                -87.0944458,
                41.6461663
              ],
              [
                -87.4342183,
                41.6407144
              ],
              [
                -87.5261765,
                41.7085139
              ],
              [
                -87.795695,
                42.2341149
              ],
              [
                -87.8034464,
                42.4939957
              ],
              [
                -87.7767297,
                42.740854
              ],
              [
                -87.9021484,
                43.230514
              ],
              [
                -87.7122117,
                43.7965001
              ],
              [
                -87.4863598,
                44.4933568
              ],
              [
                -86.9674768,
                45.2628706
              ],
              [
                -87.1180619,
                45.2593308
              ],
              [
                -87.8528232,
                44.6150548
              ],
              [
                -87.9883189,
                44.7333164
              ],
              [
                -87.5964306,
                45.0937078
              ],
              [
                -87.0000071,
                45.7399991
              ],
              [
                -86.3199969,
                45.8299936
              ],
              [
                -85.5399928,
                46.0300072
              ],
              [
                -84.7535551,
                45.924484
              ],
              [
                -84.7199912,
                45.9199881
              ],
              [
                -83.8391923,
                46.0102152
              ],
              [
                -84.3367071,
                46.4087696
              ],
              [
                -84.3367058,
                46.4087707
              ],
              [
                -84.6049,
                46.4396
              ],
              [
                -84.6041131,
                46.440875
              ],
              [
                -84.6049078,
                46.4395946
              ],
              [
                -84.9100055,
                46.4800056
              ],
              [
                -85.1199926,
                46.7600143
              ],
              [
                -86.10262,
                46.6726553
              ],
              [
                -86.9900077,
                46.4500074
              ],
              [
                -87.69428,
                46.8310436
              ],
              [
                -88.2612221,
                46.958581
              ],
              [
                -87.9399239,
                47.4859132
              ],
              [
                -88.822609,
                47.1547965
              ],
              [
                -89.624989,
                46.8308369
              ],
              [
                -90.3970349,
                46.5764855
              ],
              [
                -91.0099949,
                46.9200046
              ],
              [
                -92.0119234,
                46.711671
              ],
              [
                -92.0087711,
                46.8584321
              ],
              [
                -91.3300012,
                47.2800084
              ],
              [
                -90.6199928,
                47.6800099
              ],
              [
                -89.6000034,
                48.0099897
              ],
              [
                -89.5999927,
                48.0100002
              ],
              [
                -89.6,
                48.01
              ],
              [
                -90.83,
                48.27
              ],
              [
                -91.64,
                48.14
              ],
              [
                -92.61,
                48.45
              ],
              [
                -93.63087,
                48.60926
              ],
              [
                -94.32914,
                48.67074
              ],
              [
                -94.64,
                48.84
              ],
              [
                -94.81758,
                49.38905
              ],
              [
                -95.15609,
                49.38425
              ],
              [
                -95.1590695,
                49.0
              ],
              [
                -97.22872,
                49.0007
              ],
              [
                -100.65,
                49.0
              ],
              [
                -104.04826,
                48.99986
              ],
              [
                -107.05,
                49.0
              ],
              [
                -110.05,
                49.0
              ],
              [
                -113.0,
                49.0
              ],
              [
                -116.04818,
                49.0
              ],
              [
                -117.03121,
                49.0
              ],
              [
                -120.0,
                49.0
              ],
              [
                -122.84,
                49.0
              ]
            ]
          ],
          [
            [
              [
                -140.9859876,
                69.7119984
              ],
              [
                -140.9859875,
                69.7119984
              ],
              [
                -142.0725103,
                69.8519382
              ],
              [
                -143.5894462,
                70.1525141
              ],
              [
                -144.920011,
                69.9899918
              ],
              [
                -145.6899898,
                70.1200097
              ],
              [
                -147.6133616,
                70.2140349
              ],
              [
                -149.720003,
                70.5300105
              ],
              [
                -150.7399924,
                70.4300166
              ],
              [
                -152.2700024,
                70.6000062
              ],
              [
                -152.2100061,
                70.8299922
              ],
              [
                -153.9000063,
                70.8899885
              ],
              [
                -154.3441652,
                70.6964086
              ],
              [
                -155.0677903,
                71.1477764
              ],
              [
                -156.5808246,
                71.3577636
              ],
              [
                -158.1197229,
                70.8247212
              ],
              [
                -159.0391758,
                70.8916422
              ],
              [
                -160.9347965,
                70.4476899
              ],
              [
                -161.9088973,
                70.33333
              ],
              [
                -162.9305662,
                69.8580618
              ],
              [
                -163.1686137,
                69.3711148
              ],
              [
                -164.4308105,
                68.9155354
              ],
              [
                -166.2047074,
                68.8830309
              ],
              [
                -166.7644407,
                68.3588769
              ],
              [
                -165.3902868,
                68.0427721
              ],
              [
                -164.4309914,
                67.6163382
              ],
              [
                -163.719717,
                67.1163946
              ],
              [
                -162.4897145,
                66.7355651
              ],
              [
                -161.6777744,
                66.1161197
              ],
              [
                -163.7886017,
                66.0772073
              ],
              [
                -163.6525118,
                66.5766601
              ],
              [
                -164.4747096,
                66.5766601
              ],
              [
                -166.7052712,
                66.0883178
              ],
              [
                -168.1105601,
                65.6699971
              ],
              [
                -166.8450042,
                65.0888956
              ],
              [
                -166.4252883,
                64.6866721
              ],
              [
                -164.9608298,
                64.4469451
              ],
              [
                -163.5463942,
                64.5591605
              ],
              [
                -162.757786,
                64.3386055
              ],
              [
                -162.4530501,
                64.5594447
              ],
              [
                -161.3919262,
                64.777235
              ],
              [
                -160.7777777,
                64.7886038
              ],
              [
                -161.5180684,
                64.4027876
              ],
              [
                -160.9583351,
                64.2227986
              ],
              [
                -160.7725067,
                63.7661081
              ],
              [
                -161.5344498,
                63.455817
              ],
              [
                -162.2605554,
                63.5419357
              ],
              [
                -163.0672245,
                63.0594587
              ],
              [
                -163.7533325,
                63.219449
              ],
              [
                -164.5625079,
                63.1463785
              ],
              [
                -164.9191786,
                62.6330765
              ],
              [
                -165.7344519,
                62.0749969
              ],
              [
                -166.1213792,
                61.500019
              ],
              [
                -165.3508319,
                61.0738952
              ],
              [
                -165.3463877,
                60.5074956
              ],
              [
                -164.6622176,
                60.2674844
              ],
              [
                -163.8183414,
                59.7980557
              ],
              [
                -162.518059,
                59.9897236
              ],
              [
                -161.8741707,
                59.6336213
              ],
              [
                -162.0549865,
                59.2669254
              ],
              [
                -161.9688936,
                58.6716645
              ],
              [
                -161.3550034,
                58.6708377
              ],
              [
                -160.3552712,
                59.0711234
              ],
              [
                -159.9812888,
                58.5725491
              ],
              [
                -159.711667,
                58.9313903
              ],
              [
                -159.0586061,
                58.4241861
              ],
              [
                -158.517218,
                58.7877815
              ],
              [
                -158.1947312,
                58.6158023
              ],
              [
                -157.041675,
                58.9188846
              ],
              [
                -157.5502744,
                58.3283263
              ],
              [
                -157.7227704,
                57.5700005
              ],
              [
                -158.4610974,
                57.2169213
              ],
              [
                -158.6844429,
                57.0166751
              ],
              [
                -160.0705599,
                56.4180553
              ],
              [
                -160.5636047,
                56.0080545
              ],
              [
                -161.804175,
                55.8949865
              ],
              [
                -162.8700014,
                55.3480431
              ],
              [
                -163.8483396,
                55.0394315
              ],
              [
                -164.9422263,
                54.5722248
              ],
              [
                -164.7855692,
                54.4041731
              ],
              [
                -163.0694466,
                54.689737
              ],
              [
                -162.2377661,
                55.0241869
              ],
              [
                -161.2230477,
                55.3647346
              ],
              [
                -160.2897196,
                55.6435806
              ],
              [
                -159.6033274,
                55.5666861
              ],
              [
                -158.4333213,
                55.9941536
              ],
              [
                -158.1172166,
                56.4636081
              ],
              [
                -156.5560974,
                56.9799848
              ],
              [
                -156.3083347,
                57.4227744
              ],
              [
                -155.3074914,
                57.7277945
              ],
              [
                -154.2324924,
                58.1463736
              ],
              [
                -153.2875114,
                58.8647277
              ],
              [
                -154.0191721,
                59.3502794
              ],
              [
                -152.5783298,
                60.0616572
              ],
              [
                -151.8958392,
                60.727198
              ],
              [
                -150.6211108,
                61.284425
              ],
              [
                -150.3469415,
                61.0335876
              ],
              [
                -151.409719,
                60.7258027
              ],
              [
                -151.8594332,
                59.744984
              ],
              [
                -151.7163928,
                59.155821
              ],
              [
                -150.6082434,
                59.3682112
              ],
              [
                -149.7278578,
                59.7056583
              ],
              [
                -148.5708225,
                59.9141727
              ],
              [
                -148.0180656,
                59.978329
              ],
              [
                -148.2243062,
                60.6729894
              ],
              [
                -147.1143739,
                60.8846561
              ],
              [
                -145.9255568,
                60.4586097
              ],
              [
                -143.958881,
                59.9991804
              ],
              [
                -142.5744435,
                60.0844465
              ],
              [
                -140.8252738,
                59.7275174
              ],
              [
                -139.867787,
                59.5377615
              ],
              [
                -137.8000063,
                58.4999954
              ],
              [
                -136.6280623,
                58.2122094
              ],
              [
                -135.038211,
                58.1877147
              ],
              [
                -134.0780629,
                58.1230675
              ],
              [
                -133.5391811,
                57.1788874
              ],
              [
                -132.2500107,
                56.3699962
              ],
              [
                -131.9672115,
                55.4977756
              ],
              [
                -131.0858182,
                55.1789062
              ],
              [
                -130.5361102,
                54.8027534
              ],
              [
                -130.536109,
                54.8027545
              ],
              [
                -130.53611,
                54.80278
              ],
              [
                -129.98,
                55.285
              ],
              [
                -130.00778,
                55.91583
              ],
              [
                -131.70781,
                56.55212
              ],
              [
                -132.73042,
                57.69289
              ],
              [
                -133.35556,
                58.41028
              ],
              [
                -134.27111,
                58.86111
              ],
              [
                -134.945,
                59.27056
              ],
              [
                -135.47583,
                59.78778
              ],
              [
                -136.47972,
                59.46389
              ],
              [
                -137.4525,
                58.905
              ],
              [
                -138.34089,
                59.56211
              ],
              [
                -139.039,
                60.0
              ],
              [
                -140.013,
                60.27682
              ],
              [
                -140.99778,
                60.30639
              ],
              [
                -140.9925,
                66.00003
              ],
              [
                -140.986,
                69.712
              ],
              [
                -140.9859876,
                69.7119984
              ]
            ]
          ],
          [
            [
              [
                -155.40214,
                20.07975
              ],
              [
                -155.78505,
                20.2487
              ],
              [
                -155.86108,
                20.26721
              ],
              [
                -155.91907,
                20.17395
              ],
              [
                -155.85008,
                19.97729
              ],
              [
                -156.02368,
                19.81422
              ],
              [
                -156.07347,
                19.70294
              ],
              [
                -155.90806,
                19.33888
              ],
              [
                -155.93665,
                19.05939
              ],
              [
                -155.68817,
                18.91619
              ],
              [
                -155.54211,
                19.08348
              ],
              [
                -155.22217,
                19.23972
              ],
              [
                -154.83147,
                19.45328
              ],
              [
                -154.80741,
                19.50871
              ],
              [
                -155.06226,
                19.8591
              ],
              [
                -155.22452,
                19.99302
              ],
              [
                -155.40214,
                20.07975
              ]
            ]
          ],
          [
            [
              [
                -171.7316569,
                63.7825154
              ],
              [
                -171.7911106,
                63.4058459
              ],
              [
                -171.5530631,
                63.3177892
              ],
              [
                -170.6713857,
                63.3758218
              ],
              [
                -170.2905562,
                63.1944376
              ],
              [
                -169.5294399,
                62.9769315
              ],
              [
                -168.7719409,
                63.1885981
              ],
              [
                -168.6894395,
                63.2975062
              ],
              [
                -169.6825055,
                63.4311156
              ],
              [
                -170.4911124,
                63.6949755
              ],
              [
                -171.1144336,
                63.5921911
              ],
              [
                -171.7316569,
                63.7825154
              ]
            ]
          ],
          [
            [
              [
                -155.99566,
                20.76404
              ],
              [
                -156.25711,
                20.91745
              ],
              [
                -156.61258,
                21.01249
              ],
              [
                -156.71055,
                20.92676
              ],
              [
                -156.70167,
                20.8643
              ],
              [
                -156.58673,
                20.783
              ],
              [
                -156.41445,
                20.57241
              ],
              [
                -156.07926,
                20.64397
              ],
              [
                -155.99566,
                20.76404
              ]
            ]
          ],
          [
            [
              [
                -158.0252,
                21.71696
              ],
              [
                -158.29265,
                21.57912
              ],
              [
                -158.2538,
                21.53919
              ],
              [
                -158.12667,
                21.31244
              ],
              [
                -157.7786,
                21.27729
              ],
              [
                -157.70703,
                21.26442
              ],
              [
                -157.65283,
                21.32217
              ],
              [
                -157.94161,
                21.65272
              ],
              [
                -158.0252,
                21.71696
              ]
            ]
          ],
          [
            [
              [
                -153.2287294,
                57.9689684
              ],
              [
                -153.7627795,
                57.8165746
              ],
              [
                -154.6709928,
                57.4611958
              ],
              [
                -154.5164028,
                56.9927489
              ],
              [
                -154.0050903,
                56.7346768
              ],
              [
                -153.0063141,
                57.1158422
              ],
              [
                -152.1411472,
                57.5910587
              ],
              [
                -152.5647906,
                57.9014273
              ],
              [
                -153.2287294,
                57.9689684
              ]
            ]
          ],
          [
            [
              [
                -159.36569,
                22.21494
              ],
              [
                -159.5962,
                22.23618
              ],
              [
                -159.74877,
                22.1382
              ],
              [
                -159.80051,
                22.06533
              ],
              [
                -159.46372,
                21.88299
              ],
              [
                -159.34512,
                21.982
              ],
              [
                -159.36569,
                22.21494
              ]
            ]
          ],
          [
            [
              [
                -166.4677921,
                60.3841698
              ],
              [
                -167.4552771,
                60.2130692
              ],
              [
                -166.8483374,
                59.9414062
              ],
              [
                -166.1927701,
                59.7544408
              ],
              [
                -165.5791642,
                59.9099869
              ],
              [
                -165.6744297,
                60.2936069
              ],
              [
                -166.4677921,
                60.3841698
              ]
            ]
          ],
          [
            [
              [
                -156.75824,
                21.17684
              ],
              [
                -157.25027,
                21.21958
              ],
              [
                -157.32521,
                21.09777
              ],
              [
                -156.78933,
                21.06873
              ],
              [
                -156.75824,
                21.17684
              ]
            ]
          ]
        ]
      }
    }
  ]
}