{
  "type": "FeatureCollection",
  "features": [
    {
      "type": "Feature",
      "geometry": {
        "type": "Polygon",
        "coordinates": [
          [
            [
              -57.6251334,
              -30.2162949
            ],
            [
              -57.8749373,
              -31.0165561
            ],
            [
              -58.1424404,
              -32.0445037
            ],
            [
              -58.1326477,
              -33.0405669
            ],
            [
              -58.3496112,
              -33.263189
            ],
            [
              -58.4270741,
              -33.9094544
            ],
            [
              -57.8178607,
              -34.4625473
            ],
            [
              -57.139685,
              -34.4304562
            ],
            [
              -56.215297,
              -34.8598357
            ],
            [
              -55.6740897,
              -34.7526588
            ],
            [
              -54.9358661,
              -34.9526466
            ],
            [
              -53.806426,
              -34.3968149
            ],
            [
              -53.3736617,
              -33.7683778
            ],
            [
              -53.650544,
              -33.2020041
            ],
            [
              -53.209589,
              -32.7276661
            ],
            [
              -53.7879516,
              -32.0472425
            ],
            [
              -54.5724515,
              -31.4945114
            ],
            [
              -55.6015102,
              -30.8538787
            ],
            [
              -55.9732446,
              -30.8830759
            ],
            [
              -56.9760258,
              -30.1096864
            ],
            [
              -57.6251334,
              -30.2162949
            ]
          ]
        ]
      }
    }
  ]
}