{
  "type": "FeatureCollection",
  "features": [
    {
      "type": "Feature",
      "geometry": {
        "type": "Polygon",
        "coordinates": [
          [
            [
              55.9681914,
              41.3086417
            ],
            [
              57.0963912,
              41.3223101
            ],
            [
              56.9322152,
              41.8260261
            ],
            [
              57.78653,
              42.1705529
            ],
            [
              58.6290109,
              42.751551
            ],
            [
              59.9764222,
              42.223082
            ],
            [
              60.0833407,
              41.4251462
            ],
            [
              60.465953,
              41.2203266
            ],
            [
              61.547179,
              41.2663703
            ],
            [
              61.8827141,
              41.0848569
            ],
            [
              62.3742603,
              40.0538862
            ],
            [
              63.5180148,
              39.3632565
            ],
            [
              64.170223,
              38.8924067
            ],
            [
              65.215999,
              38.402695
            ],
            [
              66.5461503,
              37.974685
            ],
            [
              66.5186068,
              37.3627843
            ],
            [
              67.0757821,
              37.3561439
            ],
            [
              67.8299996,
              37.144994
            ],
            [
              68.3920325,
              38.1570253
            ],
            [
              68.176025,
              38.9015535
            ],
            [
              67.4422197,
              39.1401435
            ],
            [
              67.7014287,
              39.5804784
            ],
            [
              68.5364165,
              39.5334529
            ],
            [
              69.0116329,
              40.0861581
            ],
            [
              69.3294947,
              40.7278244
            ],
            [
              70.6666223,
              40.9602133
            ],
            [
              70.4581596,
              40.4964949
            ],
            [
              70.6014067,
              40.2185273
            ],
            [
              71.014198,
              40.2443655
            ],
            [
              71.7748751,
              40.1458444
            ],
            [
              73.0554171,
              40.866033
            ],
            [
              71.8701148,
              41.3929001
            ],
            [
              71.1578585,
              41.1435871
            ],
            [
              70.4200224,
              41.5199983
            ],
            [
              71.2592477,
              42.1677107
            ],
            [
              70.9623149,
              42.2661543
            ],
            [
              70.3889649,
              42.0813077
            ],
            [
              69.0700273,
              41.3842443
            ],
            [
              68.6324829,
              40.6686807
            ],
            [
              68.2598959,
              40.6623245
            ],
            [
              67.9858557,
              41.1359907
            ],
            [
              66.7140471,
              41.1684435
            ],
            [
              66.5106486,
              41.9876442
            ],
            [
              66.0233916,
              41.9946463
            ],
            [
              66.0980123,
              42.99766
            ],
            [
              64.9008244,
              43.7280806
            ],
            [
              63.185787,
              43.650075
            ],
            [
              62.0133004,
              43.5044766
            ],
            [
              61.0583199,
              44.405817
            ],
            [
              60.239972,
              44.7840368
            ],
            [
              58.689989,
              45.5000137
            ],
            [
              58.5031271,
              45.5868043
            ],
            [
              55.9289173,
              44.9958585
            ],
            [
              55.9681914,
              41.3086417
            ]
          ]
        ]
      }
    }
  ]
}