{
  "type": "FeatureCollection",
  "name": "VA",
  "features": [
    {
      "type": "Feature",
      "geometry": {
        "type": "MultiPolygon",
        "coordinates": [
          [
            [
              [
                12.439160156250011,
                41.898388671875
              ],
              [
                12.430566406250023,
                41.89755859375
              ],
              [
                12.427539062500017,
                41.900732421875
              ],
              [
                12.430566406250023,
                41.90546875
              ],
              [
                12.438378906250023,
                41.906201171875
              ],
              [
                12.439160156250011,
                41.898388671875
              ]
            ]
          ]
        ]
      }
    }
  ]
}