{
  "type": "FeatureCollection",
  "name": "VC",
  "features": [
    {
      "type": "Feature",
      "geometry": {
        "type": "MultiPolygon",
        "coordinates": [
          [
            [
              [
                -61.16734778599994,
                13.146063544000071
              ],
              [
                -61.185210740999935,
                13.132513739000046
              ],
              [
                -61.210194464999915,
                13.144191799000055
              ],
              [
                -61.27135169199994,
                13.18650950700004
              ],
              [
                -61.279367641999954,
                13.21588776200008
              ],
              [
                -61.2766820949999,
                13.24990469000005
              ],
              [
                -61.262928839999915,
                13.27643463700008
              ],
              [
                -61.26553300699993,
                13.280218817000048
              ],
              [
                -61.270375128999945,
                13.29010651200008
              ],
              [
                -61.243397589999915,
                13.29437897300005
              ],
              [
                -61.23184160099993,
                13.316961981000077
              ],
              [
                -61.22496497299994,
                13.345770575000074
              ],
              [
                -61.21202551999994,
                13.368882554000038
              ],
              [
                -61.19912675699993,
                13.377020575000074
              ],
              [
                -61.18712317599994,
                13.380438544000071
              ],
              [
                -61.17638098899994,
                13.38076406500005
              ],
              [
                -61.151234503999945,
                13.376776434000078
              ],
              [
                -61.14403235599991,
                13.37409088700008
              ],
              [
                -61.14004472599993,
                13.367377020000049
              ],
              [
                -61.13377844999991,
                13.352769273000092
              ],
              [
                -61.123931443999936,
                13.308254299000055
              ],
              [
                -61.12441972599993,
                13.246975002000056
              ],
              [
                -61.1380102199999,
                13.186916408000059
              ],
              [
                -61.16734778599994,
                13.146063544000071
              ]
            ]
          ],
          [
            [
              [
                -61.19399980399993,
                13.036851304000038
              ],
              [
                -61.2083227199999,
                13.023260809000078
              ],
              [
                -61.22642981699994,
                12.99315013200004
              ],
              [
                -61.24242102799991,
                12.982245184000078
              ],
              [
                -61.23497473899994,
                12.982245184000078
              ],
              [
                -61.24242102799991,
                12.974798895000049
              ],
              [
                -61.24754798099991,
                12.982123114000046
              ],
              [
                -61.25548255099994,
                12.986721096000053
              ],
              [
                -61.265614386999914,
                12.988714911000045
              ],
              [
                -61.27721106699994,
                12.988470770000049
              ],
              [
                -61.27721106699994,
                12.995917059000078
              ],
              [
                -61.26231848899994,
                12.991359768000052
              ],
              [
                -61.23961341099994,
                12.995794989000046
              ],
              [
                -61.2395727199999,
                13.003851630000042
              ],
              [
                -61.246205206999946,
                13.011216539000088
              ],
              [
                -61.249256964999915,
                13.01634349200009
              ],
              [
                -61.24095618399991,
                13.024237372000073
              ],
              [
                -61.21312415299991,
                13.041815497000073
              ],
              [
                -61.20148678299995,
                13.051174221000053
              ],
              [
                -61.200062628999945,
                13.047308661000045
              ],
              [
                -61.19961503799993,
                13.04368724200009
              ],
              [
                -61.19823157499991,
                13.040228583000044
              ],
              [
                -61.19399980399993,
                13.036851304000038
              ]
            ]
          ],
          [
            [
              [
                -61.31940670499995,
                12.733791408000059
              ],
              [
                -61.31631425699993,
                12.730047919000071
              ],
              [
                -61.31436113199993,
                12.720892645000049
              ],
              [
                -61.31969153599994,
                12.71393463700008
              ],
              [
                -61.3255102199999,
                12.708197333000044
              ],
              [
                -61.32835852799991,
                12.69944896000004
              ],
              [
                -61.33389238199993,
                12.69358958500004
              ],
              [
                -61.34410559799994,
                12.693060614000046
              ],
              [
                -61.35309811099995,
                12.696478583000044
              ],
              [
                -61.35065670499995,
                12.69953034100007
              ],
              [
                -61.33926347599993,
                12.701971747000073
              ],
              [
                -61.333973761999914,
                12.708563544000071
              ],
              [
                -61.33584550699993,
                12.71743398600006
              ],
              [
                -61.33535722599993,
                12.72719961100006
              ],
              [
                -61.32632402299993,
                12.73314036700009
              ],
              [
                -61.31940670499995,
                12.733791408000059
              ]
            ]
          ],
          [
            [
              [
                -61.441395636999914,
                12.607896226000037
              ],
              [
                -61.429351365999935,
                12.600490627000056
              ],
              [
                -61.426625128999945,
                12.591864325000074
              ],
              [
                -61.43272864499994,
                12.587836005000042
              ],
              [
                -61.44322669199994,
                12.585150458000044
              ],
              [
                -61.455922003999945,
                12.586086330000057
              ],
              [
                -61.459828253999945,
                12.591457424000055
              ],
              [
                -61.45567786399994,
                12.596584377000056
              ],
              [
                -61.45466061099995,
                12.600775458000044
              ],
              [
                -61.45677649599992,
                12.604437567000048
              ],
              [
                -61.45555579299992,
                12.607082424000055
              ],
              [
                -61.44831295499995,
                12.609930731000077
              ],
              [
                -61.441395636999914,
                12.607896226000037
              ]
            ]
          ],
          [
            [
              [
                -61.19176184799994,
                12.86823151200008
              ],
              [
                -61.18317623599995,
                12.883490302000041
              ],
              [
                -61.17495683499993,
                12.881781317000048
              ],
              [
                -61.183583136999914,
                12.862005927000041
              ],
              [
                -61.187611456999946,
                12.856390692000048
              ],
              [
                -61.19082597599993,
                12.855861721000053
              ],
              [
                -61.19176184799994,
                12.86823151200008
              ]
            ]
          ]
        ]
      }
    }
  ]
}