{
  "type": "FeatureCollection",
  "features": [
    {
      "type": "Feature",
      "geometry": {
        "type": "Polygon",
        "coordinates": [
          [
            [
              -60.7335742,
              5.2002772
            ],
            [
              -61.4103029,
              5.9590681
            ],
            [
              -61.139415,
              6.2342968
            ],
            [
              -61.1593363,
              6.6960774
            ],
            [
              -60.5439992,
              6.8565844
            ],
            [
              -60.2956681,
              7.0439114
            ],
            [
              -60.6379728,
              7.4149999
            ],
            [
              -60.5505879,
              7.779603
            ],
            [
              -59.7582849,
              8.3670348
            ],
            [
              -60.1500956,
              8.6027569
            ],
            [
              -60.6712524,
              8.5801743
            ],
            [
              -60.8305967,
              9.3813398
            ],
            [
              -61.5887675,
              9.8730669
            ],
            [
              -62.3885119,
              9.9482045
            ],
            [
              -62.730119,
              10.4202687
            ],
            [
              -61.880946,
              10.7156253
            ],
            [
              -63.0793225,
              10.7017244
            ],
            [
              -64.3180066,
              10.641418
            ],
            [
              -64.3294787,
              10.3895987
            ],
            [
              -64.8904522,
              10.0772147
            ],
            [
              -65.6552376,
              10.2007989
            ],
            [
              -66.2278641,
              10.6486268
            ],
            [
              -67.2962485,
              10.5458682
            ],
            [
              -68.1941266,
              10.5546532
            ],
            [
              -68.2332715,
              10.8857441
            ],
            [
              -68.8829992,
              11.4433845
            ],
            [
              -69.5843001,
              11.4596109
            ],
            [
              -69.9432446,
              12.162307
            ],
            [
              -70.2938433,
              11.8468224
            ],
            [
              -70.1552988,
              11.3754817
            ],
            [
              -71.4006233,
              10.968969
            ],
            [
              -71.3500838,
              10.2119351
            ],
            [
              -71.0399994,
              9.8599928
            ],
            [
              -71.2645593,
              9.1371945
            ],
            [
              -71.6956441,
              9.0722631
            ],
            [
              -72.074174,
              9.8656514
            ],
            [
              -71.6330639,
              10.4464945
            ],
            [
              -71.6208683,
              10.9694599
            ],
            [
              -71.9470499,
              11.4232824
            ],
            [
              -71.3600057,
              11.5399936
            ],
            [
              -71.3315836,
              11.7762841
            ],
            [
              -71.9739217,
              11.6086716
            ],
            [
              -72.2275754,
              11.1087021
            ],
            [
              -72.6146578,
              10.8219754
            ],
            [
              -72.905286,
              10.4503443
            ],
            [
              -73.0276041,
              9.7367703
            ],
            [
              -73.3049515,
              9.1519998
            ],
            [
              -72.7887298,
              9.0850272
            ],
            [
              -72.6604948,
              8.6252878
            ],
            [
              -72.4398622,
              8.4052754
            ],
            [
              -72.3609006,
              8.0026385
            ],
            [
              -72.4796789,
              7.632506
            ],
            [
              -72.4444873,
              7.4237849
            ],
            [
              -72.1983524,
              7.3404308
            ],
            [
              -71.9601757,
              6.9916149
            ],
            [
              -70.6742336,
              7.0877847
            ],
            [
              -70.093313,
              6.9603765
            ],
            [
              -69.3894799,
              6.0998605
            ],
            [
              -68.9853186,
              6.2068049
            ],
            [
              -68.2650525,
              6.1532681
            ],
            [
              -67.6950872,
              6.267318
            ],
            [
              -67.3414396,
              6.095468
            ],
            [
              -67.5215319,
              5.5568704
            ],
            [
              -67.7446966,
              5.2211286
            ],
            [
              -67.8230123,
              4.5039373
            ],
            [
              -67.6218359,
              3.8394817
            ],
            [
              -67.3375638,
              3.5423422
            ],
            [
              -67.3031732,
              3.3184541
            ],
            [
              -67.8099381,
              2.820655
            ],
            [
              -67.447092,
              2.6002809
            ],
            [
              -67.1812943,
              2.2506381
            ],
            [
              -66.8763259,
              1.2533605
            ],
            [
              -66.3257651,
              0.7244522
            ],
            [
              -65.5482674,
              0.7892545
            ],
            [
              -65.3547133,
              1.0952823
            ],
            [
              -64.6110119,
              1.3287306
            ],
            [
              -64.1993058,
              1.4928549
            ],
            [
              -64.0830855,
              1.9163691
            ],
            [
              -63.368788,
              2.2008996
            ],
            [
              -63.4228674,
              2.4110676
            ],
            [
              -64.2699992,
              2.4970055
            ],
            [
              -64.4088279,
              3.1267862
            ],
            [
              -64.3684944,
              3.7972104
            ],
            [
              -64.816064,
              4.0564452
            ],
            [
              -64.6286594,
              4.1484809
            ],
            [
              -63.8883429,
              4.0205301
            ],
            [
              -63.0931976,
              3.7705712
            ],
            [
              -62.804533,
              4.006965
            ],
            [
              -62.0854297,
              4.1621235
            ],
            [
              -60.9668933,
              4.5364676
            ],
            [
              -60.6011792,
              4.918098
            ],
            [
              -60.7335742,
              5.2002772
            ]
          ]
        ]
      }
    }
  ]
}