{
  "type": "FeatureCollection",
  "features": [
    {
      "type": "Feature",
      "geometry": {
        "type": "Polygon",
        "coordinates": [
          [
            [
              104.3343348,
              10.4865437
            ],
            [
              105.0762016,
              9.9184905
            ],
            [
              104.7951852,
              9.2410383
            ],
            [
              105.1582638,
              8.5997596
            ],
            [
              106.4051127,
              9.5308397
            ],
            [
              107.2209286,
              10.364484
            ],
            [
              108.36613,
              11.0083206
            ],
            [
              109.2001359,
              11.6668592
            ],
            [
              109.3352698,
              13.4260283
            ],
            [
              108.8771066,
              15.2766906
            ],
            [
              108.2694951,
              16.0797423
            ],
            [
              107.3619536,
              16.6974566
            ],
            [
              106.4268168,
              18.004121
            ],
            [
              105.6620056,
              19.0581652
            ],
            [
              105.8816822,
              19.7520505
            ],
            [
              106.715068,
              20.6968507
            ],
            [
              108.0501803,
              21.5523799
            ],
            [
              107.04342,
              21.8118989
            ],
            [
              106.5672734,
              22.2182049
            ],
            [
              106.7254033,
              22.7942679
            ],
            [
              105.8112472,
              22.9768924
            ],
            [
              105.3292094,
              23.3520633
            ],
            [
              104.4768584,
              22.8191501
            ],
            [
              103.5045146,
              22.7037566
            ],
            [
              102.7069922,
              22.7087951
            ],
            [
              102.1704358,
              22.4647531
            ],
            [
              102.7548963,
              21.6751372
            ],
            [
              103.2038611,
              20.7665622
            ],
            [
              104.4350004,
              20.7587332
            ],
            [
              104.8225737,
              19.8866418
            ],
            [
              104.1833879,
              19.6246681
            ],
            [
              103.896532,
              19.265181
            ],
            [
              105.0945984,
              18.6669746
            ],
            [
              105.9257622,
              17.4853155
            ],
            [
              106.5560079,
              16.604284
            ],
            [
              107.3127059,
              15.9085383
            ],
            [
              107.5645252,
              15.2021732
            ],
            [
              107.3827275,
              14.2024409
            ],
            [
              107.614548,
              13.5355307
            ],
            [
              107.491403,
              12.3372059
            ],
            [
              105.8105237,
              11.5676147
            ],
            [
              106.24967,
              10.9618118
            ],
            [
              105.199915,
              10.8893098
            ],
            [
              104.3343348,
              10.4865437
            ]
          ]
        ]
      }
    }
  ]
}