{
  "type": "FeatureCollection",
  "features": [
    {
      "type": "Feature",
      "geometry": {
        "type": "MultiPolygon",
        "coordinates": [
          [
            [
              [
                166.793158,
                -15.6688107
              ],
              [
                167.0012073,
                -15.6146021
              ],
              [
                167.2700281,
                -15.7400208
              ],
              [
                167.1077124,
                -14.9339202
              ],
              [
                166.629137,
                -14.6264971
              ],
              [
                166.6498592,
                -15.3927035
              ],
              [
                166.793158,
                -15.6688107
              ]
            ]
          ],
          [
            [
              [
                167.2168014,
                -15.8918462
              ],
              [
                167.1800078,
                -16.1599952
              ],
              [
                167.5151811,
                -16.5978496
              ],
              [
                167.8448767,
                -16.4663331
              ],
              [
                167.2168014,
                -15.8918462
              ]
            ]
          ]
        ]
      }
    }
  ]
}