{
  "type": "FeatureCollection",
  "name": "WS",
  "features": [
    {
      "type": "Feature",
      "geometry": {
        "type": "MultiPolygon",
        "coordinates": [
          [
            [
              [
                -172.2010391919999,
                -13.592543226999908
              ],
              [
                -172.19758053299992,
                -13.603122653999947
              ],
              [
                -172.1956680979999,
                -13.613864841999941
              ],
              [
                -172.19489498599992,
                -13.636895440999922
              ],
              [
                -172.19025631399992,
                -13.65601978999996
              ],
              [
                -172.18138587099992,
                -13.66765715899993
              ],
              [
                -172.1756485669999,
                -13.680271091999941
              ],
              [
                -172.1806127589999,
                -13.70240650799991
              ],
              [
                -172.19066321499992,
                -13.717950127999927
              ],
              [
                -172.2021378249999,
                -13.73015715899993
              ],
              [
                -172.21149654899992,
                -13.744561455999929
              ],
              [
                -172.21532141799992,
                -13.76767343499995
              ],
              [
                -172.21235104099992,
                -13.790622653999947
              ],
              [
                -172.21296139199993,
                -13.800957940999922
              ],
              [
                -172.21906490799992,
                -13.805352471999925
              ],
              [
                -172.2427872389999,
                -13.805108330999929
              ],
              [
                -172.25324459499993,
                -13.802911065999922
              ],
              [
                -172.26378333199992,
                -13.798028252999927
              ],
              [
                -172.2795304029999,
                -13.78484465899993
              ],
              [
                -172.2877091139999,
                -13.774997653999947
              ],
              [
                -172.29755611899992,
                -13.769789320999905
              ],
              [
                -172.31843014199993,
                -13.77125416499996
              ],
              [
                -172.3686417309999,
                -13.788995049999926
              ],
              [
                -172.52318274599992,
                -13.805352471999925
              ],
              [
                -172.53290768099993,
                -13.79859791499996
              ],
              [
                -172.54316158799992,
                -13.78525155999995
              ],
              [
                -172.5511368479999,
                -13.777520440999922
              ],
              [
                -172.5673721999999,
                -13.76881275799991
              ],
              [
                -172.5751440089999,
                -13.762790622999944
              ],
              [
                -172.5784805979999,
                -13.75400155999995
              ],
              [
                -172.58055579299992,
                -13.744805596999925
              ],
              [
                -172.58995520699992,
                -13.724786065999922
              ],
              [
                -172.59211178299992,
                -13.71266041499996
              ],
              [
                -172.59711666599992,
                -13.700616143999923
              ],
              [
                -172.60895748599992,
                -13.69304778399993
              ],
              [
                -172.6225479809999,
                -13.687758070999905
              ],
              [
                -172.6330460279999,
                -13.681898695999905
              ],
              [
                -172.6545304029999,
                -13.649183851999908
              ],
              [
                -172.6674698559999,
                -13.633884372999944
              ],
              [
                -172.6933487619999,
                -13.624118747999944
              ],
              [
                -172.7034805979999,
                -13.616631768999923
              ],
              [
                -172.7187393869999,
                -13.60279713299991
              ],
              [
                -172.72187252499992,
                -13.597832940999922
              ],
              [
                -172.7230118479999,
                -13.587334893999923
              ],
              [
                -172.7255753249999,
                -13.581963799999926
              ],
              [
                -172.73127193899992,
                -13.578871351999908
              ],
              [
                -172.7444962229999,
                -13.580010674999926
              ],
              [
                -172.74974524599992,
                -13.578301690999922
              ],
              [
                -172.76117916599992,
                -13.565036716999941
              ],
              [
                -172.7764786449999,
                -13.542087497999944
              ],
              [
                -172.7825821609999,
                -13.520277601999908
              ],
              [
                -172.7665502589999,
                -13.510511976999908
              ],
              [
                -172.73237057199992,
                -13.510511976999908
              ],
              [
                -172.69513912699992,
                -13.524183851999908
              ],
              [
                -172.66120357999992,
                -13.52516041499996
              ],
              [
                -172.63898678299992,
                -13.522067966999941
              ],
              [
                -172.61534583199992,
                -13.509372653999947
              ],
              [
                -172.60399329299992,
                -13.506442966999941
              ],
              [
                -172.58185787699992,
                -13.504489841999941
              ],
              [
                -172.56920325399992,
                -13.501397393999923
              ],
              [
                -172.54222571499992,
                -13.487888278999947
              ],
              [
                -172.5306290359999,
                -13.483982028999947
              ],
              [
                -172.45185299399992,
                -13.483982028999947
              ],
              [
                -172.43146725199992,
                -13.480889580999929
              ],
              [
                -172.38923092399992,
                -13.466973565999922
              ],
              [
                -172.3661596339999,
                -13.462823174999926
              ],
              [
                -172.34443111899992,
                -13.46298593499995
              ],
              [
                -172.32237708199992,
                -13.46689218499995
              ],
              [
                -172.3007706369999,
                -13.476495049999926
              ],
              [
                -172.28050696499992,
                -13.493584893999923
              ],
              [
                -172.22276770699992,
                -13.55836353999996
              ],
              [
                -172.22187252499992,
                -13.56259530999995
              ],
              [
                -172.2235815089999,
                -13.57390715899993
              ],
              [
                -172.22276770699992,
                -13.578301690999922
              ],
              [
                -172.2175186839999,
                -13.582777601999908
              ],
              [
                -172.2053116529999,
                -13.58766041499996
              ],
              [
                -172.2010391919999,
                -13.592543226999908
              ]
            ]
          ],
          [
            [
              [
                -171.56427975199992,
                -13.949395440999922
              ],
              [
                -171.51947994699992,
                -13.944756768999923
              ],
              [
                -171.4693497389999,
                -13.969414971999925
              ],
              [
                -171.43769283799992,
                -14.006117445999905
              ],
              [
                -171.4481908839999,
                -14.037530205999929
              ],
              [
                -171.4453018869999,
                -14.041436455999929
              ],
              [
                -171.44074459499993,
                -14.051853122999944
              ],
              [
                -171.4661759109999,
                -14.05282968499995
              ],
              [
                -171.53693600199992,
                -14.045668226999908
              ],
              [
                -171.5792130199999,
                -14.049493096999925
              ],
              [
                -171.59882564999992,
                -14.04778411299992
              ],
              [
                -171.6194962229999,
                -14.037530205999929
              ],
              [
                -171.63581295499992,
                -14.04615650799991
              ],
              [
                -171.65241451699993,
                -14.045179945999905
              ],
              [
                -171.68403072799993,
                -14.037530205999929
              ],
              [
                -171.7001440089999,
                -14.038995049999926
              ],
              [
                -171.74299068899992,
                -14.051853122999944
              ],
              [
                -171.7532852859999,
                -14.051527601999908
              ],
              [
                -171.76203365799992,
                -14.048760674999926
              ],
              [
                -171.76805579299992,
                -14.043226820999905
              ],
              [
                -171.77033443899992,
                -14.03484465899993
              ],
              [
                -171.7745255199999,
                -14.02629973799992
              ],
              [
                -171.78437252499992,
                -14.022230726999908
              ],
              [
                -171.80443274599992,
                -14.017754815999922
              ],
              [
                -171.82221432199992,
                -14.008477471999925
              ],
              [
                -171.83796139199993,
                -14.00318775799991
              ],
              [
                -171.85407467399992,
                -14.001885674999926
              ],
              [
                -171.8935033839999,
                -14.007012627999927
              ],
              [
                -171.9111221999999,
                -14.006442966999941
              ],
              [
                -171.92662512899992,
                -14.001153252999927
              ],
              [
                -171.94098873599992,
                -13.990411065999922
              ],
              [
                -171.9619034499999,
                -13.958103122999944
              ],
              [
                -171.97240149599992,
                -13.94622161299992
              ],
              [
                -171.98200436099992,
                -13.949395440999922
              ],
              [
                -171.98884029899992,
                -13.949395440999922
              ],
              [
                -172.00629635299993,
                -13.924981377999927
              ],
              [
                -172.01801510299993,
                -13.917901299999926
              ],
              [
                -172.04063880099991,
                -13.915215752999927
              ],
              [
                -172.06102454299992,
                -13.906182549999926
              ],
              [
                -172.06366939999992,
                -13.885023695999905
              ],
              [
                -172.0556127589999,
                -13.861911716999941
              ],
              [
                -172.0440567699999,
                -13.846368096999925
              ],
              [
                -171.9651993479999,
                -13.818536065999922
              ],
              [
                -171.88019771999993,
                -13.805352471999925
              ],
              [
                -171.83454342399992,
                -13.807386976999908
              ],
              [
                -171.79230709499993,
                -13.81650155999995
              ],
              [
                -171.65021725199992,
                -13.871270440999922
              ],
              [
                -171.6069229809999,
                -13.876153252999927
              ],
              [
                -171.58515377499992,
                -13.883884372999944
              ],
              [
                -171.56757564999992,
                -13.896742445999905
              ],
              [
                -171.55744381399992,
                -13.915215752999927
              ],
              [
                -171.55907141799992,
                -13.925388278999947
              ],
              [
                -171.56574459499993,
                -13.93141041499996
              ],
              [
                -171.57001705599993,
                -13.938164971999925
              ],
              [
                -171.56427975199992,
                -13.949395440999922
              ]
            ]
          ]
        ]
      }
    }
  ]
}