{
  "type": "FeatureCollection",
  "features": [
    {
      "type": "Feature",
      "geometry": {
        "type": "Polygon",
        "coordinates": [
          [
            [
              52.0000098,
              19.0000034
            ],
            [
              49.1166716,
              18.6166676
            ],
            [
              48.1833435,
              18.1666692
            ],
            [
              47.4666948,
              17.1166816
            ],
            [
              47.0000049,
              16.9499993
            ],
            [
              46.7499943,
              17.2833381
            ],
            [
              46.3666586,
              17.2333153
            ],
            [
              45.3999992,
              17.3333351
            ],
            [
              45.2166512,
              17.433329
            ],
            [
              44.0626132,
              17.4103588
            ],
            [
              43.7915186,
              17.3199767
            ],
            [
              43.3807943,
              17.5799867
            ],
            [
              43.1157976,
              17.0884405
            ],
            [
              43.2183753,
              16.66689
            ],
            [
              42.7793323,
              16.3478913
            ],
            [
              42.8236707,
              15.9117423
            ],
            [
              42.7024378,
              15.7188858
            ],
            [
              42.8050155,
              15.2619628
            ],
            [
              42.6048727,
              15.2133353
            ],
            [
              42.8922453,
              14.8022493
            ],
            [
              43.087944,
              14.0626303
            ],
            [
              43.2514482,
              13.7675837
            ],
            [
              43.2228711,
              13.2209504
            ],
            [
              43.4829586,
              12.6368
            ],
            [
              44.1751127,
              12.5859504
            ],
            [
              44.4945765,
              12.7216527
            ],
            [
              44.9895333,
              12.6995869
            ],
            [
              45.1443559,
              12.9539383
            ],
            [
              45.4064588,
              13.0269054
            ],
            [
              45.6250501,
              13.2909462
            ],
            [
              45.8775928,
              13.3477644
            ],
            [
              46.7170765,
              13.3996992
            ],
            [
              47.3544536,
              13.5922198
            ],
            [
              47.938914,
              14.0072332
            ],
            [
              48.2389474,
              13.9480895
            ],
            [
              48.6792306,
              14.0032024
            ],
            [
              49.5745765,
              14.7087666
            ],
            [
              51.1725151,
              15.1752497
            ],
            [
              52.1681649,
              15.5974204
            ],
            [
              52.1917294,
              15.9384331
            ],
            [
              52.3852059,
              16.3824112
            ],
            [
              53.1085726,
              16.6510511
            ],
            [
              52.7821843,
              17.3497423
            ],
            [
              52.0000098,
              19.0000034
            ]
          ]
        ]
      }
    }
  ]
}