{
  "type": "FeatureCollection",
  "features": [
    {
      "type": "Feature",
      "geometry": {
        "type": "Polygon",
        "coordinates": [
          [
            [
              16.3449768,
              -28.576705
            ],
            [
              17.0629175,
              -29.8759539
            ],
            [
              17.0644161,
              -29.878641
            ],
            [
              17.5669178,
              -30.7257211
            ],
            [
              18.2217615,
              -31.661633
            ],
            [
              18.2479098,
              -32.4291314
            ],
            [
              17.9251905,
              -32.6112908
            ],
            [
              18.2500802,
              -33.2814308
            ],
            [
              18.2444991,
              -33.8677516
            ],
            [
              18.3774109,
              -34.1365207
            ],
            [
              18.4246432,
              -33.9978728
            ],
            [
              18.8553146,
              -34.4443055
            ],
            [
              19.1932784,
              -34.462599
            ],
            [
              19.6164051,
              -34.8191664
            ],
            [
              20.071261,
              -34.7951368
            ],
            [
              20.6890528,
              -34.4171754
            ],
            [
              21.5427991,
              -34.2588388
            ],
            [
              22.5741573,
              -33.8640825
            ],
            [
              22.9881889,
              -33.9164308
            ],
            [
              23.5940434,
              -33.7944744
            ],
            [
              24.6778532,
              -33.9871758
            ],
            [
              25.1728618,
              -33.7968515
            ],
            [
              25.7806283,
              -33.9446461
            ],
            [
              25.9096643,
              -33.6670403
            ],
            [
              26.4194523,
              -33.6149505
            ],
            [
              27.4646082,
              -33.2269638
            ],
            [
              28.2197559,
              -32.7719528
            ],
            [
              28.9255526,
              -32.1720411
            ],
            [
              30.0557162,
              -31.1402695
            ],
            [
              30.6228133,
              -30.4237757
            ],
            [
              30.9017627,
              -29.909957
            ],
            [
              31.3255612,
              -29.4019776
            ],
            [
              31.5210014,
              -29.257387
            ],
            [
              32.2033887,
              -28.7524049
            ],
            [
              32.4621326,
              -28.3010112
            ],
            [
              32.5802649,
              -27.4701576
            ],
            [
              32.8301205,
              -26.7421917
            ],
            [
              32.0716655,
              -26.7338201
            ],
            [
              31.8680603,
              -27.1779273
            ],
            [
              31.2827731,
              -27.2858794
            ],
            [
              30.6859619,
              -26.7438453
            ],
            [
              30.6766085,
              -26.3980783
            ],
            [
              30.9496668,
              -26.022649
            ],
            [
              31.0440796,
              -25.7314523
            ],
            [
              31.3331576,
              -25.6601905
            ],
            [
              31.8377779,
              -25.8433318
            ],
            [
              31.7524085,
              -25.4842839
            ],
            [
              31.9305888,
              -24.3694166
            ],
            [
              31.670398,
              -23.658969
            ],
            [
              31.1914091,
              -22.2515097
            ],
            [
              30.6598654,
              -22.1515675
            ],
            [
              30.3228833,
              -22.2716118
            ],
            [
              29.8390369,
              -22.1022165
            ],
            [
              29.4321883,
              -22.0913128
            ],
            [
              28.017236,
              -22.8277536
            ],
            [
              27.1194096,
              -23.574323
            ],
            [
              26.7864067,
              -24.2406906
            ],
            [
              26.4857532,
              -24.6163266
            ],
            [
              25.9416521,
              -24.6963734
            ],
            [
              25.7658488,
              -25.1748455
            ],
            [
              25.6646664,
              -25.4868161
            ],
            [
              25.0251705,
              -25.7196701
            ],
            [
              24.2112667,
              -25.6702158
            ],
            [
              23.7335698,
              -25.3901295
            ],
            [
              23.3120968,
              -25.2686899
            ],
            [
              22.8242713,
              -25.5004587
            ],
            [
              22.5795317,
              -25.9794475
            ],
            [
              22.1059689,
              -26.280256
            ],
            [
              21.605896,
              -26.7265337
            ],
            [
              20.889609,
              -26.828543
            ],
            [
              20.6664702,
              -26.4774533
            ],
            [
              20.7586092,
              -25.8681365
            ],
            [
              20.1657255,
              -24.9179619
            ],
            [
              19.8957679,
              -24.7677902
            ],
            [
              19.8947343,
              -28.4611048
            ],
            [
              19.0021273,
              -28.9724431
            ],
            [
              18.4648991,
              -29.0454619
            ],
            [
              17.836152,
              -28.8563779
            ],
            [
              17.3874972,
              -28.7835141
            ],
            [
              17.2189287,
              -28.3559433
            ],
            [
              16.8240174,
              -28.0821616
            ],
            [
              16.3449768,
              -28.576705
            ]
          ],
          [
            [
              28.9782626,
              -28.9555966
            ],
            [
              29.3251665,
              -29.257387
            ],
            [
              29.0184152,
              -29.7437656
            ],
            [
              28.8483997,
              -30.0700506
            ],
            [
              28.2910694,
              -30.2262167
            ],
            [
              28.1072046,
              -30.5457321
            ],
            [
              27.749397,
              -30.6451059
            ],
            [
              26.9992619,
              -29.8759539
            ],
            [
              27.532511,
              -29.2427109
            ],
            [
              28.0743384,
              -28.8514686
            ],
            [
              28.5417001,
              -28.6475017
            ],
            [
              28.9782626,
              -28.9555966
            ]
          ]
        ]
      }
    }
  ]
}