{
  "type": "FeatureCollection",
  "features": [
    {
      "type": "Feature",
      "geometry": {
        "type": "Polygon",
        "coordinates": [
          [
            [
              31.1072583,
              -8.5638081
            ],
            [
              31.189032,
              -8.7299061
            ],
            [
              31.0221171,
              -8.7865435
            ],
            [
              30.8060063,
              -8.5783391
            ],
            [
              30.4644251,
              -8.498189
            ],
            [
              30.5217742,
              -8.2836363
            ],
            [
              30.3460861,
              -8.2382565
            ],
            [
              29.0029122,
              -8.4070318
            ],
            [
              28.7348666,
              -8.5265593
            ],
            [
              28.449871,
              -9.1649183
            ],
            [
              28.6736817,
              -9.605925
            ],
            [
              28.4960698,
              -10.7898837
            ],
            [
              28.372253,
              -11.7936467
            ],
            [
              28.6424174,
              -11.9715687
            ],
            [
              29.3415479,
              -12.3607439
            ],
            [
              29.6160014,
              -12.1788945
            ],
            [
              29.6996139,
              -13.2572267
            ],
            [
              28.9342859,
              -13.2489584
            ],
            [
              28.5235616,
              -12.6986044
            ],
            [
              28.1551087,
              -12.2724806
            ],
            [
              27.3887989,
              -12.1327475
            ],
            [
              27.1644198,
              -11.6087485
            ],
            [
              26.5530876,
              -11.9244398
            ],
            [
              25.7523096,
              -11.7849651
            ],
            [
              25.4181181,
              -11.330936
            ],
            [
              24.7831698,
              -11.2386935
            ],
            [
              24.3145162,
              -11.2628264
            ],
            [
              24.2571554,
              -10.9519927
            ],
            [
              23.9122152,
              -10.9268263
            ],
            [
              24.0178935,
              -11.2372983
            ],
            [
              23.9041537,
              -11.7222816
            ],
            [
              24.0799052,
              -12.1912969
            ],
            [
              23.9309221,
              -12.5658477
            ],
            [
              24.0161365,
              -12.9110462
            ],
            [
              21.9338863,
              -12.8984372
            ],
            [
              21.8878426,
              -16.0803102
            ],
            [
              22.5624785,
              -16.8984514
            ],
            [
              23.2150485,
              -17.5231161
            ],
            [
              24.0338615,
              -17.2958432
            ],
            [
              24.6823491,
              -17.3534107
            ],
            [
              25.0769503,
              -17.5788233
            ],
            [
              25.0844434,
              -17.6618157
            ],
            [
              25.2642257,
              -17.7365398
            ],
            [
              26.3819353,
              -17.8460422
            ],
            [
              26.7067733,
              -17.9612289
            ],
            [
              27.0444271,
              -17.9380262
            ],
            [
              27.5982434,
              -17.2908306
            ],
            [
              28.4679061,
              -16.4684002
            ],
            [
              28.8258688,
              -16.3897486
            ],
            [
              28.9474634,
              -16.0430514
            ],
            [
              29.5168343,
              -15.6446778
            ],
            [
              30.2742558,
              -15.507787
            ],
            [
              30.1794812,
              -14.7960991
            ],
            [
              33.2140247,
              -13.97186
            ],
            [
              32.6881653,
              -13.7128578
            ],
            [
              32.9917644,
              -12.7838705
            ],
            [
              33.3064222,
              -12.4357781
            ],
            [
              33.1142892,
              -11.6071982
            ],
            [
              33.3153105,
              -10.79655
            ],
            [
              33.4856877,
              -10.5255588
            ],
            [
              33.231388,
              -9.6767217
            ],
            [
              32.7593754,
              -9.2305991
            ],
            [
              32.1918649,
              -8.930359
            ],
            [
              31.5563481,
              -8.7620488
            ],
            [
              31.1577513,
              -8.5945787
            ],
            [
              31.1072583,
              -8.5638081
            ]
          ]
        ]
      }
    }
  ]
}