{
  "type": "FeatureCollection",
  "features": [
    {
      "type": "Feature",
      "geometry": {
        "type": "Polygon",
        "coordinates": [
          [
            [
              31.1914091,
              -22.2515097
            ],
            [
              32.2449882,
              -21.1164885
            ],
            [
              32.5086931,
              -20.3952923
            ],
            [
              32.6597433,
              -20.3042901
            ],
            [
              32.772708,
              -19.7155921
            ],
            [
              32.6119943,
              -19.4193828
            ],
            [
              32.6548857,
              -18.6720899
            ],
            [
              32.8498609,
              -17.9790573
            ],
            [
              32.8476388,
              -16.7133981
            ],
            [
              32.328239,
              -16.3920741
            ],
            [
              31.8520406,
              -16.319417
            ],
            [
              31.6364982,
              -16.0719902
            ],
            [
              31.173064,
              -15.8609437
            ],
            [
              30.3389547,
              -15.8808391
            ],
            [
              30.2742558,
              -15.507787
            ],
            [
              29.5168343,
              -15.6446778
            ],
            [
              28.9474634,
              -16.0430514
            ],
            [
              28.8258688,
              -16.3897486
            ],
            [
              28.4679061,
              -16.4684002
            ],
            [
              27.5982434,
              -17.2908306
            ],
            [
              27.0444271,
              -17.9380262
            ],
            [
              26.7067733,
              -17.9612289
            ],
            [
              26.3819353,
              -17.8460422
            ],
            [
              25.2642257,
              -17.7365398
            ],
            [
              25.6491634,
              -18.5360259
            ],
            [
              25.8503915,
              -18.7144129
            ],
            [
              26.1647909,
              -19.2930856
            ],
            [
              27.2965048,
              -20.3915199
            ],
            [
              27.7247473,
              -20.4990585
            ],
            [
              27.7272278,
              -20.8518019
            ],
            [
              28.0213701,
              -21.485975
            ],
            [
              28.7946562,
              -21.639454
            ],
            [
              29.4321883,
              -22.0913128
            ],
            [
              29.8390369,
              -22.1022165
            ],
            [
              30.3228833,
              -22.2716118
            ],
            [
              30.6598654,
              -22.1515675
            ],
            [
              31.1914091,
              -22.2515097
            ]
          ]
        ]
      }
    }
  ]
}